-- MySQL dump 10.17  Distrib 10.3.15-MariaDB, for debian-linux-gnu (x86_64)
--
-- Host: localhost    Database: survey
-- ------------------------------------------------------
-- Server version	10.3.15-MariaDB-1:10.3.15+maria~bionic

/*!40101 SET @OLD_CHARACTER_SET_CLIENT=@@CHARACTER_SET_CLIENT */;
/*!40101 SET @OLD_CHARACTER_SET_RESULTS=@@CHARACTER_SET_RESULTS */;
/*!40101 SET @OLD_COLLATION_CONNECTION=@@COLLATION_CONNECTION */;
/*!40101 SET NAMES utf8mb4 */;
/*!40103 SET @OLD_TIME_ZONE=@@TIME_ZONE */;
/*!40103 SET TIME_ZONE='+00:00' */;
/*!40014 SET @OLD_UNIQUE_CHECKS=@@UNIQUE_CHECKS, UNIQUE_CHECKS=0 */;
/*!40014 SET @OLD_FOREIGN_KEY_CHECKS=@@FOREIGN_KEY_CHECKS, FOREIGN_KEY_CHECKS=0 */;
/*!40101 SET @OLD_SQL_MODE=@@SQL_MODE, SQL_MODE='NO_AUTO_VALUE_ON_ZERO' */;
/*!40111 SET @OLD_SQL_NOTES=@@SQL_NOTES, SQL_NOTES=0 */;

--
-- Table structure for table `auth_group`
--

DROP TABLE IF EXISTS `auth_group`;
/*!40101 SET @saved_cs_client     = @@character_set_client */;
/*!40101 SET character_set_client = utf8 */;
CREATE TABLE `auth_group` (
  `id` int(11) NOT NULL AUTO_INCREMENT,
  `name` varchar(150) NOT NULL,
  PRIMARY KEY (`id`),
  UNIQUE KEY `name` (`name`)
) ENGINE=InnoDB DEFAULT CHARSET=latin1;
/*!40101 SET character_set_client = @saved_cs_client */;

--
-- Dumping data for table `auth_group`
--

LOCK TABLES `auth_group` WRITE;
/*!40000 ALTER TABLE `auth_group` DISABLE KEYS */;
/*!40000 ALTER TABLE `auth_group` ENABLE KEYS */;
UNLOCK TABLES;

--
-- Table structure for table `auth_group_permissions`
--

DROP TABLE IF EXISTS `auth_group_permissions`;
/*!40101 SET @saved_cs_client     = @@character_set_client */;
/*!40101 SET character_set_client = utf8 */;
CREATE TABLE `auth_group_permissions` (
  `id` int(11) NOT NULL AUTO_INCREMENT,
  `group_id` int(11) NOT NULL,
  `permission_id` int(11) NOT NULL,
  PRIMARY KEY (`id`),
  UNIQUE KEY `auth_group_permissions_group_id_permission_id_0cd325b0_uniq` (`group_id`,`permission_id`),
  KEY `auth_group_permissio_permission_id_84c5c92e_fk_auth_perm` (`permission_id`),
  CONSTRAINT `auth_group_permissio_permission_id_84c5c92e_fk_auth_perm` FOREIGN KEY (`permission_id`) REFERENCES `auth_permission` (`id`),
  CONSTRAINT `auth_group_permissions_group_id_b120cbf9_fk_auth_group_id` FOREIGN KEY (`group_id`) REFERENCES `auth_group` (`id`)
) ENGINE=InnoDB DEFAULT CHARSET=latin1;
/*!40101 SET character_set_client = @saved_cs_client */;

--
-- Dumping data for table `auth_group_permissions`
--

LOCK TABLES `auth_group_permissions` WRITE;
/*!40000 ALTER TABLE `auth_group_permissions` DISABLE KEYS */;
/*!40000 ALTER TABLE `auth_group_permissions` ENABLE KEYS */;
UNLOCK TABLES;

--
-- Table structure for table `auth_permission`
--

DROP TABLE IF EXISTS `auth_permission`;
/*!40101 SET @saved_cs_client     = @@character_set_client */;
/*!40101 SET character_set_client = utf8 */;
CREATE TABLE `auth_permission` (
  `id` int(11) NOT NULL AUTO_INCREMENT,
  `name` varchar(255) NOT NULL,
  `content_type_id` int(11) NOT NULL,
  `codename` varchar(100) NOT NULL,
  PRIMARY KEY (`id`),
  UNIQUE KEY `auth_permission_content_type_id_codename_01ab375a_uniq` (`content_type_id`,`codename`),
  CONSTRAINT `auth_permission_content_type_id_2f476e4b_fk_django_co` FOREIGN KEY (`content_type_id`) REFERENCES `django_content_type` (`id`)
) ENGINE=InnoDB AUTO_INCREMENT=49 DEFAULT CHARSET=latin1;
/*!40101 SET character_set_client = @saved_cs_client */;

--
-- Dumping data for table `auth_permission`
--

LOCK TABLES `auth_permission` WRITE;
/*!40000 ALTER TABLE `auth_permission` DISABLE KEYS */;
INSERT INTO `auth_permission` VALUES (1,'Can add log entry',1,'add_logentry'),(2,'Can change log entry',1,'change_logentry'),(3,'Can delete log entry',1,'delete_logentry'),(4,'Can view log entry',1,'view_logentry'),(5,'Can add permission',2,'add_permission'),(6,'Can change permission',2,'change_permission'),(7,'Can delete permission',2,'delete_permission'),(8,'Can view permission',2,'view_permission'),(9,'Can add group',3,'add_group'),(10,'Can change group',3,'change_group'),(11,'Can delete group',3,'delete_group'),(12,'Can view group',3,'view_group'),(13,'Can add user',4,'add_user'),(14,'Can change user',4,'change_user'),(15,'Can delete user',4,'delete_user'),(16,'Can view user',4,'view_user'),(17,'Can add content type',5,'add_contenttype'),(18,'Can change content type',5,'change_contenttype'),(19,'Can delete content type',5,'delete_contenttype'),(20,'Can view content type',5,'view_contenttype'),(21,'Can add session',6,'add_session'),(22,'Can change session',6,'change_session'),(23,'Can delete session',6,'delete_session'),(24,'Can view session',6,'view_session'),(25,'Can add import file',7,'add_importfile'),(26,'Can change import file',7,'change_importfile'),(27,'Can delete import file',7,'delete_importfile'),(28,'Can view import file',7,'view_importfile'),(29,'Can add question',8,'add_question'),(30,'Can change question',8,'change_question'),(31,'Can delete question',8,'delete_question'),(32,'Can view question',8,'view_question'),(33,'Can add survey',9,'add_survey'),(34,'Can change survey',9,'change_survey'),(35,'Can delete survey',9,'delete_survey'),(36,'Can view survey',9,'view_survey'),(37,'Can add student',10,'add_student'),(38,'Can change student',10,'change_student'),(39,'Can delete student',10,'delete_student'),(40,'Can view student',10,'view_student'),(41,'Can add answer',11,'add_answer'),(42,'Can change answer',11,'change_answer'),(43,'Can delete answer',11,'delete_answer'),(44,'Can view answer',11,'view_answer'),(45,'Can add course',12,'add_course'),(46,'Can change course',12,'change_course'),(47,'Can delete course',12,'delete_course'),(48,'Can view course',12,'view_course');
/*!40000 ALTER TABLE `auth_permission` ENABLE KEYS */;
UNLOCK TABLES;

--
-- Table structure for table `auth_user`
--

DROP TABLE IF EXISTS `auth_user`;
/*!40101 SET @saved_cs_client     = @@character_set_client */;
/*!40101 SET character_set_client = utf8 */;
CREATE TABLE `auth_user` (
  `id` int(11) NOT NULL AUTO_INCREMENT,
  `password` varchar(128) NOT NULL,
  `last_login` datetime(6) DEFAULT NULL,
  `is_superuser` tinyint(1) NOT NULL,
  `username` varchar(150) NOT NULL,
  `first_name` varchar(30) NOT NULL,
  `last_name` varchar(150) NOT NULL,
  `email` varchar(254) NOT NULL,
  `is_staff` tinyint(1) NOT NULL,
  `is_active` tinyint(1) NOT NULL,
  `date_joined` datetime(6) NOT NULL,
  PRIMARY KEY (`id`),
  UNIQUE KEY `username` (`username`)
) ENGINE=InnoDB DEFAULT CHARSET=latin1;
/*!40101 SET character_set_client = @saved_cs_client */;

--
-- Dumping data for table `auth_user`
--

LOCK TABLES `auth_user` WRITE;
/*!40000 ALTER TABLE `auth_user` DISABLE KEYS */;
/*!40000 ALTER TABLE `auth_user` ENABLE KEYS */;
UNLOCK TABLES;

--
-- Table structure for table `auth_user_groups`
--

DROP TABLE IF EXISTS `auth_user_groups`;
/*!40101 SET @saved_cs_client     = @@character_set_client */;
/*!40101 SET character_set_client = utf8 */;
CREATE TABLE `auth_user_groups` (
  `id` int(11) NOT NULL AUTO_INCREMENT,
  `user_id` int(11) NOT NULL,
  `group_id` int(11) NOT NULL,
  PRIMARY KEY (`id`),
  UNIQUE KEY `auth_user_groups_user_id_group_id_94350c0c_uniq` (`user_id`,`group_id`),
  KEY `auth_user_groups_group_id_97559544_fk_auth_group_id` (`group_id`),
  CONSTRAINT `auth_user_groups_group_id_97559544_fk_auth_group_id` FOREIGN KEY (`group_id`) REFERENCES `auth_group` (`id`),
  CONSTRAINT `auth_user_groups_user_id_6a12ed8b_fk_auth_user_id` FOREIGN KEY (`user_id`) REFERENCES `auth_user` (`id`)
) ENGINE=InnoDB DEFAULT CHARSET=latin1;
/*!40101 SET character_set_client = @saved_cs_client */;

--
-- Dumping data for table `auth_user_groups`
--

LOCK TABLES `auth_user_groups` WRITE;
/*!40000 ALTER TABLE `auth_user_groups` DISABLE KEYS */;
/*!40000 ALTER TABLE `auth_user_groups` ENABLE KEYS */;
UNLOCK TABLES;

--
-- Table structure for table `auth_user_user_permissions`
--

DROP TABLE IF EXISTS `auth_user_user_permissions`;
/*!40101 SET @saved_cs_client     = @@character_set_client */;
/*!40101 SET character_set_client = utf8 */;
CREATE TABLE `auth_user_user_permissions` (
  `id` int(11) NOT NULL AUTO_INCREMENT,
  `user_id` int(11) NOT NULL,
  `permission_id` int(11) NOT NULL,
  PRIMARY KEY (`id`),
  UNIQUE KEY `auth_user_user_permissions_user_id_permission_id_14a6b632_uniq` (`user_id`,`permission_id`),
  KEY `auth_user_user_permi_permission_id_1fbb5f2c_fk_auth_perm` (`permission_id`),
  CONSTRAINT `auth_user_user_permi_permission_id_1fbb5f2c_fk_auth_perm` FOREIGN KEY (`permission_id`) REFERENCES `auth_permission` (`id`),
  CONSTRAINT `auth_user_user_permissions_user_id_a95ead1b_fk_auth_user_id` FOREIGN KEY (`user_id`) REFERENCES `auth_user` (`id`)
) ENGINE=InnoDB DEFAULT CHARSET=latin1;
/*!40101 SET character_set_client = @saved_cs_client */;

--
-- Dumping data for table `auth_user_user_permissions`
--

LOCK TABLES `auth_user_user_permissions` WRITE;
/*!40000 ALTER TABLE `auth_user_user_permissions` DISABLE KEYS */;
/*!40000 ALTER TABLE `auth_user_user_permissions` ENABLE KEYS */;
UNLOCK TABLES;

--
-- Table structure for table `django_admin_log`
--

DROP TABLE IF EXISTS `django_admin_log`;
/*!40101 SET @saved_cs_client     = @@character_set_client */;
/*!40101 SET character_set_client = utf8 */;
CREATE TABLE `django_admin_log` (
  `id` int(11) NOT NULL AUTO_INCREMENT,
  `action_time` datetime(6) NOT NULL,
  `object_id` longtext DEFAULT NULL,
  `object_repr` varchar(200) NOT NULL,
  `action_flag` smallint(5) unsigned NOT NULL,
  `change_message` longtext NOT NULL,
  `content_type_id` int(11) DEFAULT NULL,
  `user_id` int(11) NOT NULL,
  PRIMARY KEY (`id`),
  KEY `django_admin_log_content_type_id_c4bce8eb_fk_django_co` (`content_type_id`),
  KEY `django_admin_log_user_id_c564eba6_fk_auth_user_id` (`user_id`),
  CONSTRAINT `django_admin_log_content_type_id_c4bce8eb_fk_django_co` FOREIGN KEY (`content_type_id`) REFERENCES `django_content_type` (`id`),
  CONSTRAINT `django_admin_log_user_id_c564eba6_fk_auth_user_id` FOREIGN KEY (`user_id`) REFERENCES `auth_user` (`id`)
) ENGINE=InnoDB DEFAULT CHARSET=latin1;
/*!40101 SET character_set_client = @saved_cs_client */;

--
-- Dumping data for table `django_admin_log`
--

LOCK TABLES `django_admin_log` WRITE;
/*!40000 ALTER TABLE `django_admin_log` DISABLE KEYS */;
/*!40000 ALTER TABLE `django_admin_log` ENABLE KEYS */;
UNLOCK TABLES;

--
-- Table structure for table `django_content_type`
--

DROP TABLE IF EXISTS `django_content_type`;
/*!40101 SET @saved_cs_client     = @@character_set_client */;
/*!40101 SET character_set_client = utf8 */;
CREATE TABLE `django_content_type` (
  `id` int(11) NOT NULL AUTO_INCREMENT,
  `app_label` varchar(100) NOT NULL,
  `model` varchar(100) NOT NULL,
  PRIMARY KEY (`id`),
  UNIQUE KEY `django_content_type_app_label_model_76bd3d3b_uniq` (`app_label`,`model`)
) ENGINE=InnoDB AUTO_INCREMENT=13 DEFAULT CHARSET=latin1;
/*!40101 SET character_set_client = @saved_cs_client */;

--
-- Dumping data for table `django_content_type`
--

LOCK TABLES `django_content_type` WRITE;
/*!40000 ALTER TABLE `django_content_type` DISABLE KEYS */;
INSERT INTO `django_content_type` VALUES (1,'admin','logentry'),(3,'auth','group'),(2,'auth','permission'),(4,'auth','user'),(5,'contenttypes','contenttype'),(6,'sessions','session'),(11,'teacher','answer'),(12,'teacher','course'),(7,'teacher','importfile'),(8,'teacher','question'),(10,'teacher','student'),(9,'teacher','survey');
/*!40000 ALTER TABLE `django_content_type` ENABLE KEYS */;
UNLOCK TABLES;

--
-- Table structure for table `django_migrations`
--

DROP TABLE IF EXISTS `django_migrations`;
/*!40101 SET @saved_cs_client     = @@character_set_client */;
/*!40101 SET character_set_client = utf8 */;
CREATE TABLE `django_migrations` (
  `id` int(11) NOT NULL AUTO_INCREMENT,
  `app` varchar(255) NOT NULL,
  `name` varchar(255) NOT NULL,
  `applied` datetime(6) NOT NULL,
  PRIMARY KEY (`id`)
) ENGINE=InnoDB AUTO_INCREMENT=26 DEFAULT CHARSET=latin1;
/*!40101 SET character_set_client = @saved_cs_client */;

--
-- Dumping data for table `django_migrations`
--

LOCK TABLES `django_migrations` WRITE;
/*!40000 ALTER TABLE `django_migrations` DISABLE KEYS */;
INSERT INTO `django_migrations` VALUES (1,'contenttypes','0001_initial','2019-05-21 06:58:19.273161'),(2,'auth','0001_initial','2019-05-21 06:58:22.785639'),(3,'admin','0001_initial','2019-05-21 06:58:33.130756'),(4,'admin','0002_logentry_remove_auto_add','2019-05-21 06:58:36.718621'),(5,'admin','0003_logentry_add_action_flag_choices','2019-05-21 06:58:36.773513'),(6,'contenttypes','0002_remove_content_type_name','2019-05-21 06:58:42.482013'),(7,'auth','0002_alter_permission_name_max_length','2019-05-21 06:58:42.638542'),(8,'auth','0003_alter_user_email_max_length','2019-05-21 06:58:42.749391'),(9,'auth','0004_alter_user_username_opts','2019-05-21 06:58:42.807888'),(10,'auth','0005_alter_user_last_login_null','2019-05-21 06:58:44.206941'),(11,'auth','0006_require_contenttypes_0002','2019-05-21 06:58:44.330424'),(12,'auth','0007_alter_validators_add_error_messages','2019-05-21 06:58:44.397148'),(13,'auth','0008_alter_user_username_max_length','2019-05-21 06:58:44.514858'),(14,'auth','0009_alter_user_last_name_max_length','2019-05-21 06:58:44.632863'),(15,'auth','0010_alter_group_name_max_length','2019-05-21 06:58:44.739709'),(16,'auth','0011_update_proxy_permissions','2019-05-21 06:58:44.801415'),(17,'sessions','0001_initial','2019-05-21 06:58:45.196493'),(18,'teacher','0001_initial','2019-05-21 06:58:50.456320'),(19,'teacher','0002_auto_20190501_2222','2019-05-21 06:59:07.116344'),(20,'teacher','0003_auto_20190501_2259','2019-05-21 06:59:10.410314'),(21,'teacher','0004_auto_20190501_2302','2019-05-21 06:59:12.476702'),(22,'teacher','0005_auto_20190502_0008','2019-05-21 06:59:13.121291'),(23,'teacher','0006_remove_question_page','2019-05-21 06:59:21.141203'),(24,'teacher','0007_course','2019-05-21 07:17:06.823228'),(25,'teacher','0008_auto_20190516_2204','2019-05-21 07:17:07.021153');
/*!40000 ALTER TABLE `django_migrations` ENABLE KEYS */;
UNLOCK TABLES;

--
-- Table structure for table `django_session`
--

DROP TABLE IF EXISTS `django_session`;
/*!40101 SET @saved_cs_client     = @@character_set_client */;
/*!40101 SET character_set_client = utf8 */;
CREATE TABLE `django_session` (
  `session_key` varchar(40) NOT NULL,
  `session_data` longtext NOT NULL,
  `expire_date` datetime(6) NOT NULL,
  PRIMARY KEY (`session_key`),
  KEY `django_session_expire_date_a5c62663` (`expire_date`)
) ENGINE=InnoDB DEFAULT CHARSET=latin1;
/*!40101 SET character_set_client = @saved_cs_client */;

--
-- Dumping data for table `django_session`
--

LOCK TABLES `django_session` WRITE;
/*!40000 ALTER TABLE `django_session` DISABLE KEYS */;
/*!40000 ALTER TABLE `django_session` ENABLE KEYS */;
UNLOCK TABLES;

--
-- Table structure for table `teacher_answer`
--

DROP TABLE IF EXISTS `teacher_answer`;
/*!40101 SET @saved_cs_client     = @@character_set_client */;
/*!40101 SET character_set_client = utf8 */;
CREATE TABLE `teacher_answer` (
  `id` int(11) NOT NULL AUTO_INCREMENT,
  `answer` varchar(10) NOT NULL,
  `question_id` int(11) NOT NULL,
  `student_id` int(11) NOT NULL,
  `course_id` int(11) NOT NULL,
  PRIMARY KEY (`id`),
  KEY `teacher_answer_question_id_56e204d2_fk_teacher_question_id` (`question_id`),
  KEY `teacher_answer_student_id_37735737_fk_teacher_student_id` (`student_id`),
  KEY `teacher_answer_course_id_0491999c_fk_teacher_course_id` (`course_id`),
  CONSTRAINT `teacher_answer_course_id_0491999c_fk_teacher_course_id` FOREIGN KEY (`course_id`) REFERENCES `teacher_course` (`id`),
  CONSTRAINT `teacher_answer_question_id_56e204d2_fk_teacher_question_id` FOREIGN KEY (`question_id`) REFERENCES `teacher_question` (`id`),
  CONSTRAINT `teacher_answer_student_id_37735737_fk_teacher_student_id` FOREIGN KEY (`student_id`) REFERENCES `teacher_student` (`id`)
) ENGINE=InnoDB AUTO_INCREMENT=10731 DEFAULT CHARSET=latin1;
/*!40101 SET character_set_client = @saved_cs_client */;

--
-- Dumping data for table `teacher_answer`
--

LOCK TABLES `teacher_answer` WRITE;
/*!40000 ALTER TABLE `teacher_answer` DISABLE KEYS */;
INSERT INTO `teacher_answer` VALUES (1,'3',1,3,22),(2,'2',2,3,22),(3,'4',3,3,22),(4,'4',4,3,22),(5,'4',5,3,22),(6,'4',6,3,22),(7,'4',7,3,22),(8,'4',8,3,22),(9,'4',9,3,22),(10,'4',10,3,22),(11,'4',11,3,22),(12,'4',12,3,22),(13,'4',2,7,95),(14,'4',1,7,95),(15,'4',3,7,95),(16,'4',4,7,95),(17,'4',5,7,95),(18,'4',6,7,95),(19,'4',7,7,95),(20,'3',8,7,95),(21,'4',9,7,95),(22,'4',10,7,95),(23,'4',11,7,95),(24,'4',12,7,95),(25,'4',1,9,95),(26,'4',2,9,95),(27,'4',3,9,95),(28,'4',4,9,95),(29,'3',5,9,95),(30,'4',6,9,95),(31,'3',7,9,95),(32,'4',8,9,95),(33,'4',9,9,95),(34,'3',10,9,95),(35,'4',11,9,95),(36,'4',12,9,95),(37,'4',1,10,95),(38,'3',2,10,95),(39,'4',3,10,95),(40,'4',4,10,95),(41,'2',5,10,95),(42,'3',6,10,95),(43,'3',7,10,95),(44,'3',8,10,95),(45,'4',9,10,95),(46,'4',10,10,95),(47,'4',11,10,95),(48,'4',12,10,95),(49,'4',1,20,95),(50,'3',3,20,95),(51,'4',4,20,95),(52,'3',2,20,95),(53,'4',5,20,95),(54,'4',6,20,95),(55,'4',7,20,95),(56,'3',8,20,95),(57,'4',9,20,95),(58,'3',10,20,95),(59,'3',11,20,95),(60,'4',12,20,95),(61,'4',2,13,95),(62,'3',1,13,95),(63,'4',3,13,95),(64,'4',4,13,95),(65,'2',5,13,95),(66,'4',6,13,95),(67,'4',7,13,95),(68,'4',8,13,95),(69,'4',9,13,95),(70,'4',10,13,95),(71,'3',11,13,95),(72,'1',12,13,95),(73,'4',1,11,95),(74,'4',4,11,95),(75,'4',2,11,95),(76,'4',3,11,95),(77,'4',5,11,95),(78,'3',6,11,95),(79,'4',7,11,95),(80,'4',8,11,95),(81,'4',9,11,95),(82,'4',10,11,95),(83,'4',11,11,95),(84,'4',12,11,95),(85,'4',3,22,95),(86,'4',1,22,95),(87,'4',2,22,95),(88,'4',4,22,95),(89,'3',5,22,95),(90,'4',6,22,95),(91,'3',7,22,95),(92,'4',8,22,95),(93,'4',9,22,95),(94,'4',10,22,95),(95,'4',11,22,95),(96,'4',12,22,95),(97,'4',1,14,95),(98,'3',2,14,95),(99,'4',3,14,95),(100,'3',4,14,95),(101,'4',5,14,95),(102,'4',6,14,95),(103,'3',7,14,95),(104,'4',8,14,95),(105,'4',9,14,95),(106,'3',10,14,95),(107,'4',11,14,95),(108,'4',12,14,95),(109,'3',2,26,95),(110,'3',1,26,95),(111,'3',4,26,95),(112,'3',3,26,95),(113,'3',5,26,95),(114,'4',7,26,95),(115,'3',6,26,95),(116,'3',8,26,95),(117,'4',9,26,95),(118,'4',10,26,95),(119,'4',11,26,95),(120,'4',12,26,95),(121,'3',1,15,95),(122,'4',4,15,95),(123,'4',2,15,95),(124,'4',3,15,95),(125,'3',5,15,95),(126,'3',6,15,95),(127,'3',7,15,95),(128,'3',8,15,95),(129,'4',1,17,95),(130,'4',2,17,95),(131,'4',3,17,95),(132,'4',4,17,95),(133,'4',9,15,95),(134,'3',10,15,95),(135,'4',11,15,95),(136,'4',12,15,95),(137,'4',5,17,95),(138,'4',6,17,95),(139,'1',7,17,95),(140,'4',8,17,95),(141,'4',1,5,95),(142,'4',2,5,95),(143,'4',3,5,95),(144,'4',4,5,95),(145,'4',5,5,95),(146,'4',6,5,95),(147,'4',9,17,95),(148,'4',10,17,95),(149,'4',11,17,95),(150,'4',12,17,95),(151,'4',7,5,95),(152,'4',8,5,95),(153,'4',9,5,95),(154,'4',10,5,95),(155,'4',11,5,95),(156,'4',12,5,95),(157,'4',1,12,95),(158,'3',2,12,95),(159,'4',3,12,95),(160,'3',4,12,95),(161,'4',5,12,95),(162,'3',6,12,95),(163,'4',7,12,95),(164,'3',8,12,95),(165,'4',9,12,95),(166,'4',10,12,95),(167,'4',11,12,95),(168,'4',12,12,95),(169,'4',1,8,95),(170,'4',2,8,95),(171,'4',4,8,95),(172,'4',3,8,95),(173,'4',1,6,95),(174,'4',2,6,95),(175,'4',3,6,95),(176,'4',4,6,95),(177,'4',5,8,95),(178,'3',6,8,95),(179,'4',7,8,95),(180,'3',8,8,95),(181,'4',6,6,95),(182,'4',5,6,95),(183,'3',7,6,95),(184,'4',8,6,95),(185,'3',9,8,95),(186,'4',10,8,95),(187,'4',11,8,95),(188,'4',12,8,95),(189,'4',9,6,95),(190,'4',10,6,95),(191,'4',11,6,95),(192,'4',12,6,95),(193,'3',1,16,95),(194,'4',2,16,95),(195,'4',3,16,95),(196,'3',4,16,95),(197,'4',5,16,95),(198,'3',6,16,95),(199,'4',7,16,95),(200,'4',8,16,95),(201,'4',9,16,95),(202,'3',10,16,95),(203,'3',11,16,95),(204,'3',12,16,95),(205,'3',1,19,95),(206,'4',2,19,95),(207,'4',3,19,95),(208,'4',4,19,95),(209,'4',5,19,95),(210,'4',6,19,95),(211,'3',7,19,95),(212,'4',8,19,95),(213,'3',9,19,95),(214,'3',1,25,95),(215,'4',2,25,95),(216,'4',3,25,95),(217,'3',4,25,95),(218,'3',10,19,95),(219,'4',11,19,95),(220,'4',12,19,95),(221,'3',5,25,95),(222,'4',6,25,95),(223,'4',7,25,95),(224,'3',8,25,95),(225,'4',9,25,95),(226,'4',10,25,95),(227,'3',11,25,95),(228,'4',12,25,95),(229,'3',3,21,95),(230,'3',4,21,95),(231,'3',1,21,95),(232,'3',2,21,95),(233,'3',5,21,95),(234,'4',6,21,95),(235,'3',7,21,95),(236,'3',8,21,95),(237,'4',9,21,95),(238,'3',10,21,95),(239,'4',11,21,95),(240,'3',12,21,95),(241,'4',1,28,95),(242,'3',2,28,95),(243,'4',3,28,95),(244,'4',4,28,95),(245,'3',5,28,95),(246,'4',6,28,95),(247,'4',7,28,95),(248,'3',8,28,95),(249,'4',9,28,95),(250,'3',10,28,95),(251,'3',1,24,95),(252,'3',2,24,95),(253,'4',11,28,95),(254,'3',4,24,95),(255,'3',3,24,95),(256,'4',12,28,95),(257,'4',5,24,95),(258,'4',6,24,95),(259,'4',7,24,95),(260,'3',8,24,95),(261,'4',9,24,95),(262,'3',10,24,95),(263,'4',11,24,95),(264,'4',12,24,95),(265,'1',1,31,3),(266,'1',2,31,3),(267,'1',3,31,3),(268,'1',4,31,3),(269,'1',5,31,3),(270,'1',6,31,3),(271,'1',7,31,3),(272,'1',8,31,3),(273,'1',9,31,3),(274,'1',10,31,3),(275,'1',11,31,3),(276,'1',12,31,3),(277,'4',1,23,95),(278,'4',2,23,95),(279,'4',3,23,95),(280,'4',4,23,95),(281,'4',5,23,95),(282,'4',6,23,95),(283,'4',7,23,95),(284,'4',8,23,95),(285,'4',9,23,95),(286,'4',10,23,95),(287,'4',11,23,95),(288,'4',12,23,95),(289,'3',1,29,4),(290,'3',2,29,4),(291,'3',3,29,4),(292,'2',4,29,4),(293,'3',5,29,4),(294,'3',6,29,4),(295,'3',7,29,4),(296,'4',8,29,4),(297,'2',9,29,4),(298,'3',10,29,4),(299,'3',11,29,4),(300,'3',12,29,4),(301,'3',4,27,95),(302,'3',1,27,95),(303,'3',2,27,95),(304,'3',3,27,95),(305,'3',5,27,95),(306,'3',6,27,95),(307,'3',7,27,95),(308,'3',8,27,95),(309,'3',9,27,95),(310,'3',10,27,95),(311,'3',11,27,95),(312,'2',12,27,95),(313,'4',1,34,95),(314,'4',2,34,95),(315,'4',3,34,95),(316,'4',4,34,95),(317,'4',5,34,95),(318,'4',6,34,95),(319,'4',7,34,95),(320,'4',8,34,95),(321,'4',9,34,95),(322,'3',10,34,95),(323,'4',11,34,95),(324,'4',12,34,95),(325,'3',2,32,95),(326,'3',4,32,95),(327,'4',1,32,95),(328,'4',3,32,95),(329,'3',5,32,95),(330,'4',6,32,95),(331,'4',7,32,95),(332,'3',8,32,95),(333,'4',9,32,95),(334,'4',10,32,95),(335,'3',11,32,95),(336,'4',12,32,95),(337,'4',1,35,95),(338,'3',2,35,95),(339,'4',3,35,95),(340,'4',4,35,95),(341,'3',5,35,95),(342,'4',6,35,95),(343,'3',7,35,95),(344,'4',8,35,95),(345,'4',9,35,95),(346,'3',10,35,95),(347,'3',11,35,95),(348,'4',12,35,95),(349,'4',1,33,95),(350,'4',2,33,95),(351,'4',3,33,95),(352,'4',4,33,95),(353,'4',5,33,95),(354,'4',6,33,95),(355,'4',7,33,95),(356,'4',8,33,95),(357,'4',9,33,95),(358,'4',10,33,95),(359,'4',11,33,95),(360,'4',12,33,95),(361,'4',1,29,125),(362,'4',2,29,125),(363,'4',3,29,125),(364,'4',4,29,125),(365,'4',5,29,125),(366,'4',6,29,125),(367,'4',7,29,125),(368,'4',8,29,125),(369,'4',9,29,125),(370,'4',10,29,125),(371,'4',11,29,125),(372,'4',12,29,125),(373,'2',4,31,16),(374,'4',1,31,16),(375,'3',2,31,16),(376,'2',3,31,16),(377,'3',5,31,16),(378,'3',6,31,16),(379,'2',7,31,16),(380,'3',8,31,16),(381,'2',9,31,16),(382,'3',10,31,16),(383,'3',11,31,16),(384,'3',12,31,16),(385,'4',2,38,95),(386,'4',1,38,95),(387,'3',3,38,95),(388,'4',4,38,95),(389,'3',5,38,95),(390,'4',6,38,95),(391,'4',7,38,95),(392,'3',8,38,95),(393,'4',9,38,95),(394,'4',10,38,95),(395,'4',11,38,95),(396,'4',12,38,95),(397,'3',1,36,4),(398,'2',2,36,4),(399,'3',3,36,4),(400,'3',4,36,4),(401,'3',5,36,4),(402,'2',6,36,4),(403,'3',7,36,4),(404,'3',8,36,4),(405,'3',9,36,4),(406,'2',10,36,4),(407,'3',11,36,4),(408,'2',12,36,4),(409,'4',1,31,23),(410,'4',2,31,23),(411,'4',3,31,23),(412,'4',4,31,23),(413,'4',5,31,23),(414,'4',6,31,23),(415,'4',7,31,23),(416,'4',8,31,23),(417,'4',9,31,23),(418,'4',10,31,23),(419,'4',11,31,23),(420,'4',12,31,23),(421,'4',1,29,112),(422,'4',2,29,112),(423,'4',3,29,112),(424,'4',4,29,112),(425,'4',5,29,112),(426,'4',6,29,112),(427,'4',7,29,112),(428,'4',8,29,112),(429,'4',9,29,112),(430,'4',10,29,112),(431,'4',11,29,112),(432,'4',12,29,112),(433,'1',1,39,1),(434,'1',2,39,1),(435,'1',3,39,1),(436,'1',4,39,1),(437,'1',5,39,1),(438,'1',6,39,1),(439,'1',7,39,1),(440,'1',8,39,1),(441,'1',9,39,1),(442,'1',10,39,1),(443,'1',11,39,1),(444,'1',12,39,1),(445,'4',1,37,17),(446,'3',2,37,17),(447,'3',3,37,17),(448,'3',4,37,17),(449,'3',5,37,17),(450,'4',6,37,17),(451,'3',7,37,17),(452,'4',8,37,17),(453,'4',9,37,17),(454,'4',10,37,17),(455,'4',11,37,17),(456,'4',12,37,17),(457,'4',2,31,30),(458,'4',3,31,30),(459,'4',4,31,30),(460,'4',1,31,30),(461,'4',5,31,30),(462,'4',6,31,30),(463,'4',7,31,30),(464,'4',8,31,30),(465,'4',9,31,30),(466,'4',10,31,30),(467,'4',11,31,30),(468,'4',12,31,30),(469,'1',1,39,3),(470,'1',2,39,3),(471,'1',3,39,3),(472,'1',4,39,3),(473,'1',5,39,3),(474,'1',6,39,3),(475,'1',7,39,3),(476,'1',8,39,3),(477,'1',9,39,3),(478,'1',10,39,3),(479,'1',11,39,3),(480,'1',12,39,3),(481,'4',1,36,125),(482,'4',2,36,125),(483,'4',3,36,125),(484,'4',4,36,125),(485,'3',1,29,14),(486,'4',2,29,14),(487,'4',3,29,14),(488,'4',4,29,14),(489,'3',5,29,14),(490,'4',6,29,14),(491,'4',5,36,125),(492,'4',6,36,125),(493,'4',7,36,125),(494,'4',8,36,125),(495,'2',7,29,14),(496,'4',8,29,14),(497,'3',9,29,14),(498,'4',10,29,14),(499,'4',11,29,14),(500,'3',12,29,14),(501,'4',9,36,125),(502,'4',10,36,125),(503,'4',11,36,125),(504,'4',12,36,125),(505,'4',1,36,112),(506,'4',2,36,112),(507,'4',3,36,112),(508,'4',4,36,112),(509,'4',5,36,112),(510,'4',6,36,112),(511,'4',7,36,112),(512,'4',8,36,112),(513,'4',9,36,112),(514,'4',10,36,112),(515,'4',11,36,112),(516,'4',12,36,112),(517,'4',1,37,33),(518,'3',2,37,33),(519,'3',3,37,33),(520,'4',4,37,33),(521,'4',5,37,33),(522,'4',6,37,33),(523,'4',7,37,33),(524,'4',8,37,33),(525,'4',9,37,33),(526,'4',10,37,33),(527,'4',11,37,33),(528,'4',12,37,33),(529,'3',1,29,23),(530,'3',2,29,23),(531,'3',3,29,23),(532,'4',4,29,23),(533,'4',5,29,23),(534,'3',6,29,23),(535,'4',7,29,23),(536,'3',8,29,23),(537,'4',9,29,23),(538,'3',10,29,23),(539,'3',11,29,23),(540,'3',12,29,23),(541,'4',1,31,80),(542,'4',5,31,80),(543,'4',2,31,80),(544,'4',3,31,80),(545,'4',4,31,80),(546,'4',6,31,80),(547,'4',7,31,80),(548,'4',8,31,80),(549,'4',9,31,80),(550,'4',10,31,80),(551,'4',12,31,80),(552,'4',11,31,80),(553,'4',1,37,45),(554,'3',2,37,45),(555,'4',3,37,45),(556,'4',4,37,45),(557,'4',5,37,45),(558,'4',6,37,45),(559,'3',7,37,45),(560,'4',8,37,45),(561,'4',9,37,45),(562,'4',10,37,45),(563,'4',11,37,45),(564,'4',12,37,45),(565,'4',1,31,112),(566,'4',2,31,112),(567,'4',3,31,112),(568,'4',4,31,112),(569,'4',5,31,112),(570,'4',6,31,112),(571,'4',7,31,112),(572,'4',8,31,112),(573,'4',9,31,112),(574,'4',10,31,112),(575,'4',11,31,112),(576,'4',12,31,112),(577,'4',1,36,14),(578,'3',2,36,14),(579,'4',3,36,14),(580,'3',4,36,14),(581,'4',5,36,14),(582,'4',6,36,14),(583,'3',7,36,14),(584,'3',8,36,14),(585,'4',11,36,14),(586,'4',10,36,14),(587,'4',12,36,14),(588,'4',9,36,14),(589,'3',1,29,30),(590,'3',2,29,30),(591,'3',3,29,30),(592,'4',4,29,30),(593,'3',5,29,30),(594,'4',6,29,30),(595,'4',7,29,30),(596,'3',8,29,30),(597,'2',9,29,30),(598,'3',10,29,30),(599,'3',11,29,30),(600,'3',12,29,30),(601,'4',1,37,47),(602,'4',2,37,47),(603,'4',3,37,47),(604,'4',4,37,47),(605,'4',5,37,47),(606,'4',6,37,47),(607,'4',7,37,47),(608,'4',8,37,47),(609,'4',9,37,47),(610,'4',10,37,47),(611,'4',11,37,47),(612,'4',12,37,47),(613,'4',1,29,83),(614,'4',2,29,83),(615,'4',3,29,83),(616,'4',4,29,83),(617,'4',5,29,83),(618,'4',6,29,83),(619,'4',7,29,83),(620,'4',8,29,83),(621,'4',9,29,83),(622,'4',10,29,83),(623,'4',11,29,83),(624,'4',12,29,83),(625,'4',1,37,55),(626,'4',2,37,55),(627,'4',3,37,55),(628,'4',4,37,55),(629,'4',5,37,55),(630,'4',6,37,55),(631,'4',7,37,55),(632,'4',8,37,55),(633,'4',9,37,55),(634,'4',10,37,55),(635,'4',11,37,55),(636,'4',12,37,55),(637,'3',1,36,23),(638,'2',2,36,23),(639,'2',3,36,23),(640,'3',4,36,23),(641,'3',5,36,23),(642,'4',6,36,23),(643,'2',7,36,23),(644,'3',8,36,23),(645,'3',9,36,23),(646,'2',10,36,23),(647,'2',11,36,23),(648,'3',12,36,23),(649,'4',1,37,81),(650,'4',2,37,81),(651,'4',3,37,81),(652,'4',4,37,81),(653,'4',5,37,81),(654,'4',6,37,81),(655,'4',7,37,81),(656,'4',8,37,81),(657,'4',9,37,81),(658,'4',10,37,81),(659,'4',11,37,81),(660,'4',12,37,81),(661,'4',1,31,125),(662,'4',2,31,125),(663,'4',3,31,125),(664,'4',4,31,125),(665,'4',5,31,125),(666,'4',6,31,125),(667,'4',7,31,125),(668,'4',8,31,125),(669,'4',9,31,125),(670,'4',10,31,125),(671,'4',11,31,125),(672,'4',12,31,125),(673,'4',1,37,43),(674,'4',2,37,43),(675,'4',3,37,43),(676,'4',4,37,43),(677,'4',5,37,43),(678,'4',6,37,43),(679,'4',7,37,43),(680,'4',8,37,43),(681,'4',9,37,43),(682,'4',10,37,43),(683,'4',11,37,43),(684,'4',12,37,43),(685,'2',1,36,30),(686,'3',2,36,30),(687,'3',3,36,30),(688,'3',4,36,30),(689,'3',5,36,30),(690,'3',6,36,30),(691,'4',7,36,30),(692,'3',8,36,30),(693,'3',9,36,30),(694,'2',10,36,30),(695,'3',11,36,30),(696,'3',12,36,30),(697,'4',1,36,80),(698,'4',2,36,80),(699,'4',3,36,80),(700,'4',4,36,80),(701,'4',5,36,80),(702,'4',6,36,80),(703,'4',7,36,80),(704,'4',8,36,80),(705,'4',9,36,80),(706,'4',10,36,80),(707,'4',11,36,80),(708,'4',12,36,80),(709,'3',1,40,4),(710,'3',2,40,4),(711,'3',3,40,4),(712,'3',4,40,4),(713,'3',5,40,4),(714,'3',6,40,4),(715,'3',7,40,4),(716,'3',8,40,4),(717,'3',9,40,4),(718,'3',10,40,4),(719,'3',11,40,4),(720,'3',12,40,4),(721,'4',1,40,125),(722,'4',3,40,125),(723,'4',2,40,125),(724,'4',4,40,125),(725,'4',5,40,125),(726,'4',6,40,125),(727,'4',7,40,125),(728,'4',8,40,125),(729,'4',9,40,125),(730,'3',10,40,125),(731,'3',11,40,125),(732,'4',12,40,125),(733,'3',1,41,17),(734,'1',4,41,17),(735,'1',3,41,17),(736,'1',2,41,17),(737,'2',5,41,17),(738,'1',6,41,17),(739,'1',7,41,17),(740,'1',8,41,17),(741,'2',9,41,17),(742,'1',10,41,17),(743,'1',11,41,17),(744,'1',12,41,17),(745,'2',4,42,16),(746,'1',1,42,16),(747,'1',2,42,16),(748,'1',3,42,16),(749,'3',5,42,16),(750,'2',7,42,16),(751,'1',6,42,16),(752,'3',8,42,16),(753,'2',9,42,16),(754,'1',10,42,16),(755,'2',11,42,16),(756,'2',12,42,16),(757,'3',1,41,45),(758,'3',2,41,45),(759,'4',3,41,45),(760,'3',4,41,45),(761,'3',5,41,45),(762,'4',6,41,45),(763,'4',7,41,45),(764,'3',8,41,45),(765,'3',9,41,45),(766,'4',10,41,45),(767,'3',11,41,45),(768,'3',12,41,45),(769,'4',1,41,37),(770,'4',3,41,37),(771,'4',2,41,37),(772,'4',4,41,37),(773,'4',5,41,37),(774,'4',6,41,37),(775,'4',7,41,37),(776,'4',8,41,37),(777,'4',9,41,37),(778,'4',10,41,37),(779,'4',11,41,37),(780,'4',12,41,37),(781,'4',1,45,49),(782,'4',2,45,49),(783,'2',3,45,49),(784,'3',4,45,49),(785,'3',5,45,49),(786,'4',6,45,49),(787,'3',7,45,49),(788,'3',8,45,49),(789,'3',9,45,49),(790,'3',10,45,49),(791,'2',11,45,49),(792,'3',12,45,49),(793,'4',1,43,8),(794,'4',2,43,8),(795,'4',3,43,8),(796,'4',4,43,8),(797,'3',5,43,8),(798,'4',6,43,8),(799,'4',7,43,8),(800,'4',8,43,8),(801,'4',9,43,8),(802,'4',10,43,8),(803,'4',11,43,8),(804,'3',12,43,8),(805,'3',1,48,49),(806,'3',2,48,49),(807,'3',3,48,49),(808,'3',4,48,49),(809,'3',5,48,49),(810,'3',6,48,49),(811,'3',7,48,49),(812,'3',8,48,49),(813,'3',9,48,49),(814,'2',10,48,49),(815,'3',11,48,49),(816,'3',12,48,49),(817,'4',1,52,8),(818,'4',2,52,8),(819,'4',3,52,8),(820,'4',4,52,8),(821,'4',5,52,8),(822,'4',6,52,8),(823,'2',7,52,8),(824,'4',8,52,8),(825,'4',9,52,8),(826,'4',10,52,8),(827,'3',11,52,8),(828,'4',12,52,8),(829,'2',2,47,8),(830,'2',1,47,8),(831,'2',3,47,8),(832,'3',4,47,8),(833,'3',6,47,8),(834,'2',7,47,8),(835,'2',8,47,8),(836,'3',9,47,8),(837,'2',5,47,8),(838,'3',10,47,8),(839,'2',11,47,8),(840,'2',12,47,8),(841,'3',1,48,78),(842,'3',2,48,78),(843,'3',3,48,78),(844,'3',4,48,78),(845,'3',5,48,78),(846,'3',6,48,78),(847,'3',7,48,78),(848,'3',8,48,78),(849,'3',9,48,78),(850,'2',10,48,78),(851,'3',11,48,78),(852,'3',12,48,78),(853,'3',1,51,8),(854,'3',2,51,8),(855,'2',3,51,8),(856,'2',4,51,8),(857,'2',5,51,8),(858,'2',6,51,8),(859,'3',7,51,8),(860,'3',8,51,8),(861,'3',9,51,8),(862,'2',10,51,8),(863,'3',11,51,8),(864,'2',12,51,8),(865,'3',1,47,49),(866,'3',2,47,49),(867,'3',3,47,49),(868,'3',4,47,49),(869,'3',5,47,49),(870,'3',6,47,49),(871,'3',7,47,49),(872,'3',8,47,49),(873,'3',9,47,49),(874,'3',10,47,49),(875,'2',11,47,49),(876,'3',12,47,49),(877,'4',1,59,118),(878,'4',2,59,118),(879,'4',3,59,118),(880,'3',4,59,118),(881,'3',5,59,118),(882,'4',6,59,118),(883,'3',7,59,118),(884,'4',8,59,118),(885,'4',9,59,118),(886,'4',10,59,118),(887,'4',11,59,118),(888,'4',12,59,118),(889,'3',1,47,74),(890,'3',2,47,74),(891,'3',3,47,74),(892,'3',4,47,74),(893,'3',5,47,74),(894,'3',6,47,74),(895,'3',7,47,74),(896,'3',8,47,74),(897,'3',9,47,74),(898,'3',10,47,74),(899,'3',11,47,74),(900,'3',12,47,74),(901,'3',1,54,8),(902,'2',2,54,8),(903,'1',3,54,8),(904,'2',4,54,8),(905,'1',5,54,8),(906,'2',6,54,8),(907,'2',7,54,8),(908,'2',8,54,8),(909,'3',9,54,8),(910,'1',10,54,8),(911,'3',2,48,8),(912,'3',1,48,8),(913,'2',3,48,8),(914,'3',6,48,8),(915,'2',7,48,8),(916,'3',8,48,8),(917,'3',9,48,8),(918,'2',10,48,8),(919,'3',11,48,8),(920,'3',12,48,8),(921,'3',4,48,8),(922,'2',5,48,8),(923,'2',11,54,8),(924,'2',12,54,8),(925,'3',1,62,8),(926,'3',2,62,8),(927,'2',3,62,8),(928,'3',4,62,8),(929,'2',5,62,8),(930,'2',6,62,8),(931,'3',7,62,8),(932,'3',8,62,8),(933,'3',9,62,8),(934,'3',10,62,8),(935,'3',11,62,8),(936,'2',12,62,8),(937,'3',1,47,78),(938,'3',2,47,78),(939,'3',3,47,78),(940,'3',4,47,78),(941,'3',5,47,78),(942,'3',6,47,78),(943,'3',7,47,78),(944,'3',8,47,78),(945,'3',9,47,78),(946,'3',10,47,78),(947,'3',1,59,7),(948,'3',2,59,7),(949,'3',3,59,7),(950,'2',4,59,7),(951,'3',5,59,7),(952,'3',6,59,7),(953,'2',7,59,7),(954,'3',8,59,7),(955,'3',9,59,7),(956,'4',10,59,7),(957,'4',11,59,7),(958,'4',12,59,7),(959,'3',1,51,49),(960,'3',2,51,49),(961,'3',3,51,49),(962,'3',4,51,49),(963,'3',5,51,49),(964,'4',6,51,49),(965,'4',7,51,49),(966,'4',8,51,49),(967,'4',9,51,49),(968,'4',10,51,49),(969,'4',11,51,49),(970,'4',12,51,49),(971,'4',1,65,118),(972,'4',2,65,118),(973,'4',3,65,118),(974,'4',4,65,118),(975,'3',5,65,118),(976,'4',6,65,118),(977,'4',7,65,118),(978,'4',8,65,118),(979,'4',9,65,118),(980,'4',10,65,118),(981,'4',11,65,118),(982,'4',12,65,118),(983,'4',1,64,49),(984,'3',2,64,49),(985,'1',3,64,49),(986,'2',4,64,49),(987,'3',5,64,49),(988,'4',6,64,49),(989,'3',7,64,49),(990,'3',8,64,49),(991,'3',9,64,49),(992,'3',10,64,49),(993,'2',11,64,49),(994,'3',12,64,49),(995,'4',1,56,118),(996,'4',2,56,118),(997,'4',3,56,118),(998,'4',4,56,118),(999,'4',5,56,118),(1000,'3',6,56,118),(1001,'4',7,56,118),(1002,'3',8,56,118),(1003,'4',9,56,118),(1004,'3',10,56,118),(1005,'4',11,56,118),(1006,'4',12,56,118),(1007,'3',11,47,78),(1008,'3',12,47,78),(1009,'4',1,58,118),(1010,'4',2,58,118),(1011,'3',3,58,118),(1012,'3',4,58,118),(1013,'3',5,58,118),(1014,'3',6,58,118),(1015,'3',7,58,118),(1016,'4',8,58,118),(1017,'4',9,58,118),(1018,'4',10,58,118),(1019,'4',11,58,118),(1020,'4',12,58,118),(1021,'3',1,69,49),(1022,'3',2,69,49),(1023,'3',3,69,49),(1024,'3',4,69,49),(1025,'3',5,69,49),(1026,'3',6,69,49),(1027,'3',7,69,49),(1028,'3',8,69,49),(1029,'3',9,69,49),(1030,'2',10,69,49),(1031,'3',11,69,49),(1032,'3',12,69,49),(1033,'4',1,59,77),(1034,'4',2,59,77),(1035,'4',3,59,77),(1036,'4',4,59,77),(1037,'4',5,59,77),(1038,'4',6,59,77),(1039,'4',7,59,77),(1040,'4',8,59,77),(1041,'4',9,59,77),(1042,'4',10,59,77),(1043,'4',11,59,77),(1044,'4',12,59,77),(1045,'3',1,57,118),(1046,'3',2,57,118),(1047,'4',3,57,118),(1048,'3',4,57,118),(1049,'3',5,57,118),(1050,'4',6,57,118),(1051,'4',7,57,118),(1052,'3',8,57,118),(1053,'3',9,57,118),(1054,'2',10,57,118),(1055,'2',11,57,118),(1056,'4',12,57,118),(1057,'3',1,47,129),(1058,'3',2,47,129),(1059,'3',3,47,129),(1060,'3',5,47,129),(1061,'3',6,47,129),(1062,'3',4,47,129),(1063,'4',1,75,8),(1064,'4',2,75,8),(1065,'3',3,75,8),(1066,'4',4,75,8),(1067,'3',5,75,8),(1068,'3',6,75,8),(1069,'3',7,75,8),(1070,'2',8,75,8),(1071,'4',9,75,8),(1072,'3',10,75,8),(1073,'4',11,75,8),(1074,'3',12,75,8),(1075,'4',1,70,118),(1076,'4',2,70,118),(1077,'4',4,70,118),(1078,'3',3,70,118),(1079,'4',5,70,118),(1080,'3',6,70,118),(1081,'4',7,70,118),(1082,'3',8,70,118),(1083,'4',9,70,118),(1084,'3',10,70,118),(1085,'4',11,70,118),(1086,'4',12,70,118),(1087,'3',1,62,49),(1088,'3',2,62,49),(1089,'4',3,62,49),(1090,'3',4,62,49),(1091,'4',5,62,49),(1092,'3',6,62,49),(1093,'4',7,62,49),(1094,'3',8,62,49),(1095,'3',9,62,49),(1096,'3',10,62,49),(1097,'3',11,62,49),(1098,'3',12,62,49),(1099,'4',1,59,73),(1100,'4',2,59,73),(1101,'4',3,59,73),(1102,'4',4,59,73),(1103,'4',5,59,73),(1104,'4',6,59,73),(1105,'4',7,59,73),(1106,'4',8,59,73),(1107,'4',9,59,73),(1108,'4',10,59,73),(1109,'4',11,59,73),(1110,'4',12,59,73),(1111,'4',1,79,8),(1112,'4',2,79,8),(1113,'4',3,79,8),(1114,'4',4,79,8),(1115,'4',5,79,8),(1116,'4',6,79,8),(1117,'4',7,79,8),(1118,'4',8,79,8),(1119,'4',9,79,8),(1120,'4',10,79,8),(1121,'3',12,47,129),(1122,'3',11,79,8),(1123,'4',12,79,8),(1124,'3',1,69,74),(1125,'3',2,69,74),(1126,'3',3,69,74),(1127,'3',4,69,74),(1128,'3',5,69,74),(1129,'3',6,69,74),(1130,'3',7,69,74),(1131,'3',1,73,7),(1132,'4',2,73,7),(1133,'4',3,73,7),(1134,'4',4,73,7),(1135,'3',5,73,7),(1136,'4',6,73,7),(1137,'3',8,69,74),(1138,'4',2,64,78),(1139,'4',3,64,78),(1140,'4',1,64,78),(1141,'4',4,64,78),(1142,'4',5,64,78),(1143,'3',6,64,78),(1144,'3',9,69,74),(1145,'2',10,69,74),(1146,'3',11,69,74),(1147,'3',12,69,74),(1148,'3',7,73,7),(1149,'4',8,73,7),(1150,'4',9,73,7),(1151,'3',10,73,7),(1152,'4',11,73,7),(1153,'3',12,73,7),(1154,'3',7,47,129),(1155,'2',7,64,78),(1156,'4',8,64,78),(1157,'4',9,64,78),(1158,'4',10,64,78),(1159,'4',11,64,78),(1160,'4',12,64,78),(1161,'4',1,67,118),(1162,'4',2,67,118),(1163,'4',3,67,118),(1164,'3',4,67,118),(1165,'4',5,67,118),(1166,'4',6,67,118),(1167,'4',7,67,118),(1168,'4',8,67,118),(1169,'4',9,67,118),(1170,'4',10,67,118),(1171,'4',11,67,118),(1172,'4',12,67,118),(1173,'3',8,47,129),(1174,'3',9,47,129),(1175,'3',11,47,129),(1176,'4',1,75,49),(1177,'4',3,75,49),(1178,'4',2,75,49),(1179,'4',4,75,49),(1180,'3',5,75,49),(1181,'3',6,75,49),(1182,'3',7,75,49),(1183,'4',8,75,49),(1184,'4',9,75,49),(1185,'3',10,75,49),(1186,'4',11,75,49),(1187,'4',12,75,49),(1188,'3',10,47,129),(1189,'2',1,51,78),(1190,'4',2,51,78),(1191,'2',3,51,78),(1192,'4',4,51,78),(1193,'2',5,51,78),(1194,'2',6,51,78),(1195,'3',7,51,78),(1196,'3',8,51,78),(1197,'3',9,51,78),(1198,'2',10,51,78),(1199,'3',11,51,78),(1200,'3',12,51,78),(1201,'4',1,54,49),(1202,'4',2,54,49),(1203,'4',3,54,49),(1204,'4',4,54,49),(1205,'4',5,54,49),(1206,'4',6,54,49),(1207,'4',7,54,49),(1208,'4',8,54,49),(1209,'4',9,54,49),(1210,'4',1,66,118),(1211,'4',2,66,118),(1212,'4',3,66,118),(1213,'4',4,66,118),(1214,'3',5,66,118),(1215,'3',6,66,118),(1216,'3',7,66,118),(1217,'4',8,66,118),(1218,'4',9,66,118),(1219,'4',10,66,118),(1220,'4',11,66,118),(1221,'4',12,66,118),(1222,'4',1,79,49),(1223,'4',2,79,49),(1224,'4',3,79,49),(1225,'4',4,79,49),(1226,'4',5,79,49),(1227,'4',6,79,49),(1228,'4',7,79,49),(1229,'4',8,79,49),(1230,'4',9,79,49),(1231,'4',10,79,49),(1232,'4',11,79,49),(1233,'4',12,79,49),(1234,'4',1,87,128),(1235,'4',2,87,128),(1236,'4',3,87,128),(1237,'4',4,87,128),(1238,'4',5,87,128),(1239,'4',6,87,128),(1240,'3',1,62,78),(1241,'4',2,62,78),(1242,'3',3,62,78),(1243,'4',4,62,78),(1244,'3',5,62,78),(1245,'3',6,62,78),(1246,'4',7,87,128),(1247,'4',8,87,128),(1248,'4',9,87,128),(1249,'4',10,87,128),(1250,'4',11,87,128),(1251,'4',12,87,128),(1252,'4',7,62,78),(1253,'3',8,62,78),(1254,'3',9,62,78),(1255,'3',10,62,78),(1256,'3',11,62,78),(1257,'3',12,62,78),(1258,'3',10,54,49),(1259,'4',11,54,49),(1260,'4',12,54,49),(1261,'3',1,65,7),(1262,'2',2,65,7),(1263,'3',3,65,7),(1264,'2',4,65,7),(1265,'3',5,65,7),(1266,'4',6,65,7),(1267,'2',7,65,7),(1268,'4',8,65,7),(1269,'4',9,65,7),(1270,'3',10,65,7),(1271,'4',11,65,7),(1272,'4',12,65,7),(1273,'3',1,56,7),(1274,'3',2,56,7),(1275,'2',4,56,7),(1276,'3',5,56,7),(1277,'3',6,56,7),(1278,'2',3,56,7),(1279,'1',7,56,7),(1280,'3',8,56,7),(1281,'4',9,56,7),(1282,'3',10,56,7),(1283,'3',11,56,7),(1284,'3',12,56,7),(1285,'3',1,69,8),(1286,'3',2,69,8),(1287,'3',3,69,8),(1288,'3',4,69,8),(1289,'2',5,69,8),(1290,'3',6,69,8),(1291,'2',7,69,8),(1292,'3',8,69,8),(1293,'3',9,69,8),(1294,'2',10,69,8),(1295,'3',11,69,8),(1296,'3',12,69,8),(1297,'4',1,87,48),(1298,'4',2,87,48),(1299,'4',3,87,48),(1300,'4',4,87,48),(1301,'4',5,87,48),(1302,'4',6,87,48),(1303,'4',7,87,48),(1304,'4',8,87,48),(1305,'4',9,87,48),(1306,'4',10,87,48),(1307,'4',11,87,48),(1308,'4',12,87,48),(1309,'4',1,75,78),(1310,'4',2,75,78),(1311,'4',3,75,78),(1312,'3',4,75,78),(1313,'4',5,75,78),(1314,'3',6,75,78),(1315,'4',7,75,78),(1316,'4',8,75,78),(1317,'3',9,75,78),(1318,'3',10,75,78),(1319,'4',11,75,78),(1320,'4',12,75,78),(1321,'4',1,73,70),(1322,'3',2,73,70),(1323,'4',3,73,70),(1324,'4',4,73,70),(1325,'4',5,73,70),(1326,'4',6,73,70),(1327,'4',7,73,70),(1328,'3',8,73,70),(1329,'3',9,73,70),(1330,'4',10,73,70),(1331,'4',11,73,70),(1332,'3',12,73,70),(1333,'3',1,62,74),(1334,'3',2,62,74),(1335,'3',3,62,74),(1336,'3',4,62,74),(1337,'3',5,62,74),(1338,'3',6,62,74),(1339,'4',7,62,74),(1340,'3',8,62,74),(1341,'3',9,62,74),(1342,'3',10,62,74),(1343,'3',11,62,74),(1344,'3',12,62,74),(1345,'3',1,58,7),(1346,'3',2,58,7),(1347,'2',3,58,7),(1348,'1',4,58,7),(1349,'3',5,58,7),(1350,'3',6,58,7),(1351,'2',7,58,7),(1352,'3',8,58,7),(1353,'2',9,58,7),(1354,'1',10,58,7),(1355,'2',11,58,7),(1356,'3',12,58,7),(1357,'3',1,85,118),(1358,'4',2,85,118),(1359,'3',3,85,118),(1360,'3',4,85,118),(1361,'3',5,85,118),(1362,'3',6,85,118),(1363,'3',7,85,118),(1364,'4',8,85,118),(1365,'3',9,85,118),(1366,'3',10,85,118),(1367,'4',1,79,78),(1368,'4',2,79,78),(1369,'2',3,79,78),(1370,'4',4,79,78),(1371,'4',5,79,78),(1372,'4',6,79,78),(1373,'3',11,85,118),(1374,'3',12,85,118),(1375,'4',7,79,78),(1376,'4',8,79,78),(1377,'4',9,79,78),(1378,'4',10,79,78),(1379,'4',11,79,78),(1380,'4',12,79,78),(1381,'4',1,56,77),(1382,'4',2,56,77),(1383,'4',3,56,77),(1384,'4',4,56,77),(1385,'4',5,56,77),(1386,'4',6,56,77),(1387,'4',7,56,77),(1388,'4',8,56,77),(1389,'4',9,56,77),(1390,'4',10,56,77),(1391,'4',11,56,77),(1392,'4',12,56,77),(1393,'4',1,87,70),(1394,'3',2,87,70),(1395,'4',3,87,70),(1396,'2',4,87,70),(1397,'4',5,87,70),(1398,'3',6,87,70),(1399,'3',7,87,70),(1400,'3',8,87,70),(1401,'4',9,87,70),(1402,'4',10,87,70),(1403,'4',11,87,70),(1404,'3',1,76,92),(1405,'3',2,76,92),(1406,'3',3,76,92),(1407,'3',4,76,92),(1408,'3',12,87,70),(1409,'3',5,76,92),(1410,'3',6,76,92),(1411,'2',7,76,92),(1412,'3',8,76,92),(1413,'4',9,76,92),(1414,'2',10,76,92),(1415,'4',11,76,92),(1416,'3',12,76,92),(1417,'4',1,91,118),(1418,'4',2,91,118),(1419,'3',3,91,118),(1420,'4',4,91,118),(1421,'3',5,91,118),(1422,'3',6,91,118),(1423,'3',7,91,118),(1424,'3',8,91,118),(1425,'4',9,91,118),(1426,'2',10,91,118),(1427,'3',11,91,118),(1428,'4',12,91,118),(1429,'4',1,65,73),(1430,'4',2,65,73),(1431,'4',3,65,73),(1432,'4',4,65,73),(1433,'4',5,65,73),(1434,'4',6,65,73),(1435,'4',7,65,73),(1436,'4',8,65,73),(1437,'4',9,65,73),(1438,'4',10,65,73),(1439,'4',11,65,73),(1440,'4',12,65,73),(1441,'4',4,90,48),(1442,'4',1,90,48),(1443,'3',3,90,48),(1444,'3',2,90,48),(1445,'4',5,90,48),(1446,'4',6,90,48),(1447,'4',7,90,48),(1448,'4',8,90,48),(1449,'4',9,90,48),(1450,'2',10,90,48),(1451,'3',11,90,48),(1452,'4',12,90,48),(1453,'2',1,64,8),(1454,'2',2,64,8),(1455,'2',3,64,8),(1456,'2',4,64,8),(1457,'3',5,64,8),(1458,'3',6,64,8),(1459,'2',7,64,8),(1460,'3',8,64,8),(1461,'3',9,64,8),(1462,'2',10,64,8),(1463,'2',11,64,8),(1464,'2',12,64,8),(1465,'3',1,80,118),(1466,'3',2,80,118),(1467,'3',3,80,118),(1468,'3',4,80,118),(1469,'3',5,80,118),(1470,'2',7,80,118),(1471,'4',6,80,118),(1472,'3',8,80,118),(1473,'3',9,80,118),(1474,'3',10,80,118),(1475,'3',11,80,118),(1476,'4',12,80,118),(1477,'3',1,67,7),(1478,'4',2,67,7),(1479,'3',3,67,7),(1480,'3',4,67,7),(1481,'3',5,67,7),(1482,'3',6,67,7),(1483,'2',7,67,7),(1484,'4',8,67,7),(1485,'4',9,67,7),(1486,'3',10,67,7),(1487,'3',11,67,7),(1488,'4',12,67,7),(1489,'3',1,62,129),(1490,'3',2,62,129),(1491,'4',3,62,129),(1492,'3',4,62,129),(1493,'3',5,62,129),(1494,'3',6,62,129),(1495,'4',7,62,129),(1496,'3',8,62,129),(1497,'3',9,62,129),(1498,'3',10,62,129),(1499,'3',11,62,129),(1500,'3',12,62,129),(1501,'4',1,75,74),(1502,'3',2,75,74),(1503,'3',3,75,74),(1504,'4',4,75,74),(1505,'4',5,75,74),(1506,'3',6,75,74),(1507,'4',7,75,74),(1508,'3',8,75,74),(1509,'4',9,75,74),(1510,'4',10,75,74),(1511,'4',11,75,74),(1512,'4',12,75,74),(1513,'4',1,79,74),(1514,'4',2,79,74),(1515,'4',3,79,74),(1516,'4',4,79,74),(1517,'4',5,79,74),(1518,'4',6,79,74),(1519,'4',7,79,74),(1520,'4',8,79,74),(1521,'4',9,79,74),(1522,'4',10,79,74),(1523,'4',11,79,74),(1524,'4',12,79,74),(1525,'3',2,66,48),(1526,'4',1,66,48),(1527,'4',3,66,48),(1528,'4',4,66,48),(1529,'3',5,66,48),(1530,'4',6,66,48),(1531,'3',7,66,48),(1532,'4',8,66,48),(1533,'4',9,66,48),(1534,'3',10,66,48),(1535,'3',11,66,48),(1536,'4',12,66,48),(1537,'4',1,90,70),(1538,'4',2,90,70),(1539,'4',3,90,70),(1540,'4',4,90,70),(1541,'4',5,90,70),(1542,'4',6,90,70),(1543,'4',1,73,48),(1544,'4',2,73,48),(1545,'4',3,73,48),(1546,'3',4,73,48),(1547,'4',5,73,48),(1548,'3',6,73,48),(1549,'4',7,90,70),(1550,'4',8,90,70),(1551,'4',9,90,70),(1552,'4',10,90,70),(1553,'4',7,73,48),(1554,'3',8,73,48),(1555,'3',9,73,48),(1556,'4',10,73,48),(1557,'3',11,73,48),(1558,'3',12,73,48),(1559,'4',11,90,70),(1560,'4',12,90,70),(1561,'2',1,51,74),(1562,'3',2,51,74),(1563,'3',3,51,74),(1564,'2',4,51,74),(1565,'2',5,51,74),(1566,'2',6,51,74),(1567,'3',7,51,74),(1568,'3',8,51,74),(1569,'3',9,51,74),(1570,'2',10,51,74),(1571,'2',11,51,74),(1572,'3',12,51,74),(1573,'4',1,58,77),(1574,'4',2,58,77),(1575,'4',3,58,77),(1576,'4',4,58,77),(1577,'4',5,58,77),(1578,'3',6,58,77),(1579,'4',7,58,77),(1580,'4',8,58,77),(1581,'4',9,58,77),(1582,'4',10,58,77),(1583,'4',11,58,77),(1584,'4',12,58,77),(1585,'4',1,89,118),(1586,'4',2,89,118),(1587,'4',3,89,118),(1588,'4',4,89,118),(1589,'4',5,89,118),(1590,'4',6,89,118),(1591,'4',1,68,130),(1592,'4',2,68,130),(1593,'4',3,68,130),(1594,'4',4,68,130),(1595,'4',7,89,118),(1596,'4',8,89,118),(1597,'4',9,89,118),(1598,'4',10,89,118),(1599,'4',11,89,118),(1600,'4',12,89,118),(1601,'4',5,68,130),(1602,'4',6,68,130),(1603,'4',7,68,130),(1604,'4',8,68,130),(1605,'4',9,68,130),(1606,'4',10,68,130),(1607,'4',11,68,130),(1608,'4',12,68,130),(1609,'3',2,85,7),(1610,'3',3,85,7),(1611,'3',4,85,7),(1612,'3',1,85,7),(1613,'3',6,85,7),(1614,'4',5,85,7),(1615,'3',7,85,7),(1616,'3',8,85,7),(1617,'3',9,85,7),(1618,'3',10,85,7),(1619,'3',11,85,7),(1620,'3',12,85,7),(1621,'2',1,91,7),(1622,'3',2,91,7),(1623,'1',3,91,7),(1624,'1',4,91,7),(1625,'2',5,91,7),(1626,'2',6,91,7),(1627,'2',7,91,7),(1628,'2',8,91,7),(1629,'1',9,91,7),(1630,'1',10,91,7),(1631,'2',11,91,7),(1632,'1',12,91,7),(1633,'1',1,80,7),(1634,'2',2,80,7),(1635,'2',3,80,7),(1636,'2',4,80,7),(1637,'2',5,80,7),(1638,'2',6,80,7),(1639,'2',7,80,7),(1640,'3',8,80,7),(1641,'2',9,80,7),(1642,'4',10,80,7),(1643,'3',11,80,7),(1644,'2',12,80,7),(1645,'1',1,88,7),(1646,'1',2,88,7),(1647,'1',3,88,7),(1648,'2',4,88,7),(1649,'2',5,88,7),(1650,'2',6,88,7),(1651,'1',7,88,7),(1652,'2',8,88,7),(1653,'3',9,88,7),(1654,'4',10,88,7),(1655,'2',11,88,7),(1656,'1',12,88,7),(1657,'4',1,86,118),(1658,'3',2,86,118),(1659,'3',3,86,118),(1660,'3',4,86,118),(1661,'3',5,86,118),(1662,'4',6,86,118),(1663,'3',7,86,118),(1664,'3',8,86,118),(1665,'3',9,86,118),(1666,'3',10,86,118),(1667,'3',1,97,49),(1668,'3',2,97,49),(1669,'3',3,97,49),(1670,'3',4,97,49),(1671,'3',5,97,49),(1672,'3',6,97,49),(1673,'3',11,86,118),(1674,'3',12,86,118),(1675,'3',7,97,49),(1676,'3',8,97,49),(1677,'3',9,97,49),(1678,'2',10,97,49),(1679,'3',11,97,49),(1680,'3',12,97,49),(1681,'3',1,98,129),(1682,'4',2,98,129),(1683,'4',3,98,129),(1684,'4',4,98,129),(1685,'4',5,98,129),(1686,'4',6,98,129),(1687,'4',7,98,129),(1688,'4',8,98,129),(1689,'4',9,98,129),(1690,'4',10,98,129),(1691,'4',11,98,129),(1692,'4',12,98,129),(1693,'2',1,75,129),(1694,'2',2,75,129),(1695,'2',3,75,129),(1696,'1',4,75,129),(1697,'3',5,75,129),(1698,'2',6,75,129),(1699,'3',1,73,128),(1700,'3',2,73,128),(1701,'3',3,73,128),(1702,'4',4,73,128),(1703,'2',7,75,129),(1704,'4',5,73,128),(1705,'3',6,73,128),(1706,'2',8,75,129),(1707,'1',9,75,129),(1708,'1',10,75,129),(1709,'2',11,75,129),(1710,'1',12,75,129),(1711,'4',7,73,128),(1712,'3',8,73,128),(1713,'4',9,73,128),(1714,'3',10,73,128),(1715,'4',11,73,128),(1716,'4',12,73,128),(1717,'4',1,67,77),(1718,'4',2,67,77),(1719,'4',3,67,77),(1720,'4',4,67,77),(1721,'3',5,67,77),(1722,'4',6,67,77),(1723,'4',7,67,77),(1724,'4',8,67,77),(1725,'3',1,76,6),(1726,'3',4,76,6),(1727,'3',3,76,6),(1728,'3',2,76,6),(1729,'3',5,76,6),(1730,'3',6,76,6),(1731,'2',7,76,6),(1732,'3',8,76,6),(1733,'4',9,76,6),(1734,'2',10,76,6),(1735,'4',9,67,77),(1736,'4',10,67,77),(1737,'4',11,67,77),(1738,'4',12,67,77),(1739,'4',11,76,6),(1740,'3',1,90,7),(1741,'3',2,90,7),(1742,'4',3,90,7),(1743,'3',4,90,7),(1744,'3',12,76,6),(1745,'4',4,85,77),(1746,'4',2,85,77),(1747,'4',1,85,77),(1748,'4',3,85,77),(1749,'3',1,97,78),(1750,'3',2,97,78),(1751,'3',3,97,78),(1752,'3',4,97,78),(1753,'3',5,97,78),(1754,'3',6,97,78),(1755,'3',5,90,7),(1756,'3',6,90,7),(1757,'2',7,90,7),(1758,'3',8,90,7),(1759,'3',5,85,77),(1760,'4',6,85,77),(1761,'3',7,85,77),(1762,'4',8,85,77),(1763,'4',1,51,129),(1764,'2',2,51,129),(1765,'3',3,51,129),(1766,'2',4,51,129),(1767,'3',5,51,129),(1768,'3',6,51,129),(1769,'3',9,90,7),(1770,'3',10,90,7),(1771,'3',11,90,7),(1772,'3',12,90,7),(1773,'4',9,85,77),(1774,'3',10,85,77),(1775,'2',1,80,70),(1776,'3',2,80,70),(1777,'3',3,80,70),(1778,'2',4,80,70),(1779,'2',7,51,129),(1780,'3',8,51,129),(1781,'4',9,51,129),(1782,'3',11,85,77),(1783,'3',12,85,77),(1784,'4',10,51,129),(1785,'3',11,51,129),(1786,'4',12,51,129),(1787,'2',5,80,70),(1788,'2',6,80,70),(1789,'2',7,80,70),(1790,'3',8,80,70),(1791,'2',9,80,70),(1792,'2',10,80,70),(1793,'2',11,80,70),(1794,'2',12,80,70),(1795,'3',7,97,78),(1796,'3',8,97,78),(1797,'3',9,97,78),(1798,'2',10,97,78),(1799,'3',11,97,78),(1800,'3',12,97,78),(1801,'3',1,64,74),(1802,'4',2,64,74),(1803,'2',3,64,74),(1804,'4',4,64,74),(1805,'4',5,64,74),(1806,'3',6,64,74),(1807,'1',7,64,74),(1808,'3',8,64,74),(1809,'4',9,64,74),(1810,'3',10,64,74),(1811,'3',11,64,74),(1812,'4',12,64,74),(1813,'3',1,99,71),(1814,'3',2,99,71),(1815,'3',3,99,71),(1816,'3',4,99,71),(1817,'3',5,99,71),(1818,'3',6,99,71),(1819,'3',7,99,71),(1820,'3',8,99,71),(1821,'3',9,99,71),(1822,'3',10,99,71),(1823,'3',11,99,71),(1824,'3',12,99,71),(1825,'2',2,66,7),(1826,'2',3,66,7),(1827,'2',4,66,7),(1828,'2',1,66,7),(1829,'3',5,66,7),(1830,'3',6,66,7),(1831,'2',7,66,7),(1832,'2',8,66,7),(1833,'3',9,66,7),(1834,'3',10,66,7),(1835,'3',11,66,7),(1836,'3',12,66,7),(1837,'4',1,73,73),(1838,'4',2,73,73),(1839,'4',3,73,73),(1840,'4',4,73,73),(1841,'4',5,73,73),(1842,'4',6,73,73),(1843,'4',7,73,73),(1844,'4',8,73,73),(1845,'4',9,73,73),(1846,'4',10,73,73),(1847,'4',11,73,73),(1848,'4',12,73,73),(1849,'4',2,88,48),(1850,'4',1,88,48),(1851,'4',3,88,48),(1852,'4',4,88,48),(1853,'4',1,90,73),(1854,'4',2,90,73),(1855,'4',3,90,73),(1856,'4',4,90,73),(1857,'4',5,90,73),(1858,'4',6,90,73),(1859,'4',7,90,73),(1860,'4',8,90,73),(1861,'4',9,90,73),(1862,'4',10,90,73),(1863,'4',11,90,73),(1864,'4',12,90,73),(1865,'4',5,88,48),(1866,'4',7,88,48),(1867,'4',6,88,48),(1868,'4',8,88,48),(1869,'4',9,88,48),(1870,'4',10,88,48),(1871,'4',11,88,48),(1872,'4',12,88,48),(1873,'3',1,80,48),(1874,'3',2,80,48),(1875,'3',3,80,48),(1876,'3',4,80,48),(1877,'3',5,80,48),(1878,'3',6,80,48),(1879,'3',7,80,48),(1880,'4',8,80,48),(1881,'3',9,80,48),(1882,'4',10,80,48),(1883,'4',11,80,48),(1884,'4',12,80,48),(1885,'3',1,85,128),(1886,'3',2,85,128),(1887,'3',3,85,128),(1888,'3',4,85,128),(1889,'3',5,85,128),(1890,'3',6,85,128),(1891,'3',7,85,128),(1892,'3',8,85,128),(1893,'3',9,85,128),(1894,'3',10,85,128),(1895,'3',11,85,128),(1896,'4',12,85,128),(1897,'3',1,97,8),(1898,'3',2,97,8),(1899,'2',3,97,8),(1900,'3',4,97,8),(1901,'2',5,97,8),(1902,'3',6,97,8),(1903,'2',7,97,8),(1904,'3',8,97,8),(1905,'3',9,97,8),(1906,'2',10,97,8),(1907,'3',11,97,8),(1908,'3',12,97,8),(1909,'4',1,89,7),(1910,'3',2,89,7),(1911,'3',3,89,7),(1912,'3',4,89,7),(1913,'3',5,89,7),(1914,'4',6,89,7),(1915,'3',7,89,7),(1916,'4',8,89,7),(1917,'4',9,89,7),(1918,'4',10,89,7),(1919,'3',11,89,7),(1920,'3',12,89,7),(1921,'4',1,65,128),(1922,'4',2,65,128),(1923,'4',3,65,128),(1924,'4',4,65,128),(1925,'4',5,65,128),(1926,'4',6,65,128),(1927,'4',7,65,128),(1928,'4',8,65,128),(1929,'4',9,65,128),(1930,'4',10,65,128),(1931,'4',11,65,128),(1932,'4',12,65,128),(1933,'4',1,102,71),(1934,'4',2,102,71),(1935,'4',3,102,71),(1936,'4',4,102,71),(1937,'4',5,102,71),(1938,'4',6,102,71),(1939,'4',7,102,71),(1940,'4',8,102,71),(1941,'4',9,102,71),(1942,'4',10,102,71),(1943,'4',11,102,71),(1944,'4',12,102,71),(1945,'2',2,56,128),(1946,'3',1,56,128),(1947,'3',3,56,128),(1948,'3',4,56,128),(1949,'3',5,56,128),(1950,'1',6,56,128),(1951,'3',7,56,128),(1952,'3',8,56,128),(1953,'4',9,56,128),(1954,'3',10,56,128),(1955,'3',11,56,128),(1956,'3',12,56,128),(1957,'4',1,75,71),(1958,'3',2,75,71),(1959,'4',3,75,71),(1960,'4',4,75,71),(1961,'4',5,75,71),(1962,'3',6,75,71),(1963,'4',7,75,71),(1964,'4',8,75,71),(1965,'4',9,75,71),(1966,'4',10,75,71),(1967,'3',11,75,71),(1968,'4',12,75,71),(1969,'4',3,101,118),(1970,'4',4,101,118),(1971,'4',1,101,118),(1972,'4',2,101,118),(1973,'3',5,101,118),(1974,'4',6,101,118),(1975,'4',7,101,118),(1976,'4',8,101,118),(1977,'4',9,101,118),(1978,'4',10,101,118),(1979,'4',11,101,118),(1980,'4',12,101,118),(1981,'4',1,99,119),(1982,'4',2,99,119),(1983,'4',3,99,119),(1984,'4',4,99,119),(1985,'3',5,99,119),(1986,'4',6,99,119),(1987,'4',7,99,119),(1988,'3',8,99,119),(1989,'3',9,99,119),(1990,'4',10,99,119),(1991,'4',11,99,119),(1992,'4',12,99,119),(1993,'4',1,88,70),(1994,'4',3,88,70),(1995,'4',4,88,70),(1996,'4',2,88,70),(1997,'4',1,80,77),(1998,'4',2,80,77),(1999,'4',3,80,77),(2000,'4',4,80,77),(2001,'4',5,80,77),(2002,'4',6,80,77),(2003,'3',7,80,77),(2004,'4',8,80,77),(2005,'4',9,80,77),(2006,'4',10,80,77),(2007,'4',11,80,77),(2008,'3',6,88,70),(2009,'3',7,88,70),(2010,'3',8,88,70),(2011,'4',5,88,70),(2012,'4',12,80,77),(2013,'4',9,88,70),(2014,'3',10,88,70),(2015,'3',11,88,70),(2016,'3',12,88,70),(2017,'3',1,76,13),(2018,'3',2,76,13),(2019,'3',4,76,13),(2020,'3',3,76,13),(2021,'3',5,76,13),(2022,'3',6,76,13),(2023,'3',7,76,13),(2024,'3',8,76,13),(2025,'4',9,76,13),(2026,'3',10,76,13),(2027,'4',1,90,77),(2028,'4',2,90,77),(2029,'4',3,90,77),(2030,'4',4,90,77),(2031,'4',11,76,13),(2032,'3',12,76,13),(2033,'4',5,90,77),(2034,'4',6,90,77),(2035,'4',7,90,77),(2036,'4',8,90,77),(2037,'4',9,90,77),(2038,'4',10,90,77),(2039,'4',11,90,77),(2040,'4',12,90,77),(2041,'4',1,85,48),(2042,'4',2,85,48),(2043,'3',3,85,48),(2044,'3',4,85,48),(2045,'3',5,85,48),(2046,'4',6,85,48),(2047,'4',7,85,48),(2048,'4',8,85,48),(2049,'3',9,85,48),(2050,'4',10,85,48),(2051,'3',11,85,48),(2052,'3',12,85,48),(2053,'4',1,102,119),(2054,'4',2,102,119),(2055,'4',3,102,119),(2056,'4',4,102,119),(2057,'4',5,102,119),(2058,'4',6,102,119),(2059,'4',7,102,119),(2060,'4',8,102,119),(2061,'4',9,102,119),(2062,'4',10,102,119),(2063,'4',11,102,119),(2064,'4',12,102,119),(2065,'3',1,97,74),(2066,'3',2,97,74),(2067,'3',3,97,74),(2068,'3',4,97,74),(2069,'3',5,97,74),(2070,'3',6,97,74),(2071,'3',7,97,74),(2072,'3',8,97,74),(2073,'3',9,97,74),(2074,'2',10,97,74),(2075,'3',11,97,74),(2076,'3',12,97,74),(2077,'4',1,73,77),(2078,'4',2,73,77),(2079,'4',3,73,77),(2080,'4',4,73,77),(2081,'4',5,73,77),(2082,'3',6,73,77),(2083,'4',7,73,77),(2084,'3',8,73,77),(2085,'4',9,73,77),(2086,'4',10,73,77),(2087,'4',11,73,77),(2088,'4',12,73,77),(2089,'4',1,56,48),(2090,'4',2,56,48),(2091,'4',3,56,48),(2092,'4',4,56,48),(2093,'4',5,56,48),(2094,'3',6,56,48),(2095,'4',7,56,48),(2096,'4',8,56,48),(2097,'4',9,56,48),(2098,'3',10,56,48),(2099,'4',11,56,48),(2100,'4',12,56,48),(2101,'3',1,54,78),(2102,'3',2,54,78),(2103,'3',3,54,78),(2104,'3',4,54,78),(2105,'2',5,54,78),(2106,'3',6,54,78),(2107,'3',7,54,78),(2108,'4',1,80,73),(2109,'4',3,80,73),(2110,'4',2,80,73),(2111,'4',4,80,73),(2112,'4',5,80,73),(2113,'4',6,80,73),(2114,'3',7,80,73),(2115,'4',8,80,73),(2116,'4',9,80,73),(2117,'4',10,80,73),(2118,'4',11,80,73),(2119,'4',12,80,73),(2120,'4',1,88,73),(2121,'4',2,88,73),(2122,'4',3,88,73),(2123,'4',4,88,73),(2124,'4',5,88,73),(2125,'4',6,88,73),(2126,'4',7,88,73),(2127,'4',8,88,73),(2128,'4',9,88,73),(2129,'4',10,88,73),(2130,'4',11,88,73),(2131,'4',12,88,73),(2132,'4',1,75,119),(2133,'4',2,75,119),(2134,'4',3,75,119),(2135,'4',4,75,119),(2136,'4',5,75,119),(2137,'4',6,75,119),(2138,'4',7,75,119),(2139,'4',8,75,119),(2140,'4',9,75,119),(2141,'4',10,75,119),(2142,'4',11,75,119),(2143,'4',12,75,119),(2144,'3',1,66,70),(2145,'3',2,66,70),(2146,'3',3,66,70),(2147,'3',4,66,70),(2148,'3',5,66,70),(2149,'3',6,66,70),(2150,'3',7,66,70),(2151,'4',8,66,70),(2152,'4',9,66,70),(2153,'4',10,66,70),(2154,'4',11,66,70),(2155,'4',12,66,70),(2156,'4',1,85,73),(2157,'4',2,85,73),(2158,'4',3,85,73),(2159,'3',4,85,73),(2160,'3',5,85,73),(2161,'4',6,85,73),(2162,'4',7,85,73),(2163,'4',8,85,73),(2164,'4',9,85,73),(2165,'4',10,85,73),(2166,'4',11,85,73),(2167,'4',12,85,73),(2168,'4',2,101,7),(2169,'4',1,101,7),(2170,'3',3,101,7),(2171,'3',4,101,7),(2172,'2',5,101,7),(2173,'3',6,101,7),(2174,'2',7,101,7),(2175,'4',8,101,7),(2176,'4',9,101,7),(2177,'4',10,101,7),(2178,'4',11,101,7),(2179,'4',12,101,7),(2180,'4',5,56,73),(2181,'3',6,56,73),(2182,'4',2,56,73),(2183,'4',1,56,73),(2184,'4',3,56,73),(2185,'4',4,56,73),(2186,'4',7,56,73),(2187,'4',8,56,73),(2188,'4',9,56,73),(2189,'3',10,56,73),(2190,'4',11,56,73),(2191,'4',12,56,73),(2192,'3',11,54,78),(2193,'3',8,54,78),(2194,'3',9,54,78),(2195,'2',10,54,78),(2196,'3',12,54,78),(2197,'4',1,103,119),(2198,'4',2,103,119),(2199,'3',4,103,119),(2200,'4',3,103,119),(2201,'3',5,103,119),(2202,'3',6,103,119),(2203,'4',7,103,119),(2204,'4',8,103,119),(2205,'4',9,103,119),(2206,'4',10,103,119),(2207,'3',11,103,119),(2208,'4',12,103,119),(2209,'3',1,90,128),(2210,'3',2,90,128),(2211,'3',3,90,128),(2212,'3',4,90,128),(2213,'3',5,90,128),(2214,'3',6,90,128),(2215,'3',7,90,128),(2216,'3',8,90,128),(2217,'4',9,90,128),(2218,'4',10,90,128),(2219,'3',11,90,128),(2220,'4',1,100,118),(2221,'4',2,100,118),(2222,'4',3,100,118),(2223,'4',4,100,118),(2224,'3',12,90,128),(2225,'4',5,100,118),(2226,'4',6,100,118),(2227,'4',7,100,118),(2228,'4',8,100,118),(2229,'4',9,100,118),(2230,'3',10,100,118),(2231,'4',11,100,118),(2232,'4',12,100,118),(2233,'4',1,88,118),(2234,'4',2,88,118),(2235,'4',3,88,118),(2236,'4',4,88,118),(2237,'4',5,88,118),(2238,'4',6,88,118),(2239,'4',7,88,118),(2240,'4',8,88,118),(2241,'4',9,88,118),(2242,'4',10,88,118),(2243,'4',11,88,118),(2244,'4',12,88,118),(2245,'2',1,64,129),(2246,'3',2,64,129),(2247,'1',3,64,129),(2248,'1',4,64,129),(2249,'3',5,64,129),(2250,'3',6,64,129),(2251,'4',1,66,73),(2252,'4',2,66,73),(2253,'4',3,66,73),(2254,'4',4,66,73),(2255,'1',7,64,129),(2256,'3',8,64,129),(2257,'2',9,64,129),(2258,'2',10,64,129),(2259,'2',11,64,129),(2260,'2',12,64,129),(2261,'4',6,66,73),(2262,'4',7,66,73),(2263,'4',8,66,73),(2264,'4',5,66,73),(2265,'4',10,66,73),(2266,'4',9,66,73),(2267,'4',11,66,73),(2268,'4',12,66,73),(2269,'3',2,54,74),(2270,'3',3,54,74),(2271,'3',4,54,74),(2272,'3',1,54,74),(2273,'2',5,54,74),(2274,'4',1,101,77),(2275,'4',2,101,77),(2276,'4',3,101,77),(2277,'4',4,101,77),(2278,'3',5,101,77),(2279,'4',6,101,77),(2280,'4',7,101,77),(2281,'4',8,101,77),(2282,'4',9,101,77),(2283,'4',10,101,77),(2284,'4',11,101,77),(2285,'4',12,101,77),(2286,'3',1,56,70),(2287,'2',2,56,70),(2288,'2',3,56,70),(2289,'3',4,56,70),(2290,'4',6,56,70),(2291,'2',7,56,70),(2292,'4',8,56,70),(2293,'4',5,56,70),(2294,'4',9,56,70),(2295,'3',11,56,70),(2296,'3',10,56,70),(2297,'3',12,56,70),(2298,'4',1,89,77),(2299,'4',2,89,77),(2300,'4',3,89,77),(2301,'4',4,89,77),(2302,'4',5,89,77),(2303,'4',6,89,77),(2304,'4',7,89,77),(2305,'4',8,89,77),(2306,'4',9,89,77),(2307,'4',10,89,77),(2308,'4',11,89,77),(2309,'4',12,89,77),(2310,'3',1,76,68),(2311,'3',2,76,68),(2312,'3',3,76,68),(2313,'3',4,76,68),(2314,'3',5,76,68),(2315,'3',6,76,68),(2316,'4',7,76,68),(2317,'3',8,76,68),(2318,'3',9,76,68),(2319,'2',10,76,68),(2320,'3',11,76,68),(2321,'3',12,76,68),(2322,'4',1,55,78),(2323,'2',1,80,128),(2324,'4',2,80,128),(2325,'4',3,80,128),(2326,'2',4,80,128),(2327,'3',5,80,128),(2328,'3',6,80,128),(2329,'3',7,80,128),(2330,'4',8,80,128),(2331,'2',9,80,128),(2332,'2',10,80,128),(2333,'3',11,80,128),(2334,'2',12,80,128),(2335,'3',6,54,74),(2336,'3',7,54,74),(2337,'3',8,54,74),(2338,'3',9,54,74),(2339,'3',11,54,74),(2340,'3',12,54,74),(2341,'2',10,54,74),(2342,'3',1,73,118),(2343,'4',2,73,118),(2344,'4',3,73,118),(2345,'4',4,73,118),(2346,'4',5,73,118),(2347,'4',6,73,118),(2348,'3',1,58,128),(2349,'3',2,58,128),(2350,'3',3,58,128),(2351,'3',4,58,128),(2352,'3',5,58,128),(2353,'2',6,58,128),(2354,'4',7,73,118),(2355,'4',8,73,118),(2356,'4',9,73,118),(2357,'3',10,73,118),(2358,'3',11,73,118),(2359,'3',7,58,128),(2360,'4',12,73,118),(2361,'3',8,58,128),(2362,'3',9,58,128),(2363,'3',10,58,128),(2364,'3',11,58,128),(2365,'3',12,58,128),(2366,'3',1,97,129),(2367,'3',2,97,129),(2368,'3',3,97,129),(2369,'3',4,97,129),(2370,'2',5,97,129),(2371,'3',6,97,129),(2372,'3',7,97,129),(2373,'3',8,97,129),(2374,'3',9,97,129),(2375,'2',10,97,129),(2376,'3',11,97,129),(2377,'4',1,65,48),(2378,'4',2,65,48),(2379,'4',3,65,48),(2380,'4',4,65,48),(2381,'4',5,65,48),(2382,'4',6,65,48),(2383,'3',12,97,129),(2384,'4',7,65,48),(2385,'4',8,65,48),(2386,'4',9,65,48),(2387,'4',10,65,48),(2388,'4',11,65,48),(2389,'4',12,65,48),(2390,'4',1,90,118),(2391,'4',4,90,118),(2392,'4',2,90,118),(2393,'4',3,90,118),(2394,'4',5,90,118),(2395,'4',6,90,118),(2396,'4',7,90,118),(2397,'4',8,90,118),(2398,'4',9,90,118),(2399,'4',10,90,118),(2400,'4',11,90,118),(2401,'4',12,90,118),(2402,'3',1,88,128),(2403,'3',2,88,128),(2404,'3',3,88,128),(2405,'3',4,88,128),(2406,'3',5,88,128),(2407,'3',6,88,128),(2408,'3',7,88,128),(2409,'3',8,88,128),(2410,'3',9,88,128),(2411,'3',10,88,128),(2412,'3',11,88,128),(2413,'3',12,88,128),(2414,'4',4,113,13),(2415,'3',1,113,13),(2416,'3',2,113,13),(2417,'3',3,113,13),(2418,'3',5,113,13),(2419,'3',6,113,13),(2420,'4',7,113,13),(2421,'4',8,113,13),(2422,'4',9,113,13),(2423,'3',10,113,13),(2424,'3',1,86,7),(2425,'3',2,86,7),(2426,'2',3,86,7),(2427,'1',4,86,7),(2428,'3',5,86,7),(2429,'3',6,86,7),(2430,'2',7,86,7),(2431,'3',8,86,7),(2432,'2',9,86,7),(2433,'3',10,86,7),(2434,'3',11,86,7),(2435,'3',12,86,7),(2436,'3',1,104,8),(2437,'3',2,104,8),(2438,'3',3,104,8),(2439,'3',4,104,8),(2440,'4',5,104,8),(2441,'3',6,104,8),(2442,'3',7,104,8),(2443,'3',8,104,8),(2444,'3',9,104,8),(2445,'3',10,104,8),(2446,'3',11,104,8),(2447,'4',12,104,8),(2448,'4',1,55,74),(2449,'4',2,55,74),(2450,'4',3,55,74),(2451,'4',4,55,74),(2452,'4',5,55,74),(2453,'4',6,55,74),(2454,'4',7,55,74),(2455,'4',8,55,74),(2456,'4',9,55,74),(2457,'4',10,55,74),(2458,'4',11,55,74),(2459,'4',12,55,74),(2460,'3',1,91,48),(2461,'1',2,91,48),(2462,'3',3,91,48),(2463,'1',4,91,48),(2464,'1',5,91,48),(2465,'3',6,91,48),(2466,'1',7,91,48),(2467,'1',8,91,48),(2468,'1',9,91,48),(2469,'2',10,91,48),(2470,'1',11,91,48),(2471,'1',12,91,48),(2472,'3',3,85,70),(2473,'3',2,85,70),(2474,'3',4,85,70),(2475,'3',1,85,70),(2476,'4',5,85,70),(2477,'3',6,85,70),(2478,'3',7,85,70),(2479,'3',8,85,70),(2480,'3',9,85,70),(2481,'3',10,85,70),(2482,'3',11,85,70),(2483,'3',12,85,70),(2484,'1',1,51,71),(2485,'2',2,51,71),(2486,'2',3,51,71),(2487,'2',4,51,71),(2488,'2',5,51,71),(2489,'2',6,51,71),(2490,'2',7,51,71),(2491,'3',8,51,71),(2492,'3',9,51,71),(2493,'2',10,51,71),(2494,'2',11,51,71),(2495,'2',12,51,71),(2496,'4',1,66,128),(2497,'4',2,66,128),(2498,'4',3,66,128),(2499,'4',4,66,128),(2500,'4',5,66,128),(2501,'4',6,66,128),(2502,'4',7,66,128),(2503,'4',8,66,128),(2504,'4',9,66,128),(2505,'4',10,66,128),(2506,'4',11,66,128),(2507,'4',12,66,128),(2508,'2',1,54,129),(2509,'2',2,54,129),(2510,'3',3,54,129),(2511,'2',4,54,129),(2512,'4',1,101,128),(2513,'3',2,101,128),(2514,'4',3,101,128),(2515,'4',4,101,128),(2516,'2',5,54,129),(2517,'2',6,54,129),(2518,'4',5,101,128),(2519,'2',1,64,71),(2520,'3',2,64,71),(2521,'1',3,64,71),(2522,'2',4,64,71),(2523,'3',6,101,128),(2524,'2',5,64,71),(2525,'3',6,64,71),(2526,'4',7,101,128),(2527,'4',8,101,128),(2528,'1',7,64,71),(2529,'4',9,101,128),(2530,'3',8,64,71),(2531,'2',9,64,71),(2532,'2',10,64,71),(2533,'3',10,101,128),(2534,'3',11,64,71),(2535,'2',12,64,71),(2536,'3',12,101,128),(2537,'4',11,101,128),(2538,'4',1,89,128),(2539,'4',2,89,128),(2540,'4',3,89,128),(2541,'4',4,89,128),(2542,'4',5,89,128),(2543,'4',6,89,128),(2544,'4',7,89,128),(2545,'4',8,89,128),(2546,'4',9,89,128),(2547,'4',10,89,128),(2548,'4',11,89,128),(2549,'4',12,89,128),(2550,'4',1,88,77),(2551,'4',2,88,77),(2552,'4',3,88,77),(2553,'4',4,88,77),(2554,'4',5,88,77),(2555,'4',6,88,77),(2556,'4',7,88,77),(2557,'4',8,88,77),(2558,'4',9,88,77),(2559,'4',10,88,77),(2560,'4',11,88,77),(2561,'4',12,88,77),(2562,'3',2,100,7),(2563,'3',1,100,7),(2564,'2',3,100,7),(2565,'3',4,100,7),(2566,'2',5,100,7),(2567,'3',6,100,7),(2568,'3',7,100,7),(2569,'2',8,100,7),(2570,'3',9,100,7),(2571,'3',10,100,7),(2572,'2',11,100,7),(2573,'3',12,100,7),(2574,'2',1,97,71),(2575,'3',2,97,71),(2576,'3',3,97,71),(2577,'3',4,97,71),(2578,'2',5,97,71),(2579,'3',6,97,71),(2580,'3',7,97,71),(2581,'3',8,97,71),(2582,'3',9,97,71),(2583,'2',10,97,71),(2584,'3',11,97,71),(2585,'3',12,97,71),(2586,'4',1,115,49),(2587,'4',2,115,49),(2588,'4',3,115,49),(2589,'4',4,115,49),(2590,'4',5,115,49),(2591,'4',6,115,49),(2592,'3',7,115,49),(2593,'4',8,115,49),(2594,'4',9,115,49),(2595,'4',10,115,49),(2596,'4',11,115,49),(2597,'4',12,115,49),(2598,'4',1,73,79),(2599,'4',2,73,79),(2600,'4',3,73,79),(2601,'4',4,73,79),(2602,'4',5,73,79),(2603,'4',6,73,79),(2604,'4',7,73,79),(2605,'4',8,73,79),(2606,'4',9,73,79),(2607,'4',10,73,79),(2608,'4',11,73,79),(2609,'4',12,73,79),(2610,'3',7,54,129),(2611,'1',8,54,129),(2612,'1',9,54,129),(2613,'1',10,54,129),(2614,'4',1,66,77),(2615,'4',2,66,77),(2616,'4',3,66,77),(2617,'4',4,66,77),(2618,'4',5,66,77),(2619,'4',6,66,77),(2620,'4',7,66,77),(2621,'4',8,66,77),(2622,'4',9,66,77),(2623,'3',1,68,9),(2624,'2',2,68,9),(2625,'2',3,68,9),(2626,'2',4,68,9),(2627,'4',10,66,77),(2628,'4',11,66,77),(2629,'4',12,66,77),(2630,'3',5,68,9),(2631,'3',6,68,9),(2632,'3',7,68,9),(2633,'3',8,68,9),(2634,'3',9,68,9),(2635,'3',10,68,9),(2636,'2',11,68,9),(2637,'3',12,68,9),(2638,'4',1,101,48),(2639,'4',3,101,48),(2640,'4',4,101,48),(2641,'4',2,101,48),(2642,'4',5,101,48),(2643,'4',6,101,48),(2644,'4',7,101,48),(2645,'4',8,101,48),(2646,'4',9,101,48),(2647,'3',10,101,48),(2648,'4',11,101,48),(2649,'4',12,101,48),(2650,'3',1,68,56),(2651,'3',2,68,56),(2652,'3',3,68,56),(2653,'3',4,68,56),(2654,'3',5,68,56),(2655,'3',6,68,56),(2656,'3',7,68,56),(2657,'3',8,68,56),(2658,'3',9,68,56),(2659,'3',10,68,56),(2660,'3',11,68,56),(2661,'3',12,68,56),(2662,'4',1,89,48),(2663,'3',2,89,48),(2664,'3',3,89,48),(2665,'4',4,89,48),(2666,'4',5,89,48),(2667,'4',6,89,48),(2668,'4',7,89,48),(2669,'4',8,89,48),(2670,'4',9,89,48),(2671,'4',10,89,48),(2672,'4',11,89,48),(2673,'4',12,89,48),(2674,'4',2,120,119),(2675,'4',1,120,119),(2676,'4',4,120,119),(2677,'4',3,120,119),(2678,'4',5,120,119),(2679,'4',6,120,119),(2680,'3',1,126,118),(2681,'3',2,126,118),(2682,'3',3,126,118),(2683,'3',4,126,118),(2684,'2',1,125,7),(2685,'1',2,125,7),(2686,'1',3,125,7),(2687,'2',4,125,7),(2688,'4',1,86,77),(2689,'4',2,86,77),(2690,'3',3,86,77),(2691,'3',4,86,77),(2692,'3',5,86,77),(2693,'3',6,86,77),(2694,'3',1,91,70),(2695,'3',2,91,70),(2696,'2',3,91,70),(2697,'4',4,91,70),(2698,'3',5,91,70),(2699,'3',6,91,70),(2700,'4',1,100,77),(2701,'4',2,100,77),(2702,'4',3,100,77),(2703,'4',4,100,77),(2704,'4',5,100,77),(2705,'1',5,125,7),(2706,'4',6,100,77),(2707,'1',6,125,7),(2708,'1',7,125,7),(2709,'1',8,125,7),(2710,'3',7,86,77),(2711,'4',1,97,119),(2712,'4',2,97,119),(2713,'4',3,97,119),(2714,'3',5,126,118),(2715,'4',6,126,118),(2716,'3',7,126,118),(2717,'4',8,126,118),(2718,'3',4,97,119),(2719,'4',5,97,119),(2720,'3',6,97,119),(2721,'4',9,86,77),(2722,'4',8,86,77),(2723,'3',10,86,77),(2724,'3',11,86,77),(2725,'4',12,86,77),(2726,'4',7,91,70),(2727,'4',8,91,70),(2728,'1',9,91,70),(2729,'2',10,91,70),(2730,'2',11,91,70),(2731,'1',12,91,70),(2732,'4',7,100,77),(2733,'4',8,100,77),(2734,'4',9,100,77),(2735,'4',10,100,77),(2736,'4',11,100,77),(2737,'3',1,121,71),(2738,'4',2,121,71),(2739,'4',3,121,71),(2740,'3',4,121,71),(2741,'4',5,121,71),(2742,'3',6,121,71),(2743,'2',9,125,7),(2744,'3',9,126,118),(2745,'3',10,126,118),(2746,'3',12,126,118),(2747,'3',11,126,118),(2748,'2',10,125,7),(2749,'1',11,125,7),(2750,'1',12,125,7),(2751,'3',7,121,71),(2752,'4',8,121,71),(2753,'3',9,121,71),(2754,'3',10,121,71),(2755,'4',11,121,71),(2756,'3',12,121,71),(2757,'3',1,58,48),(2758,'3',2,58,48),(2759,'3',3,58,48),(2760,'3',4,58,48),(2761,'3',5,58,48),(2762,'3',6,58,48),(2763,'3',7,58,48),(2764,'3',8,58,48),(2765,'3',9,58,48),(2766,'2',10,58,48),(2767,'2',11,58,48),(2768,'3',12,58,48),(2769,'3',1,126,7),(2770,'3',3,126,7),(2771,'3',2,126,7),(2772,'3',4,126,7),(2773,'3',5,126,7),(2774,'3',6,126,7),(2775,'3',7,126,7),(2776,'3',8,126,7),(2777,'3',9,126,7),(2778,'3',10,126,7),(2779,'3',12,126,7),(2780,'3',11,126,7),(2781,'4',1,68,50),(2782,'4',2,68,50),(2783,'4',3,68,50),(2784,'4',4,68,50),(2785,'4',5,68,50),(2786,'4',6,68,50),(2787,'4',7,68,50),(2788,'4',9,68,50),(2789,'4',8,68,50),(2790,'4',10,68,50),(2791,'4',11,68,50),(2792,'4',12,68,50),(2793,'4',1,101,73),(2794,'4',2,101,73),(2795,'4',3,101,73),(2796,'4',4,101,73),(2797,'3',5,101,73),(2798,'4',6,101,73),(2799,'4',7,101,73),(2800,'4',8,101,73),(2801,'4',9,101,73),(2802,'4',10,101,73),(2803,'4',11,101,73),(2804,'4',12,101,73),(2805,'4',1,89,73),(2806,'4',2,89,73),(2807,'4',3,89,73),(2808,'4',4,89,73),(2809,'4',5,89,73),(2810,'4',6,89,73),(2811,'4',7,89,73),(2812,'4',8,89,73),(2813,'4',9,89,73),(2814,'4',10,89,73),(2815,'4',11,89,73),(2816,'4',12,89,73),(2817,'4',1,125,48),(2818,'4',2,125,48),(2819,'4',3,125,48),(2820,'4',4,125,48),(2821,'4',5,125,48),(2822,'3',1,126,77),(2823,'3',3,126,77),(2824,'3',2,126,77),(2825,'3',4,126,77),(2826,'4',6,125,48),(2827,'4',7,125,48),(2828,'4',8,125,48),(2829,'4',9,125,48),(2830,'3',10,125,48),(2831,'4',11,125,48),(2832,'4',12,125,48),(2833,'3',6,126,77),(2834,'3',5,126,77),(2835,'4',7,126,77),(2836,'4',8,126,77),(2837,'3',9,126,77),(2838,'3',10,126,77),(2839,'4',11,126,77),(2840,'3',12,126,77),(2841,'4',1,137,74),(2842,'4',2,137,74),(2843,'4',3,137,74),(2844,'4',4,137,74),(2845,'4',5,137,74),(2846,'4',6,137,74),(2847,'4',7,137,74),(2848,'4',8,137,74),(2849,'4',9,137,74),(2850,'4',10,137,74),(2851,'4',11,137,74),(2852,'4',12,137,74),(2853,'3',1,125,70),(2854,'3',2,125,70),(2855,'3',3,125,70),(2856,'3',4,125,70),(2857,'3',5,125,70),(2858,'3',6,125,70),(2859,'3',7,125,70),(2860,'3',8,125,70),(2861,'3',9,125,70),(2862,'3',10,125,70),(2863,'3',11,125,70),(2864,'3',12,125,70),(2865,'3',2,126,128),(2866,'3',1,126,128),(2867,'3',3,126,128),(2868,'3',4,126,128),(2869,'4',5,126,128),(2870,'4',6,126,128),(2871,'3',7,126,128),(2872,'3',8,126,128),(2873,'3',9,126,128),(2874,'3',10,126,128),(2875,'4',11,126,128),(2876,'3',12,126,128),(2877,'4',4,68,75),(2878,'4',1,68,75),(2879,'4',2,68,75),(2880,'4',3,68,75),(2881,'4',5,68,75),(2882,'4',6,68,75),(2883,'4',7,68,75),(2884,'4',8,68,75),(2885,'4',9,68,75),(2886,'4',10,68,75),(2887,'4',11,68,75),(2888,'4',12,68,75),(2889,'3',1,126,73),(2890,'3',2,126,73),(2891,'3',3,126,73),(2892,'4',4,126,73),(2893,'3',5,126,73),(2894,'4',6,126,73),(2895,'3',7,126,73),(2896,'3',8,126,73),(2897,'4',9,126,73),(2898,'4',10,126,73),(2899,'3',11,126,73),(2900,'3',12,126,73),(2901,'3',1,101,70),(2902,'4',2,101,70),(2903,'3',3,101,70),(2904,'2',4,101,70),(2905,'4',6,101,70),(2906,'4',7,101,70),(2907,'4',8,101,70),(2908,'4',9,101,70),(2909,'3',10,101,70),(2910,'4',11,101,70),(2911,'3',5,101,70),(2912,'3',12,101,70),(2913,'4',1,125,73),(2914,'4',4,125,73),(2915,'4',2,125,73),(2916,'4',3,125,73),(2917,'4',5,125,73),(2918,'4',6,125,73),(2919,'4',7,125,73),(2920,'4',8,125,73),(2921,'4',9,125,73),(2922,'4',10,125,73),(2923,'4',11,125,73),(2924,'4',12,125,73),(2925,'4',1,91,73),(2926,'4',2,91,73),(2927,'4',3,91,73),(2928,'4',4,91,73),(2929,'4',5,91,73),(2930,'4',6,91,73),(2931,'4',7,91,73),(2932,'4',8,91,73),(2933,'4',9,91,73),(2934,'4',10,91,73),(2935,'4',11,91,73),(2936,'4',12,91,73),(2937,'4',1,68,120),(2938,'4',2,68,120),(2939,'4',3,68,120),(2940,'4',4,68,120),(2941,'4',5,68,120),(2942,'4',6,68,120),(2943,'4',7,68,120),(2944,'4',8,68,120),(2945,'4',9,68,120),(2946,'4',10,68,120),(2947,'4',11,68,120),(2948,'4',12,68,120),(2949,'3',1,126,48),(2950,'3',2,126,48),(2951,'3',3,126,48),(2952,'3',4,126,48),(2953,'3',5,126,48),(2954,'3',6,126,48),(2955,'3',7,126,48),(2956,'4',8,126,48),(2957,'4',9,126,48),(2958,'4',10,126,48),(2959,'4',11,126,48),(2960,'4',12,126,48),(2961,'4',1,138,7),(2962,'2',2,138,7),(2963,'1',3,138,7),(2964,'1',4,138,7),(2965,'3',5,138,7),(2966,'3',6,138,7),(2967,'1',7,138,7),(2968,'3',8,138,7),(2969,'1',9,138,7),(2970,'3',10,138,7),(2971,'3',11,138,7),(2972,'3',12,138,7),(2973,'3',2,58,70),(2974,'2',1,58,70),(2975,'3',3,58,70),(2976,'2',4,58,70),(2977,'2',5,58,70),(2978,'2',6,58,70),(2979,'3',7,58,70),(2980,'3',8,58,70),(2981,'2',9,58,70),(2982,'2',10,58,70),(2983,'3',11,58,70),(2984,'2',12,58,70),(2985,'3',1,86,128),(2986,'3',2,86,128),(2987,'3',3,86,128),(2988,'3',4,86,128),(2989,'3',5,86,128),(2990,'3',6,86,128),(2991,'4',1,125,77),(2992,'4',2,125,77),(2993,'4',3,125,77),(2994,'4',4,125,77),(2995,'3',7,86,128),(2996,'3',8,86,128),(2997,'3',9,86,128),(2998,'3',10,86,128),(2999,'4',11,86,128),(3000,'3',12,86,128),(3001,'4',5,125,77),(3002,'4',6,125,77),(3003,'4',7,125,77),(3004,'4',8,125,77),(3005,'3',2,140,9),(3006,'3',1,140,9),(3007,'4',4,140,9),(3008,'3',3,140,9),(3009,'4',9,125,77),(3010,'4',10,125,77),(3011,'4',11,125,77),(3012,'4',12,125,77),(3013,'3',5,140,9),(3014,'3',6,140,9),(3015,'3',7,140,9),(3016,'3',8,140,9),(3017,'3',9,140,9),(3018,'2',10,140,9),(3019,'2',11,140,9),(3020,'4',12,140,9),(3021,'4',1,139,78),(3022,'4',2,139,78),(3023,'4',3,139,78),(3024,'4',4,139,78),(3025,'4',5,139,78),(3026,'4',6,139,78),(3027,'3',7,139,78),(3028,'4',8,139,78),(3029,'4',9,139,78),(3030,'4',10,139,78),(3031,'4',11,139,78),(3032,'4',12,139,78),(3033,'3',1,140,50),(3034,'3',2,140,50),(3035,'3',3,140,50),(3036,'3',4,140,50),(3037,'3',5,140,50),(3038,'3',6,140,50),(3039,'3',7,140,50),(3040,'3',8,140,50),(3041,'4',10,140,50),(3042,'3',9,140,50),(3043,'3',11,140,50),(3044,'3',12,140,50),(3045,'4',1,141,70),(3046,'4',2,141,70),(3047,'4',3,141,70),(3048,'4',4,141,70),(3049,'4',5,141,70),(3050,'4',6,141,70),(3051,'4',7,141,70),(3052,'4',8,141,70),(3053,'4',9,141,70),(3054,'4',10,141,70),(3055,'4',11,141,70),(3056,'4',12,141,70),(3057,'4',1,125,118),(3058,'4',2,125,118),(3059,'4',3,125,118),(3060,'4',4,125,118),(3061,'4',5,125,118),(3062,'4',6,125,118),(3063,'4',7,125,118),(3064,'4',8,125,118),(3065,'4',9,125,118),(3066,'4',10,125,118),(3067,'4',11,125,118),(3068,'4',12,125,118),(3069,'4',1,58,73),(3070,'4',2,58,73),(3071,'4',3,58,73),(3072,'4',4,58,73),(3073,'4',5,58,73),(3074,'4',6,58,73),(3075,'4',7,58,73),(3076,'4',8,58,73),(3077,'4',9,58,73),(3078,'4',10,58,73),(3079,'4',11,58,73),(3080,'4',12,58,73),(3081,'4',1,91,77),(3082,'4',2,91,77),(3083,'4',3,91,77),(3084,'3',4,91,77),(3085,'4',5,91,77),(3086,'4',6,91,77),(3087,'4',7,91,77),(3088,'4',8,91,77),(3089,'4',9,91,77),(3090,'4',10,91,77),(3091,'4',11,91,77),(3092,'4',12,91,77),(3093,'3',1,125,128),(3094,'3',4,125,128),(3095,'3',2,125,128),(3096,'3',3,125,128),(3097,'3',5,125,128),(3098,'3',6,125,128),(3099,'3',7,125,128),(3100,'3',8,125,128),(3101,'3',9,125,128),(3102,'3',10,125,128),(3103,'3',11,125,128),(3104,'3',12,125,128),(3105,'3',1,142,118),(3106,'3',3,142,118),(3107,'3',4,142,118),(3108,'3',2,142,118),(3109,'3',5,142,118),(3110,'3',6,142,118),(3111,'3',7,142,118),(3112,'3',8,142,118),(3113,'3',9,142,118),(3114,'3',10,142,118),(3115,'3',11,142,118),(3116,'3',12,142,118),(3117,'3',1,140,56),(3118,'3',2,140,56),(3119,'3',3,140,56),(3120,'3',4,140,56),(3121,'3',5,140,56),(3122,'3',7,140,56),(3123,'3',8,140,56),(3124,'3',6,140,56),(3125,'3',10,140,56),(3126,'3',11,140,56),(3127,'3',9,140,56),(3128,'3',12,140,56),(3129,'4',1,139,119),(3130,'4',2,139,119),(3131,'4',4,139,119),(3132,'4',3,139,119),(3133,'4',5,139,119),(3134,'4',6,139,119),(3135,'4',7,139,119),(3136,'4',8,139,119),(3137,'4',9,139,119),(3138,'4',10,139,119),(3139,'4',11,139,119),(3140,'4',12,139,119),(3141,'3',1,142,7),(3142,'3',2,142,7),(3143,'3',3,142,7),(3144,'3',4,142,7),(3145,'3',5,142,7),(3146,'3',6,142,7),(3147,'4',7,142,7),(3148,'4',8,142,7),(3149,'4',9,142,7),(3150,'3',10,142,7),(3151,'3',11,142,7),(3152,'3',12,142,7),(3153,'4',1,86,48),(3154,'4',2,86,48),(3155,'3',3,86,48),(3156,'4',4,86,48),(3157,'3',5,86,48),(3158,'3',6,86,48),(3159,'3',7,86,48),(3160,'4',8,86,48),(3161,'3',9,86,48),(3162,'3',10,86,48),(3163,'3',11,86,48),(3164,'3',12,86,48),(3165,'4',2,138,118),(3166,'4',1,138,118),(3167,'3',3,138,118),(3168,'4',4,138,118),(3169,'4',6,138,118),(3170,'3',5,138,118),(3171,'4',7,138,118),(3172,'4',8,138,118),(3173,'4',9,138,118),(3174,'4',10,138,118),(3175,'4',11,138,118),(3176,'4',12,138,118),(3177,'4',3,54,119),(3178,'4',4,54,119),(3179,'3',1,140,72),(3180,'3',4,140,72),(3181,'3',2,140,72),(3182,'3',3,140,72),(3183,'3',5,140,72),(3184,'3',6,140,72),(3185,'3',7,140,72),(3186,'3',8,140,72),(3187,'3',9,140,72),(3188,'3',10,140,72),(3189,'3',11,140,72),(3190,'3',12,140,72),(3191,'3',1,142,77),(3192,'3',2,142,77),(3193,'3',3,142,77),(3194,'3',4,142,77),(3195,'4',1,54,119),(3196,'3',5,142,77),(3197,'3',6,142,77),(3198,'3',7,142,77),(3199,'3',8,142,77),(3200,'3',9,142,77),(3201,'3',10,142,77),(3202,'3',11,142,77),(3203,'3',12,142,77),(3204,'4',2,54,119),(3205,'4',1,140,75),(3206,'4',2,140,75),(3207,'4',3,140,75),(3208,'4',4,140,75),(3209,'4',5,140,75),(3210,'4',6,140,75),(3211,'4',7,140,75),(3212,'4',8,140,75),(3213,'4',9,140,75),(3214,'4',10,140,75),(3215,'4',11,140,75),(3216,'4',12,140,75),(3217,'3',2,142,128),(3218,'3',1,142,128),(3219,'3',3,142,128),(3220,'3',4,142,128),(3221,'3',5,142,128),(3222,'4',7,142,128),(3223,'3',6,142,128),(3224,'3',8,142,128),(3225,'3',9,142,128),(3226,'3',10,142,128),(3227,'3',11,142,128),(3228,'3',12,142,128),(3229,'4',1,139,129),(3230,'4',2,139,129),(3231,'4',3,139,129),(3232,'4',4,139,129),(3233,'4',5,139,129),(3234,'4',6,139,129),(3235,'4',7,139,129),(3236,'4',8,139,129),(3237,'4',9,139,129),(3238,'4',10,139,129),(3239,'4',11,139,129),(3240,'4',12,139,129),(3241,'4',1,140,130),(3242,'4',3,140,130),(3243,'4',4,140,130),(3244,'4',2,140,130),(3245,'4',5,140,130),(3246,'4',6,140,130),(3247,'4',7,140,130),(3248,'4',8,140,130),(3249,'4',9,140,130),(3250,'4',10,140,130),(3251,'4',11,140,130),(3252,'4',12,140,130),(3253,'3',1,142,48),(3254,'3',3,142,48),(3255,'3',2,142,48),(3256,'3',4,142,48),(3257,'4',1,138,77),(3258,'4',2,138,77),(3259,'4',3,138,77),(3260,'4',4,138,77),(3261,'3',5,138,77),(3262,'4',6,138,77),(3263,'3',5,142,48),(3264,'3',6,142,48),(3265,'3',7,142,48),(3266,'3',8,142,48),(3267,'4',1,86,73),(3268,'4',2,86,73),(3269,'4',3,86,73),(3270,'3',4,86,73),(3271,'4',7,138,77),(3272,'3',5,86,73),(3273,'4',8,138,77),(3274,'3',6,86,73),(3275,'4',9,138,77),(3276,'4',10,138,77),(3277,'4',11,138,77),(3278,'4',12,138,77),(3279,'3',7,86,73),(3280,'4',8,86,73),(3281,'3',9,86,73),(3282,'3',10,86,73),(3283,'4',11,86,73),(3284,'4',12,86,73),(3285,'3',1,68,72),(3286,'2',3,68,72),(3287,'3',4,68,72),(3288,'3',2,68,72),(3289,'2',5,68,72),(3290,'3',6,68,72),(3291,'3',7,68,72),(3292,'3',8,68,72),(3293,'3',9,68,72),(3294,'3',10,68,72),(3295,'3',11,68,72),(3296,'3',12,68,72),(3297,'3',9,142,48),(3298,'4',10,142,48),(3299,'4',11,142,48),(3300,'3',12,142,48),(3301,'3',1,144,7),(3302,'1',2,144,7),(3303,'1',3,144,7),(3304,'3',4,144,7),(3305,'3',5,144,7),(3306,'1',6,144,7),(3307,'1',7,144,7),(3308,'1',8,144,7),(3309,'1',9,144,7),(3310,'3',10,144,7),(3311,'1',11,144,7),(3312,'1',12,144,7),(3313,'3',1,142,73),(3314,'3',3,142,73),(3315,'3',2,142,73),(3316,'3',4,142,73),(3317,'3',5,142,73),(3318,'3',6,142,73),(3319,'3',7,142,73),(3320,'3',8,142,73),(3321,'4',9,142,73),(3322,'4',10,142,73),(3323,'3',11,142,73),(3324,'3',12,142,73),(3325,'4',1,140,120),(3326,'4',2,140,120),(3327,'4',3,140,120),(3328,'4',4,140,120),(3329,'4',5,140,120),(3330,'4',6,140,120),(3331,'4',7,140,120),(3332,'4',8,140,120),(3333,'4',9,140,120),(3334,'4',10,140,120),(3335,'4',11,140,120),(3336,'3',12,140,120),(3337,'1',1,144,48),(3338,'4',2,144,48),(3339,'4',3,144,48),(3340,'4',4,144,48),(3341,'4',5,144,48),(3342,'4',6,144,48),(3343,'4',7,144,48),(3344,'4',8,144,48),(3345,'4',9,144,48),(3346,'4',10,144,48),(3347,'4',11,144,48),(3348,'4',12,144,48),(3349,'3',1,142,70),(3350,'3',2,142,70),(3351,'3',3,142,70),(3352,'3',4,142,70),(3353,'3',5,142,70),(3354,'3',6,142,70),(3355,'3',7,142,70),(3356,'3',8,142,70),(3357,'3',9,142,70),(3358,'3',10,142,70),(3359,'3',11,142,70),(3360,'3',12,142,70),(3361,'3',1,144,70),(3362,'3',2,144,70),(3363,'3',3,144,70),(3364,'3',4,144,70),(3365,'3',5,144,70),(3366,'3',6,144,70),(3367,'3',7,144,70),(3368,'3',8,144,70),(3369,'3',9,144,70),(3370,'3',10,144,70),(3371,'3',11,144,70),(3372,'3',12,144,70),(3373,'4',1,144,73),(3374,'4',2,144,73),(3375,'4',3,144,73),(3376,'4',4,144,73),(3377,'4',5,144,73),(3378,'4',6,144,73),(3379,'4',7,144,73),(3380,'4',8,144,73),(3381,'4',9,144,73),(3382,'4',10,144,73),(3383,'4',11,144,73),(3384,'4',12,144,73),(3385,'4',1,146,8),(3386,'4',2,146,8),(3387,'4',3,146,8),(3388,'4',4,146,8),(3389,'4',5,146,8),(3390,'4',6,146,8),(3391,'3',7,146,8),(3392,'4',8,146,8),(3393,'4',9,146,8),(3394,'4',10,146,8),(3395,'4',11,146,8),(3396,'4',12,146,8),(3397,'4',2,144,77),(3398,'4',1,144,77),(3399,'4',3,144,77),(3400,'4',4,144,77),(3401,'4',5,144,77),(3402,'4',6,144,77),(3403,'4',7,144,77),(3404,'4',8,144,77),(3405,'4',9,144,77),(3406,'4',10,144,77),(3407,'4',11,144,77),(3408,'4',12,144,77),(3409,'4',1,86,70),(3410,'3',2,86,70),(3411,'2',3,86,70),(3412,'3',4,86,70),(3413,'3',5,86,70),(3414,'3',6,86,70),(3415,'3',7,86,70),(3416,'3',8,86,70),(3417,'3',9,86,70),(3418,'3',10,86,70),(3419,'4',11,86,70),(3420,'3',12,86,70),(3421,'3',1,138,128),(3422,'4',2,138,128),(3423,'2',3,138,128),(3424,'4',4,138,128),(3425,'4',5,138,128),(3426,'3',6,138,128),(3427,'4',7,138,128),(3428,'3',8,138,128),(3429,'3',9,138,128),(3430,'4',10,138,128),(3431,'3',11,138,128),(3432,'3',12,138,128),(3433,'4',1,144,118),(3434,'4',2,144,118),(3435,'4',3,144,118),(3436,'4',4,144,118),(3437,'4',5,144,118),(3438,'4',6,144,118),(3439,'4',7,144,118),(3440,'4',8,144,118),(3441,'4',9,144,118),(3442,'4',10,144,118),(3443,'4',11,144,118),(3444,'4',12,144,118),(3445,'3',1,148,3),(3446,'4',1,151,6),(3447,'4',3,151,6),(3448,'4',2,151,6),(3449,'4',4,151,6),(3450,'4',5,151,6),(3451,'4',7,151,6),(3452,'4',6,151,6),(3453,'4',9,151,6),(3454,'3',10,151,6),(3455,'4',1,147,120),(3456,'3',2,147,120),(3457,'4',11,151,6),(3458,'3',3,147,120),(3459,'4',4,147,120),(3460,'4',5,147,120),(3461,'4',12,151,6),(3462,'4',6,147,120),(3463,'4',7,147,120),(3464,'4',8,147,120),(3465,'4',9,147,120),(3466,'4',10,147,120),(3467,'4',11,147,120),(3468,'4',12,147,120),(3469,'3',8,151,6),(3470,'4',2,146,49),(3471,'4',1,146,49),(3472,'4',3,146,49),(3473,'4',4,146,49),(3474,'4',5,146,49),(3475,'4',6,146,49),(3476,'4',7,146,49),(3477,'4',8,146,49),(3478,'4',9,146,49),(3479,'4',10,146,49),(3480,'4',11,146,49),(3481,'4',12,146,49),(3482,'3',1,149,118),(3483,'3',2,149,118),(3484,'3',3,149,118),(3485,'3',4,149,118),(3486,'3',5,149,118),(3487,'3',6,149,118),(3488,'3',7,149,118),(3489,'3',8,149,118),(3490,'4',9,149,118),(3491,'3',10,149,118),(3492,'3',11,149,118),(3493,'3',12,149,118),(3494,'2',3,148,3),(3495,'1',4,148,3),(3496,'1',5,148,3),(3497,'2',6,148,3),(3498,'4',8,148,3),(3499,'1',9,148,3),(3500,'2',10,148,3),(3501,'1',11,148,3),(3502,'2',12,148,3),(3503,'1',2,148,3),(3504,'3',1,150,81),(3505,'3',2,150,81),(3506,'3',3,150,81),(3507,'3',4,150,81),(3508,'3',5,150,81),(3509,'4',6,150,81),(3510,'3',7,150,81),(3511,'3',8,150,81),(3512,'4',9,150,81),(3513,'3',10,150,81),(3514,'3',11,150,81),(3515,'3',12,150,81),(3516,'4',7,148,3),(3517,'1',1,144,128),(3518,'1',2,144,128),(3519,'1',3,144,128),(3520,'1',4,144,128),(3521,'1',5,144,128),(3522,'1',6,144,128),(3523,'1',7,144,128),(3524,'1',8,144,128),(3525,'1',9,144,128),(3526,'1',10,144,128),(3527,'1',11,144,128),(3528,'1',12,144,128),(3529,'3',1,149,7),(3530,'3',2,149,7),(3531,'3',3,149,7),(3532,'3',4,149,7),(3533,'3',5,149,7),(3534,'3',6,149,7),(3535,'3',7,149,7),(3536,'3',8,149,7),(3537,'3',9,149,7),(3538,'3',10,149,7),(3539,'3',11,149,7),(3540,'3',12,149,7),(3541,'4',1,138,48),(3542,'4',2,138,48),(3543,'2',3,138,48),(3544,'4',4,138,48),(3545,'3',5,138,48),(3546,'4',6,138,48),(3547,'3',7,138,48),(3548,'4',8,138,48),(3549,'4',9,138,48),(3550,'4',10,138,48),(3551,'4',11,138,48),(3552,'4',12,138,48),(3553,'3',1,147,9),(3554,'3',2,147,9),(3555,'2',3,147,9),(3556,'3',4,147,9),(3557,'2',5,147,9),(3558,'2',6,147,9),(3559,'2',7,147,9),(3560,'3',8,147,9),(3561,'3',9,147,9),(3562,'3',10,147,9),(3563,'3',11,147,9),(3564,'3',12,147,9),(3565,'2',1,148,14),(3566,'1',2,148,14),(3567,'1',3,148,14),(3568,'1',4,148,14),(3569,'1',5,148,14),(3570,'1',6,148,14),(3571,'1',7,148,14),(3572,'3',8,148,14),(3573,'1',9,148,14),(3574,'1',10,148,14),(3575,'1',11,148,14),(3576,'1',12,148,14),(3577,'3',1,150,33),(3578,'3',2,150,33),(3579,'3',3,150,33),(3580,'3',4,150,33),(3581,'3',5,150,33),(3582,'3',6,150,33),(3583,'3',7,150,33),(3584,'3',8,150,33),(3585,'3',9,150,33),(3586,'3',10,150,33),(3587,'3',11,150,33),(3588,'3',12,150,33),(3589,'4',1,146,74),(3590,'4',2,146,74),(3591,'4',3,146,74),(3592,'4',4,146,74),(3593,'4',5,146,74),(3594,'4',6,146,74),(3595,'4',7,146,74),(3596,'4',8,146,74),(3597,'4',9,146,74),(3598,'3',10,146,74),(3599,'4',11,146,74),(3600,'4',12,146,74),(3601,'3',2,145,81),(3602,'3',3,145,81),(3603,'3',4,145,81),(3604,'3',1,145,81),(3605,'3',5,145,81),(3606,'3',6,145,81),(3607,'3',7,145,81),(3608,'3',8,145,81),(3609,'3',9,145,81),(3610,'3',10,145,81),(3611,'3',11,145,81),(3612,'3',12,145,81),(3613,'3',1,150,45),(3614,'3',2,150,45),(3615,'3',3,150,45),(3616,'3',4,150,45),(3617,'3',5,150,45),(3618,'3',6,150,45),(3619,'3',7,150,45),(3620,'3',8,150,45),(3621,'3',9,150,45),(3622,'3',10,150,45),(3623,'3',11,150,45),(3624,'3',12,150,45),(3625,'4',1,149,77),(3626,'4',2,149,77),(3627,'4',3,149,77),(3628,'4',4,149,77),(3629,'4',5,149,77),(3630,'4',6,149,77),(3631,'4',7,149,77),(3632,'3',8,149,77),(3633,'4',9,149,77),(3634,'4',10,149,77),(3635,'3',11,149,77),(3636,'3',12,149,77),(3637,'3',1,147,50),(3638,'3',2,147,50),(3639,'3',3,147,50),(3640,'3',4,147,50),(3641,'3',5,147,50),(3642,'3',6,147,50),(3643,'4',7,147,50),(3644,'4',8,147,50),(3645,'4',9,147,50),(3646,'4',10,147,50),(3647,'4',11,147,50),(3648,'4',12,147,50),(3649,'4',1,148,30),(3650,'4',2,148,30),(3651,'4',3,148,30),(3652,'4',4,148,30),(3653,'4',5,148,30),(3654,'4',6,148,30),(3655,'4',7,148,30),(3656,'4',8,148,30),(3657,'4',9,148,30),(3658,'4',10,148,30),(3659,'4',11,148,30),(3660,'4',12,148,30),(3661,'4',1,138,73),(3662,'4',2,138,73),(3663,'3',3,138,73),(3664,'4',4,138,73),(3665,'3',5,138,73),(3666,'4',6,138,73),(3667,'4',7,138,73),(3668,'4',8,138,73),(3669,'4',9,138,73),(3670,'4',10,138,73),(3671,'4',11,138,73),(3672,'4',12,138,73),(3673,'4',1,146,78),(3674,'4',2,146,78),(3675,'4',3,146,78),(3676,'4',4,146,78),(3677,'4',5,146,78),(3678,'4',6,146,78),(3679,'4',7,146,78),(3680,'4',8,146,78),(3681,'4',9,146,78),(3682,'4',10,146,78),(3683,'4',11,146,78),(3684,'4',12,146,78),(3685,'1',1,147,56),(3686,'1',2,147,56),(3687,'1',3,147,56),(3688,'1',4,147,56),(3689,'1',5,147,56),(3690,'1',6,147,56),(3691,'1',7,147,56),(3692,'1',8,147,56),(3693,'1',9,147,56),(3694,'1',10,147,56),(3695,'1',11,147,56),(3696,'1',12,147,56),(3697,'3',1,161,33),(3698,'3',2,161,33),(3699,'3',3,161,33),(3700,'3',4,161,33),(3701,'3',5,161,33),(3702,'3',6,161,33),(3703,'3',7,161,33),(3704,'3',8,161,33),(3705,'3',9,161,33),(3706,'3',10,161,33),(3707,'3',11,161,33),(3708,'3',12,161,33),(3709,'1',1,147,72),(3710,'1',2,147,72),(3711,'1',3,147,72),(3712,'1',4,147,72),(3713,'1',5,147,72),(3714,'1',6,147,72),(3715,'3',7,147,72),(3716,'3',8,147,72),(3717,'1',9,147,72),(3718,'1',10,147,72),(3719,'1',11,147,72),(3720,'1',12,147,72),(3721,'4',1,159,81),(3722,'4',2,159,81),(3723,'3',3,159,81),(3724,'4',4,159,81),(3725,'4',5,159,81),(3726,'4',6,159,81),(3727,'3',7,159,81),(3728,'4',8,159,81),(3729,'4',9,159,81),(3730,'4',10,159,81),(3731,'4',11,159,81),(3732,'4',12,159,81),(3733,'4',1,138,70),(3734,'3',2,138,70),(3735,'2',3,138,70),(3736,'2',4,138,70),(3737,'4',6,138,70),(3738,'4',5,138,70),(3739,'3',7,138,70),(3740,'4',8,138,70),(3741,'3',9,138,70),(3742,'4',10,138,70),(3743,'3',11,138,70),(3744,'3',12,138,70),(3745,'3',1,150,123),(3746,'3',4,150,123),(3747,'3',2,150,123),(3748,'3',3,150,123),(3749,'3',5,150,123),(3750,'3',6,150,123),(3751,'3',7,150,123),(3752,'3',8,150,123),(3753,'3',9,150,123),(3754,'3',10,150,123),(3755,'3',11,150,123),(3756,'3',12,150,123),(3757,'4',1,146,129),(3758,'4',2,146,129),(3759,'4',3,146,129),(3760,'4',4,146,129),(3761,'4',5,146,129),(3762,'4',6,146,129),(3763,'4',7,146,129),(3764,'4',8,146,129),(3765,'4',9,146,129),(3766,'4',10,146,129),(3767,'4',11,146,129),(3768,'4',12,146,129),(3769,'3',1,163,45),(3770,'3',2,163,45),(3771,'3',3,163,45),(3772,'3',4,163,45),(3773,'3',5,163,45),(3774,'3',6,163,45),(3775,'3',7,163,45),(3776,'3',8,163,45),(3777,'3',9,163,45),(3778,'3',10,163,45),(3779,'3',11,163,45),(3780,'3',12,163,45),(3781,'3',1,147,75),(3782,'3',2,147,75),(3783,'3',3,147,75),(3784,'3',4,147,75),(3785,'3',5,147,75),(3786,'3',6,147,75),(3787,'3',7,147,75),(3788,'3',8,147,75),(3789,'3',9,147,75),(3790,'3',10,147,75),(3791,'3',11,147,75),(3792,'3',12,147,75),(3793,'3',1,149,128),(3794,'4',2,149,128),(3795,'4',3,149,128),(3796,'3',4,149,128),(3797,'3',5,149,128),(3798,'3',6,149,128),(3799,'3',7,149,128),(3800,'3',8,149,128),(3801,'3',9,149,128),(3802,'3',10,149,128),(3803,'3',11,149,128),(3804,'3',12,149,128),(3805,'4',1,160,118),(3806,'4',2,160,118),(3807,'4',3,160,118),(3808,'4',4,160,118),(3809,'4',5,160,118),(3810,'4',6,160,118),(3811,'4',7,160,118),(3812,'4',8,160,118),(3813,'4',9,160,118),(3814,'4',10,160,118),(3815,'4',11,160,118),(3816,'4',12,160,118),(3817,'3',1,165,45),(3818,'3',2,165,45),(3819,'3',3,165,45),(3820,'3',4,165,45),(3821,'3',5,165,45),(3822,'3',6,165,45),(3823,'3',7,165,45),(3824,'3',8,165,45),(3825,'3',9,165,45),(3826,'3',10,165,45),(3827,'3',11,165,45),(3828,'3',12,165,45),(3829,'4',1,147,130),(3830,'4',2,147,130),(3831,'4',3,147,130),(3832,'4',4,147,130),(3833,'4',5,147,130),(3834,'4',6,147,130),(3835,'3',7,147,130),(3836,'3',8,147,130),(3837,'4',9,147,130),(3838,'3',10,147,130),(3839,'3',11,147,130),(3840,'3',12,147,130),(3841,'4',1,146,71),(3842,'4',2,146,71),(3843,'4',3,146,71),(3844,'3',4,146,71),(3845,'4',5,146,71),(3846,'3',6,146,71),(3847,'4',7,146,71),(3848,'3',8,146,71),(3849,'4',9,146,71),(3850,'3',10,146,71),(3851,'3',11,146,71),(3852,'4',12,146,71),(3853,'3',1,164,17),(3854,'3',2,164,17),(3855,'3',3,164,17),(3856,'3',4,164,17),(3857,'3',5,164,17),(3858,'3',6,164,17),(3859,'3',7,164,17),(3860,'3',8,164,17),(3861,'3',9,164,17),(3862,'3',10,164,17),(3863,'3',11,164,17),(3864,'3',12,164,17),(3865,'3',1,162,118),(3866,'3',2,162,118),(3867,'3',3,162,118),(3868,'3',4,162,118),(3869,'4',5,162,118),(3870,'3',6,162,118),(3871,'3',7,162,118),(3872,'4',8,162,118),(3873,'4',9,162,118),(3874,'3',10,162,118),(3875,'4',11,162,118),(3876,'3',12,162,118),(3877,'4',1,146,119),(3878,'4',2,146,119),(3879,'4',3,146,119),(3880,'4',4,146,119),(3881,'4',5,146,119),(3882,'4',6,146,119),(3883,'4',7,146,119),(3884,'4',8,146,119),(3885,'4',9,146,119),(3886,'4',10,146,119),(3887,'4',11,146,119),(3888,'4',12,146,119),(3889,'4',4,159,33),(3890,'4',1,159,33),(3891,'4',2,159,33),(3892,'3',3,159,33),(3893,'4',5,159,33),(3894,'4',6,159,33),(3895,'3',7,159,33),(3896,'4',8,159,33),(3897,'4',9,159,33),(3898,'3',10,159,33),(3899,'4',12,159,33),(3900,'3',11,159,33),(3901,'3',1,165,47),(3902,'3',2,165,47),(3903,'3',3,165,47),(3904,'3',4,165,47),(3905,'3',5,165,47),(3906,'3',6,165,47),(3907,'3',7,165,47),(3908,'3',8,165,47),(3909,'3',9,165,47),(3910,'3',10,165,47),(3911,'3',11,165,47),(3912,'3',12,165,47),(3913,'3',1,164,36),(3914,'3',2,164,36),(3915,'3',3,164,36),(3916,'3',4,164,36),(3917,'3',5,164,36),(3918,'3',6,164,36),(3919,'3',7,164,36),(3920,'3',8,164,36),(3921,'3',9,164,36),(3922,'3',10,164,36),(3923,'3',11,164,36),(3924,'3',12,164,36),(3925,'4',1,149,48),(3926,'4',2,149,48),(3927,'3',3,149,48),(3928,'3',4,149,48),(3929,'3',5,149,48),(3930,'3',6,149,48),(3931,'3',7,149,48),(3932,'3',8,149,48),(3933,'3',9,149,48),(3934,'4',10,149,48),(3935,'4',11,149,48),(3936,'4',12,149,48),(3937,'4',1,160,7),(3938,'3',2,160,7),(3939,'3',3,160,7),(3940,'3',4,160,7),(3941,'4',5,160,7),(3942,'4',6,160,7),(3943,'3',7,160,7),(3944,'3',8,160,7),(3945,'3',9,160,7),(3946,'4',10,160,7),(3947,'3',11,160,7),(3948,'4',12,160,7),(3949,'4',1,160,77),(3950,'4',2,160,77),(3951,'4',3,160,77),(3952,'4',4,160,77),(3953,'4',5,160,77),(3954,'4',6,160,77),(3955,'4',7,160,77),(3956,'4',8,160,77),(3957,'4',9,160,77),(3958,'4',10,160,77),(3959,'4',11,160,77),(3960,'4',12,160,77),(3961,'3',1,165,17),(3962,'3',2,165,17),(3963,'3',3,165,17),(3964,'3',4,165,17),(3965,'3',5,165,17),(3966,'3',6,165,17),(3967,'3',7,165,17),(3968,'3',8,165,17),(3969,'3',9,165,17),(3970,'3',10,165,17),(3971,'3',11,165,17),(3972,'3',12,165,17),(3973,'4',1,159,45),(3974,'4',4,159,45),(3975,'4',2,159,45),(3976,'4',3,159,45),(3977,'4',6,159,45),(3978,'4',5,159,45),(3979,'4',7,159,45),(3980,'4',8,159,45),(3981,'4',9,159,45),(3982,'4',10,159,45),(3983,'4',11,159,45),(3984,'4',12,159,45),(3985,'3',1,162,7),(3986,'2',2,162,7),(3987,'2',3,162,7),(3988,'3',4,162,7),(3989,'3',5,162,7),(3990,'3',6,162,7),(3991,'2',7,162,7),(3992,'3',8,162,7),(3993,'2',9,162,7),(3994,'3',10,162,7),(3995,'2',11,162,7),(3996,'3',12,162,7),(3997,'3',1,160,128),(3998,'3',2,160,128),(3999,'3',3,160,128),(4000,'3',4,160,128),(4001,'3',5,160,128),(4002,'3',6,160,128),(4003,'3',7,160,128),(4004,'3',8,160,128),(4005,'4',9,160,128),(4006,'3',10,160,128),(4007,'3',11,160,128),(4008,'4',12,160,128),(4009,'4',1,168,8),(4010,'3',2,168,8),(4011,'3',3,168,8),(4012,'3',4,168,8),(4013,'3',5,168,8),(4014,'3',6,168,8),(4015,'2',7,168,8),(4016,'4',8,168,8),(4017,'4',9,168,8),(4018,'3',10,168,8),(4019,'4',11,168,8),(4020,'3',12,168,8),(4021,'4',3,159,123),(4022,'4',1,159,123),(4023,'4',2,159,123),(4024,'4',4,159,123),(4025,'4',5,159,123),(4026,'4',6,159,123),(4027,'4',7,159,123),(4028,'4',8,159,123),(4029,'4',9,159,123),(4030,'4',10,159,123),(4031,'4',11,159,123),(4032,'4',12,159,123),(4033,'3',1,165,55),(4034,'3',2,165,55),(4035,'3',3,165,55),(4036,'3',4,165,55),(4037,'3',5,165,55),(4038,'3',6,165,55),(4039,'3',7,165,55),(4040,'3',8,165,55),(4041,'3',9,165,55),(4042,'3',10,165,55),(4043,'3',11,165,55),(4044,'3',12,165,55),(4045,'4',1,149,73),(4046,'4',2,149,73),(4047,'4',3,149,73),(4048,'4',4,149,73),(4049,'4',5,149,73),(4050,'4',6,149,73),(4051,'4',7,149,73),(4052,'4',8,149,73),(4053,'3',9,149,73),(4054,'4',10,149,73),(4055,'4',11,149,73),(4056,'4',12,149,73),(4057,'3',1,165,43),(4058,'3',3,165,43),(4059,'3',2,165,43),(4060,'3',4,165,43),(4061,'3',5,165,43),(4062,'3',6,165,43),(4063,'3',7,165,43),(4064,'3',8,165,43),(4065,'3',9,165,43),(4066,'3',10,165,43),(4067,'3',11,165,43),(4068,'3',12,165,43),(4069,'3',1,170,96),(4070,'3',2,170,96),(4071,'3',3,170,96),(4072,'3',4,170,96),(4073,'3',5,170,96),(4074,'3',6,170,96),(4075,'3',7,170,96),(4076,'3',8,170,96),(4077,'3',9,170,96),(4078,'3',10,170,96),(4079,'3',11,170,96),(4080,'3',12,170,96),(4081,'4',1,160,48),(4082,'4',2,160,48),(4083,'4',3,160,48),(4084,'4',4,160,48),(4085,'4',5,160,48),(4086,'4',6,160,48),(4087,'4',7,160,48),(4088,'4',8,160,48),(4089,'4',9,160,48),(4090,'4',10,160,48),(4091,'4',11,160,48),(4092,'4',12,160,48),(4093,'4',2,162,77),(4094,'4',3,162,77),(4095,'4',4,162,77),(4096,'4',1,162,77),(4097,'4',5,162,77),(4098,'4',6,162,77),(4099,'3',7,162,77),(4100,'4',8,162,77),(4101,'4',9,162,77),(4102,'4',10,162,77),(4103,'4',11,162,77),(4104,'4',12,162,77),(4105,'3',1,149,70),(4106,'3',3,149,70),(4107,'3',2,149,70),(4108,'3',4,149,70),(4109,'3',7,149,70),(4110,'3',5,149,70),(4111,'3',6,149,70),(4112,'3',8,149,70),(4113,'3',9,149,70),(4114,'3',10,149,70),(4115,'3',11,149,70),(4116,'3',12,149,70),(4117,'3',3,168,49),(4118,'3',2,168,49),(4119,'4',1,168,49),(4120,'4',4,168,49),(4121,'3',5,168,49),(4122,'3',6,168,49),(4123,'4',7,168,49),(4124,'4',8,168,49),(4125,'4',9,168,49),(4126,'3',10,168,49),(4127,'4',11,168,49),(4128,'3',12,168,49),(4129,'4',1,159,17),(4130,'4',2,159,17),(4131,'4',3,159,17),(4132,'4',4,159,17),(4133,'4',6,159,17),(4134,'4',7,159,17),(4135,'4',8,159,17),(4136,'4',5,159,17),(4137,'4',9,159,17),(4138,'4',10,159,17),(4139,'4',11,159,17),(4140,'4',12,159,17),(4141,'4',1,171,118),(4142,'4',2,171,118),(4143,'4',3,171,118),(4144,'4',4,171,118),(4145,'4',5,171,118),(4146,'4',6,171,118),(4147,'4',7,171,118),(4148,'4',8,171,118),(4149,'4',9,171,118),(4150,'4',10,171,118),(4151,'4',11,171,118),(4152,'4',12,171,118),(4153,'3',1,172,96),(4154,'3',2,172,96),(4155,'3',3,172,96),(4156,'3',5,172,96),(4157,'3',4,172,96),(4158,'3',6,172,96),(4159,'3',8,172,96),(4160,'4',7,172,96),(4161,'3',9,172,96),(4162,'3',10,172,96),(4163,'3',11,172,96),(4164,'3',12,172,96),(4165,'4',1,159,55),(4166,'4',2,159,55),(4167,'4',3,159,55),(4168,'4',4,159,55),(4169,'4',5,159,55),(4170,'4',6,159,55),(4171,'4',7,159,55),(4172,'4',8,159,55),(4173,'4',9,159,55),(4174,'4',10,159,55),(4175,'4',11,159,55),(4176,'4',12,159,55),(4177,'4',1,173,118),(4178,'4',2,173,118),(4179,'4',3,173,118),(4180,'4',4,173,118),(4181,'4',5,173,118),(4182,'4',6,173,118),(4183,'4',7,173,118),(4184,'4',8,173,118),(4185,'4',9,173,118),(4186,'4',10,173,118),(4187,'4',11,173,118),(4188,'4',12,173,118),(4189,'2',2,162,128),(4190,'3',3,162,128),(4191,'2',4,162,128),(4192,'4',1,162,128),(4193,'4',5,162,128),(4194,'3',6,162,128),(4195,'2',7,162,128),(4196,'3',8,162,128),(4197,'3',9,162,128),(4198,'4',10,162,128),(4199,'3',11,162,128),(4200,'3',12,162,128),(4201,'4',1,168,78),(4202,'4',2,168,78),(4203,'4',3,168,78),(4204,'4',4,168,78),(4205,'3',5,168,78),(4206,'4',6,168,78),(4207,'4',7,168,78),(4208,'4',8,168,78),(4209,'4',9,168,78),(4210,'4',10,168,78),(4211,'4',11,168,78),(4212,'4',12,168,78),(4213,'3',1,173,7),(4214,'3',2,173,7),(4215,'3',3,173,7),(4216,'3',4,173,7),(4217,'3',5,173,7),(4218,'3',6,173,7),(4219,'3',7,173,7),(4220,'3',8,173,7),(4221,'3',9,173,7),(4222,'3',10,173,7),(4223,'3',11,173,7),(4224,'3',12,173,7),(4225,'4',1,173,73),(4226,'4',2,173,73),(4227,'4',3,173,73),(4228,'4',4,173,73),(4229,'4',5,173,73),(4230,'4',6,173,73),(4231,'4',7,173,73),(4232,'4',8,173,73),(4233,'4',9,173,73),(4234,'4',10,173,73),(4235,'4',11,173,73),(4236,'4',12,173,73),(4237,'4',1,162,73),(4238,'4',2,162,73),(4239,'4',3,162,73),(4240,'4',4,162,73),(4241,'4',5,162,73),(4242,'4',6,162,73),(4243,'4',7,162,73),(4244,'4',8,162,73),(4245,'4',9,162,73),(4246,'4',10,162,73),(4247,'4',11,162,73),(4248,'4',12,162,73),(4249,'3',2,188,96),(4250,'3',1,188,96),(4251,'3',3,188,96),(4252,'3',4,188,96),(4253,'3',5,188,96),(4254,'3',6,188,96),(4255,'4',7,188,96),(4256,'3',8,188,96),(4257,'3',9,188,96),(4258,'3',1,159,43),(4259,'2',2,159,43),(4260,'3',3,159,43),(4261,'3',4,159,43),(4262,'3',10,188,96),(4263,'3',11,188,96),(4264,'3',12,188,96),(4265,'3',5,159,43),(4266,'2',6,159,43),(4267,'3',7,159,43),(4268,'3',8,159,43),(4269,'3',9,159,43),(4270,'2',10,159,43),(4271,'2',11,159,43),(4272,'3',12,159,43),(4273,'4',2,168,74),(4274,'4',1,168,74),(4275,'4',3,168,74),(4276,'3',4,168,74),(4277,'3',5,168,74),(4278,'3',6,168,74),(4279,'4',7,168,74),(4280,'4',8,168,74),(4281,'4',9,168,74),(4282,'4',10,168,74),(4283,'4',11,168,74),(4284,'4',12,168,74),(4285,'2',1,162,70),(4286,'2',2,162,70),(4287,'2',3,162,70),(4288,'2',4,162,70),(4289,'2',5,162,70),(4290,'2',6,162,70),(4291,'2',7,162,70),(4292,'4',8,162,70),(4293,'3',9,162,70),(4294,'2',10,162,70),(4295,'3',11,162,70),(4296,'3',12,162,70),(4297,'4',1,173,77),(4298,'4',2,173,77),(4299,'4',3,173,77),(4300,'4',4,173,77),(4301,'4',5,173,77),(4302,'4',6,173,77),(4303,'4',7,173,77),(4304,'4',8,173,77),(4305,'4',9,173,77),(4306,'4',10,173,77),(4307,'4',11,173,77),(4308,'4',12,173,77),(4309,'4',1,181,94),(4310,'4',2,181,94),(4311,'4',4,181,94),(4312,'4',3,181,94),(4313,'3',5,181,94),(4314,'4',6,181,94),(4315,'3',7,181,94),(4316,'4',8,181,94),(4317,'4',9,181,94),(4318,'3',10,181,94),(4319,'4',11,181,94),(4320,'4',12,181,94),(4321,'4',1,195,94),(4322,'3',2,195,94),(4323,'4',3,195,94),(4324,'4',4,195,94),(4325,'4',5,195,94),(4326,'4',6,195,94),(4327,'3',7,195,94),(4328,'4',8,195,94),(4329,'4',9,195,94),(4330,'4',10,195,94),(4331,'4',11,195,94),(4332,'4',12,195,94),(4333,'4',1,187,94),(4334,'3',2,187,94),(4335,'4',3,187,94),(4336,'4',4,187,94),(4337,'3',5,187,94),(4338,'4',6,187,94),(4339,'4',7,187,94),(4340,'4',8,187,94),(4341,'4',9,187,94),(4342,'4',10,187,94),(4343,'4',11,187,94),(4344,'4',12,187,94),(4345,'3',2,183,94),(4346,'3',3,183,94),(4347,'3',4,183,94),(4348,'3',1,183,94),(4349,'3',5,183,94),(4350,'3',6,183,94),(4351,'3',7,183,94),(4352,'3',8,183,94),(4353,'3',9,183,94),(4354,'3',10,183,94),(4355,'3',11,183,94),(4356,'3',12,183,94),(4357,'4',1,179,94),(4358,'3',2,179,94),(4359,'3',4,179,94),(4360,'2',3,179,94),(4361,'4',5,179,94),(4362,'4',6,179,94),(4363,'3',7,179,94),(4364,'4',8,179,94),(4365,'4',9,179,94),(4366,'3',10,179,94),(4367,'4',11,179,94),(4368,'3',12,179,94),(4369,'3',1,173,128),(4370,'3',2,173,128),(4371,'3',3,173,128),(4372,'3',4,173,128),(4373,'3',5,173,128),(4374,'3',6,173,128),(4375,'3',7,173,128),(4376,'3',8,173,128),(4377,'3',9,173,128),(4378,'3',10,173,128),(4379,'3',11,173,128),(4380,'3',12,173,128),(4381,'3',1,194,94),(4382,'3',2,194,94),(4383,'3',3,194,94),(4384,'4',4,194,94),(4385,'4',5,194,94),(4386,'3',6,194,94),(4387,'3',7,194,94),(4388,'3',8,194,94),(4389,'3',9,194,94),(4390,'3',10,194,94),(4391,'3',11,194,94),(4392,'3',12,194,94),(4393,'4',1,100,128),(4394,'3',2,100,128),(4395,'3',3,100,128),(4396,'3',4,100,128),(4397,'3',5,100,128),(4398,'3',6,100,128),(4399,'3',7,100,128),(4400,'3',8,100,128),(4401,'3',9,100,128),(4402,'3',10,100,128),(4403,'3',11,100,128),(4404,'3',12,100,128),(4405,'3',1,184,94),(4406,'3',3,184,94),(4407,'2',2,184,94),(4408,'4',4,184,94),(4409,'3',5,184,94),(4410,'3',6,184,94),(4411,'4',7,184,94),(4412,'3',8,184,94),(4413,'3',9,184,94),(4414,'4',10,184,94),(4415,'3',11,184,94),(4416,'3',12,184,94),(4417,'3',3,168,129),(4418,'3',2,168,129),(4419,'4',1,168,129),(4420,'3',4,168,129),(4421,'3',5,168,129),(4422,'4',6,168,129),(4423,'2',7,168,129),(4424,'3',8,168,129),(4425,'3',9,168,129),(4426,'3',10,168,129),(4427,'3',11,168,129),(4428,'3',12,168,129),(4429,'3',1,192,94),(4430,'3',2,192,94),(4431,'3',3,192,94),(4432,'3',4,192,94),(4433,'3',5,192,94),(4434,'3',6,192,94),(4435,'3',7,192,94),(4436,'3',8,192,94),(4437,'3',9,192,94),(4438,'3',10,192,94),(4439,'3',11,192,94),(4440,'3',12,192,94),(4441,'4',1,189,94),(4442,'3',2,189,94),(4443,'3',3,189,94),(4444,'4',4,189,94),(4445,'4',5,189,94),(4446,'3',6,189,94),(4447,'4',7,189,94),(4448,'4',8,189,94),(4449,'3',9,189,94),(4450,'3',10,189,94),(4451,'4',11,189,94),(4452,'4',12,189,94),(4453,'3',4,175,94),(4454,'3',1,175,94),(4455,'3',2,175,94),(4456,'3',3,175,94),(4457,'2',5,175,94),(4458,'3',6,175,94),(4459,'3',7,175,94),(4460,'3',8,175,94),(4461,'2',9,175,94),(4462,'2',10,175,94),(4463,'2',11,175,94),(4464,'2',12,175,94),(4465,'3',1,182,94),(4466,'3',2,182,94),(4467,'3',3,182,94),(4468,'3',4,182,94),(4469,'3',5,182,94),(4470,'3',6,182,94),(4471,'4',7,182,94),(4472,'4',8,182,94),(4473,'4',9,182,94),(4474,'3',10,182,94),(4475,'3',1,180,94),(4476,'3',2,180,94),(4477,'4',4,180,94),(4478,'3',3,180,94),(4479,'3',11,182,94),(4480,'3',12,182,94),(4481,'3',5,180,94),(4482,'3',6,180,94),(4483,'4',7,180,94),(4484,'4',8,180,94),(4485,'3',9,180,94),(4486,'4',10,180,94),(4487,'3',11,180,94),(4488,'4',12,180,94),(4489,'4',1,177,94),(4490,'3',2,177,94),(4491,'4',3,177,94),(4492,'4',4,177,94),(4493,'4',1,100,48),(4494,'3',2,100,48),(4495,'3',3,100,48),(4496,'3',4,100,48),(4497,'3',5,100,48),(4498,'3',6,100,48),(4499,'3',5,177,94),(4500,'3',6,177,94),(4501,'4',7,177,94),(4502,'3',8,177,94),(4503,'3',7,100,48),(4504,'3',8,100,48),(4505,'3',9,100,48),(4506,'3',10,100,48),(4507,'3',11,100,48),(4508,'3',12,100,48),(4509,'3',9,177,94),(4510,'3',10,177,94),(4511,'4',11,177,94),(4512,'3',12,177,94),(4513,'4',1,183,65),(4514,'4',2,183,65),(4515,'4',3,183,65),(4516,'4',4,183,65),(4517,'4',5,183,65),(4518,'4',6,183,65),(4519,'4',7,183,65),(4520,'4',8,183,65),(4521,'4',9,183,65),(4522,'4',10,183,65),(4523,'4',11,183,65),(4524,'4',12,183,65),(4525,'4',1,186,94),(4526,'3',2,186,94),(4527,'4',3,186,94),(4528,'3',4,186,94),(4529,'3',5,186,94),(4530,'3',6,186,94),(4531,'3',7,186,94),(4532,'4',8,186,94),(4533,'3',9,186,94),(4534,'3',10,186,94),(4535,'4',11,186,94),(4536,'3',12,186,94),(4537,'3',1,190,94),(4538,'2',3,190,94),(4539,'3',2,190,94),(4540,'3',4,190,94),(4541,'2',5,190,94),(4542,'2',6,190,94),(4543,'3',7,190,94),(4544,'2',8,190,94),(4545,'1',9,190,94),(4546,'2',10,190,94),(4547,'3',11,190,94),(4548,'2',12,190,94),(4549,'3',1,174,94),(4550,'3',2,174,94),(4551,'2',3,174,94),(4552,'4',4,174,94),(4553,'3',5,174,94),(4554,'3',6,174,94),(4555,'2',7,174,94),(4556,'3',8,174,94),(4557,'4',9,174,94),(4558,'3',10,174,94),(4559,'3',11,174,94),(4560,'4',12,174,94),(4561,'3',1,193,94),(4562,'3',2,193,94),(4563,'3',3,193,94),(4564,'3',4,193,94),(4565,'3',5,193,94),(4566,'2',6,193,94),(4567,'3',7,193,94),(4568,'3',8,193,94),(4569,'4',9,193,94),(4570,'3',10,193,94),(4571,'3',11,193,94),(4572,'3',12,193,94),(4573,'3',1,196,94),(4574,'3',2,196,94),(4575,'4',4,196,94),(4576,'4',3,196,94),(4577,'3',5,196,94),(4578,'3',6,196,94),(4579,'4',7,196,94),(4580,'4',8,196,94),(4581,'4',9,196,94),(4582,'3',10,196,94),(4583,'4',11,196,94),(4584,'3',12,196,94),(4585,'3',1,179,65),(4586,'4',2,179,65),(4587,'3',3,179,65),(4588,'3',4,179,65),(4589,'3',5,179,65),(4590,'2',6,179,65),(4591,'1',7,179,65),(4592,'4',8,179,65),(4593,'4',9,179,65),(4594,'4',10,179,65),(4595,'4',11,179,65),(4596,'4',12,179,65),(4597,'4',2,185,94),(4598,'3',1,185,94),(4599,'3',3,185,94),(4600,'4',4,185,94),(4601,'3',5,185,94),(4602,'4',6,185,94),(4603,'4',7,185,94),(4604,'4',8,185,94),(4605,'4',9,185,94),(4606,'3',10,185,94),(4607,'3',11,185,94),(4608,'4',12,185,94),(4609,'3',2,194,65),(4610,'2',3,194,65),(4611,'4',4,194,65),(4612,'3',1,194,65),(4613,'2',5,194,65),(4614,'2',6,194,65),(4615,'3',7,194,65),(4616,'3',8,194,65),(4617,'4',9,194,65),(4618,'3',10,194,65),(4619,'4',11,194,65),(4620,'3',12,194,65),(4621,'3',1,187,65),(4622,'4',2,187,65),(4623,'3',4,187,65),(4624,'3',3,187,65),(4625,'4',5,187,65),(4626,'3',6,187,65),(4627,'3',7,187,65),(4628,'4',8,187,65),(4629,'4',9,187,65),(4630,'4',10,187,65),(4631,'4',11,187,65),(4632,'4',12,187,65),(4633,'4',1,190,65),(4634,'4',2,190,65),(4635,'4',3,190,65),(4636,'4',4,190,65),(4637,'4',5,190,65),(4638,'4',6,190,65),(4639,'4',7,190,65),(4640,'4',8,190,65),(4641,'4',9,190,65),(4642,'4',10,190,65),(4643,'4',11,190,65),(4644,'4',12,190,65),(4645,'4',1,173,48),(4646,'4',2,173,48),(4647,'4',3,173,48),(4648,'4',4,173,48),(4649,'4',5,173,48),(4650,'4',6,173,48),(4651,'4',7,173,48),(4652,'4',8,173,48),(4653,'4',9,173,48),(4654,'4',10,173,48),(4655,'4',11,173,48),(4656,'4',12,173,48),(4657,'3',4,195,65),(4658,'4',3,195,65),(4659,'4',1,195,65),(4660,'3',2,195,65),(4661,'4',5,195,65),(4662,'3',6,195,65),(4663,'3',7,195,65),(4664,'4',8,195,65),(4665,'4',9,195,65),(4666,'3',10,195,65),(4667,'4',11,195,65),(4668,'4',12,195,65),(4669,'4',2,175,65),(4670,'4',3,175,65),(4671,'4',1,175,65),(4672,'4',4,175,65),(4673,'4',5,175,65),(4674,'4',6,175,65),(4675,'4',7,175,65),(4676,'4',8,175,65),(4677,'4',9,175,65),(4678,'4',10,175,65),(4679,'4',11,175,65),(4680,'4',12,175,65),(4681,'4',1,181,65),(4682,'2',3,181,65),(4683,'4',4,181,65),(4684,'3',2,181,65),(4685,'1',5,181,65),(4686,'3',6,181,65),(4687,'2',7,181,65),(4688,'4',8,181,65),(4689,'4',9,181,65),(4690,'3',10,181,65),(4691,'3',11,181,65),(4692,'4',12,181,65),(4693,'4',1,100,73),(4694,'4',2,100,73),(4695,'4',3,100,73),(4696,'4',4,100,73),(4697,'4',5,100,73),(4698,'4',6,100,73),(4699,'4',7,100,73),(4700,'4',8,100,73),(4701,'4',9,100,73),(4702,'4',10,100,73),(4703,'4',11,100,73),(4704,'4',12,100,73),(4705,'3',4,189,65),(4706,'4',1,189,65),(4707,'4',2,189,65),(4708,'4',3,189,65),(4709,'4',5,189,65),(4710,'3',6,189,65),(4711,'4',7,189,65),(4712,'4',8,189,65),(4713,'4',9,189,65),(4714,'4',10,189,65),(4715,'4',11,189,65),(4716,'4',12,189,65),(4717,'4',1,168,71),(4718,'4',2,168,71),(4719,'3',3,168,71),(4720,'3',4,168,71),(4721,'3',5,168,71),(4722,'3',6,168,71),(4723,'4',7,168,71),(4724,'4',8,168,71),(4725,'4',9,168,71),(4726,'4',10,168,71),(4727,'4',11,168,71),(4728,'4',12,168,71),(4729,'3',3,198,94),(4730,'3',4,198,94),(4731,'4',1,198,94),(4732,'3',2,198,94),(4733,'3',5,198,94),(4734,'3',6,198,94),(4735,'4',7,198,94),(4736,'4',8,198,94),(4737,'4',9,198,94),(4738,'3',10,198,94),(4739,'4',11,198,94),(4740,'3',12,198,94),(4741,'4',1,185,65),(4742,'4',2,185,65),(4743,'4',4,185,65),(4744,'4',3,185,65),(4745,'4',5,185,65),(4746,'4',6,185,65),(4747,'4',7,185,65),(4748,'4',8,185,65),(4749,'4',9,185,65),(4750,'4',10,185,65),(4751,'4',11,185,65),(4752,'4',12,185,65),(4753,'1',4,182,65),(4754,'4',1,182,65),(4755,'4',2,182,65),(4756,'2',3,182,65),(4757,'2',5,182,65),(4758,'4',6,182,65),(4759,'4',7,182,65),(4760,'4',8,182,65),(4761,'4',9,182,65),(4762,'3',10,182,65),(4763,'3',11,182,65),(4764,'3',12,182,65),(4765,'3',1,192,65),(4766,'3',2,192,65),(4767,'3',3,192,65),(4768,'3',4,192,65),(4769,'3',5,192,65),(4770,'3',1,100,70),(4771,'3',2,100,70),(4772,'3',3,100,70),(4773,'3',4,100,70),(4774,'3',6,192,65),(4775,'3',5,100,70),(4776,'3',6,100,70),(4777,'3',7,192,65),(4778,'4',8,192,65),(4779,'3',9,192,65),(4780,'3',7,100,70),(4781,'3',8,100,70),(4782,'3',9,100,70),(4783,'3',10,100,70),(4784,'4',10,192,65),(4785,'3',11,100,70),(4786,'3',12,100,70),(4787,'3',11,192,65),(4788,'4',12,192,65),(4789,'4',1,173,70),(4790,'4',2,173,70),(4791,'4',3,173,70),(4792,'4',4,173,70),(4793,'4',5,173,70),(4794,'4',6,173,70),(4795,'4',7,173,70),(4796,'4',8,173,70),(4797,'4',9,173,70),(4798,'4',10,173,70),(4799,'4',11,173,70),(4800,'4',12,173,70),(4801,'4',2,180,65),(4802,'2',4,180,65),(4803,'2',1,180,65),(4804,'1',3,180,65),(4805,'3',5,180,65),(4806,'1',6,180,65),(4807,'4',7,180,65),(4808,'3',8,180,65),(4809,'3',9,180,65),(4810,'2',10,180,65),(4811,'3',11,180,65),(4812,'3',12,180,65),(4813,'3',1,178,94),(4814,'4',4,178,94),(4815,'4',3,178,94),(4816,'3',2,178,94),(4817,'3',5,178,94),(4818,'3',6,178,94),(4819,'3',7,178,94),(4820,'4',8,178,94),(4821,'4',9,178,94),(4822,'4',10,178,94),(4823,'4',11,178,94),(4824,'3',12,178,94),(4825,'4',4,174,65),(4826,'4',1,174,65),(4827,'4',2,174,65),(4828,'2',3,174,65),(4829,'2',5,174,65),(4830,'2',6,174,65),(4831,'4',7,174,65),(4832,'4',8,174,65),(4833,'3',9,174,65),(4834,'3',10,174,65),(4835,'3',11,174,65),(4836,'4',12,174,65),(4837,'3',1,200,65),(4838,'3',2,200,65),(4839,'3',3,200,65),(4840,'3',4,200,65),(4841,'2',5,200,65),(4842,'4',6,200,65),(4843,'3',7,200,65),(4844,'3',8,200,65),(4845,'4',9,200,65),(4846,'3',10,200,65),(4847,'3',11,200,65),(4848,'4',12,200,65),(4849,'3',4,196,65),(4850,'3',1,196,65),(4851,'3',2,196,65),(4852,'3',3,196,65),(4853,'4',1,197,94),(4854,'3',2,197,94),(4855,'4',4,197,94),(4856,'4',3,197,94),(4857,'3',5,196,65),(4858,'3',6,196,65),(4859,'4',7,196,65),(4860,'3',8,196,65),(4861,'4',5,197,94),(4862,'4',6,197,94),(4863,'3',7,197,94),(4864,'4',8,197,94),(4865,'3',9,196,65),(4866,'3',10,196,65),(4867,'3',11,196,65),(4868,'3',12,196,65),(4869,'4',9,197,94),(4870,'3',10,197,94),(4871,'4',11,197,94),(4872,'4',12,197,94),(4873,'3',1,193,65),(4874,'3',2,193,65),(4875,'3',4,193,65),(4876,'3',3,193,65),(4877,'3',5,193,65),(4878,'3',6,193,65),(4879,'3',7,193,65),(4880,'3',8,193,65),(4881,'3',9,193,65),(4882,'3',10,193,65),(4883,'3',11,193,65),(4884,'3',12,193,65),(4885,'4',1,191,94),(4886,'4',3,191,94),(4887,'3',2,191,94),(4888,'4',4,191,94),(4889,'4',5,191,94),(4890,'2',6,191,94),(4891,'4',7,191,94),(4892,'4',8,191,94),(4893,'1',9,191,94),(4894,'2',10,191,94),(4895,'2',11,191,94),(4896,'1',12,191,94),(4897,'4',1,168,119),(4898,'4',2,168,119),(4899,'4',3,168,119),(4900,'3',4,168,119),(4901,'3',5,168,119),(4902,'4',6,168,119),(4903,'4',7,168,119),(4904,'4',8,168,119),(4905,'4',9,168,119),(4906,'4',10,168,119),(4907,'4',11,168,119),(4908,'4',12,168,119),(4909,'4',1,177,65),(4910,'4',2,177,65),(4911,'4',3,177,65),(4912,'3',4,177,65),(4913,'2',5,177,65),(4914,'3',6,177,65),(4915,'3',7,177,65),(4916,'3',8,177,65),(4917,'3',9,177,65),(4918,'3',10,177,65),(4919,'4',11,177,65),(4920,'4',12,177,65),(4921,'3',1,199,96),(4922,'3',2,199,96),(4923,'3',3,199,96),(4924,'3',4,199,96),(4925,'3',5,199,96),(4926,'3',6,199,96),(4927,'4',7,199,96),(4928,'3',8,199,96),(4929,'3',9,199,96),(4930,'3',10,199,96),(4931,'3',11,199,96),(4932,'3',12,199,96),(4933,'4',1,186,65),(4934,'4',2,186,65),(4935,'3',3,186,65),(4936,'3',4,186,65),(4937,'2',5,186,65),(4938,'3',6,186,65),(4939,'3',7,186,65),(4940,'4',8,186,65),(4941,'4',9,186,65),(4942,'4',10,186,65),(4943,'4',11,186,65),(4944,'4',12,186,65),(4945,'4',1,198,65),(4946,'3',2,198,65),(4947,'3',3,198,65),(4948,'3',4,198,65),(4949,'3',5,198,65),(4950,'3',6,198,65),(4951,'4',7,198,65),(4952,'4',8,198,65),(4953,'4',9,198,65),(4954,'3',10,198,65),(4955,'3',11,198,65),(4956,'3',12,198,65),(4957,'3',1,202,8),(4958,'3',2,202,8),(4959,'3',3,202,8),(4960,'3',4,202,8),(4961,'3',5,202,8),(4962,'3',6,202,8),(4963,'2',7,202,8),(4964,'3',8,202,8),(4965,'3',9,202,8),(4966,'3',10,202,8),(4967,'3',11,202,8),(4968,'3',12,202,8),(4969,'3',3,178,65),(4970,'3',1,178,65),(4971,'3',2,178,65),(4972,'3',4,178,65),(4973,'3',5,178,65),(4974,'2',6,178,65),(4975,'2',7,178,65),(4976,'3',8,178,65),(4977,'3',9,178,65),(4978,'3',10,178,65),(4979,'3',11,178,65),(4980,'3',12,178,65),(4981,'4',1,197,65),(4982,'4',2,197,65),(4983,'4',3,197,65),(4984,'3',4,197,65),(4985,'3',5,197,65),(4986,'4',6,197,65),(4987,'3',7,197,65),(4988,'4',8,197,65),(4989,'4',9,197,65),(4990,'3',10,197,65),(4991,'4',11,197,65),(4992,'4',12,197,65),(4993,'3',1,203,96),(4994,'3',2,203,96),(4995,'3',3,203,96),(4996,'3',4,203,96),(4997,'3',5,203,96),(4998,'3',6,203,96),(4999,'3',7,203,96),(5000,'3',8,203,96),(5001,'3',9,203,96),(5002,'3',10,203,96),(5003,'3',11,203,96),(5004,'3',12,203,96),(5005,'4',1,201,6),(5006,'4',2,201,6),(5007,'3',3,201,6),(5008,'3',4,201,6),(5009,'2',5,201,6),(5010,'4',6,201,6),(5011,'3',7,201,6),(5012,'4',8,201,6),(5013,'4',9,201,6),(5014,'4',10,201,6),(5015,'4',11,201,6),(5016,'4',12,201,6),(5017,'3',1,202,49),(5018,'3',2,202,49),(5019,'3',3,202,49),(5020,'3',4,202,49),(5021,'3',5,202,49),(5022,'3',6,202,49),(5023,'2',7,202,49),(5024,'4',8,202,49),(5025,'4',9,202,49),(5026,'3',10,202,49),(5027,'3',11,202,49),(5028,'3',12,202,49),(5029,'3',4,191,65),(5030,'3',3,191,65),(5031,'4',1,191,65),(5032,'4',2,191,65),(5033,'1',5,191,65),(5034,'3',6,191,65),(5035,'3',7,191,65),(5036,'3',8,191,65),(5037,'4',9,191,65),(5038,'4',10,191,65),(5039,'4',11,191,65),(5040,'4',12,191,65),(5041,'4',1,202,78),(5042,'4',2,202,78),(5043,'3',3,202,78),(5044,'3',4,202,78),(5045,'3',5,202,78),(5046,'3',6,202,78),(5047,'2',7,202,78),(5048,'4',8,202,78),(5049,'4',9,202,78),(5050,'4',10,202,78),(5051,'4',11,202,78),(5052,'4',12,202,78),(5053,'4',1,202,74),(5054,'4',2,202,74),(5055,'3',3,202,74),(5056,'4',4,202,74),(5057,'4',5,202,74),(5058,'4',6,202,74),(5059,'3',7,202,74),(5060,'3',8,202,74),(5061,'4',9,202,74),(5062,'4',10,202,74),(5063,'4',11,202,74),(5064,'4',12,202,74),(5065,'3',2,202,129),(5066,'3',1,202,129),(5067,'3',3,202,129),(5068,'3',4,202,129),(5069,'3',5,202,129),(5070,'4',6,202,129),(5071,'4',7,202,129),(5072,'3',8,202,129),(5073,'3',9,202,129),(5074,'3',10,202,129),(5075,'3',11,202,129),(5076,'4',12,202,129),(5077,'3',2,202,71),(5078,'3',1,202,71),(5079,'1',3,202,71),(5080,'2',4,202,71),(5081,'1',5,202,71),(5082,'1',6,202,71),(5083,'1',7,202,71),(5084,'3',8,202,71),(5085,'3',9,202,71),(5086,'2',10,202,71),(5087,'2',11,202,71),(5088,'3',12,202,71),(5089,'4',1,202,119),(5090,'4',2,202,119),(5091,'4',3,202,119),(5092,'4',4,202,119),(5093,'4',5,202,119),(5094,'4',6,202,119),(5095,'3',7,202,119),(5096,'4',8,202,119),(5097,'4',9,202,119),(5098,'4',10,202,119),(5099,'4',11,202,119),(5100,'4',12,202,119),(5101,'3',1,204,96),(5102,'3',2,204,96),(5103,'3',3,204,96),(5104,'3',4,204,96),(5105,'3',5,204,96),(5106,'3',6,204,96),(5107,'3',7,204,96),(5108,'3',8,204,96),(5109,'3',9,204,96),(5110,'3',10,204,96),(5111,'3',11,204,96),(5112,'3',12,204,96),(5113,'3',1,205,8),(5114,'3',2,205,8),(5115,'3',3,205,8),(5116,'3',4,205,8),(5117,'3',5,205,8),(5118,'3',6,205,8),(5119,'4',7,205,8),(5120,'3',8,205,8),(5121,'3',9,205,8),(5122,'3',10,205,8),(5123,'3',11,205,8),(5124,'4',12,205,8),(5125,'4',1,206,6),(5126,'4',2,206,6),(5127,'3',3,206,6),(5128,'3',4,206,6),(5129,'3',5,206,6),(5130,'4',6,206,6),(5131,'4',7,206,6),(5132,'4',8,206,6),(5133,'4',9,206,6),(5134,'3',10,206,6),(5135,'4',11,206,6),(5136,'4',12,206,6),(5137,'4',1,205,78),(5138,'4',3,205,78),(5139,'4',2,205,78),(5140,'4',4,205,78),(5141,'4',5,205,78),(5142,'4',6,205,78),(5143,'3',7,205,78),(5144,'4',8,205,78),(5145,'4',9,205,78),(5146,'4',10,205,78),(5147,'4',11,205,78),(5148,'4',12,205,78),(5149,'3',2,205,49),(5150,'4',1,205,49),(5151,'4',3,205,49),(5152,'4',4,205,49),(5153,'3',5,205,49),(5154,'3',6,205,49),(5155,'3',7,205,49),(5156,'4',8,205,49),(5157,'4',9,205,49),(5158,'4',10,205,49),(5159,'3',11,205,49),(5160,'4',12,205,49),(5161,'3',1,207,6),(5162,'4',2,207,6),(5163,'3',3,207,6),(5164,'4',4,207,6),(5165,'4',5,207,6),(5166,'3',6,207,6),(5167,'4',7,207,6),(5168,'3',8,207,6),(5169,'3',9,207,6),(5170,'3',10,207,6),(5171,'3',11,207,6),(5172,'4',12,207,6),(5173,'4',1,205,74),(5174,'4',2,205,74),(5175,'4',3,205,74),(5176,'4',4,205,74),(5177,'4',5,205,74),(5178,'4',6,205,74),(5179,'3',7,205,74),(5180,'4',8,205,74),(5181,'4',9,205,74),(5182,'4',10,205,74),(5183,'4',11,205,74),(5184,'4',12,205,74),(5185,'4',4,210,6),(5186,'4',1,210,6),(5187,'4',2,210,6),(5188,'4',3,210,6),(5189,'4',5,210,6),(5190,'4',6,210,6),(5191,'4',7,210,6),(5192,'4',8,210,6),(5193,'4',9,210,6),(5194,'4',10,210,6),(5195,'4',11,210,6),(5196,'4',12,210,6),(5197,'3',1,208,6),(5198,'4',2,208,6),(5199,'3',3,208,6),(5200,'3',4,208,6),(5201,'3',5,208,6),(5202,'4',6,208,6),(5203,'3',7,208,6),(5204,'3',8,208,6),(5205,'4',9,208,6),(5206,'3',10,208,6),(5207,'4',11,208,6),(5208,'3',12,208,6),(5209,'3',1,205,71),(5210,'3',2,205,71),(5211,'3',3,205,71),(5212,'3',4,205,71),(5213,'4',5,205,71),(5214,'3',6,205,71),(5215,'3',7,205,71),(5216,'4',8,205,71),(5217,'3',9,205,71),(5218,'3',10,205,71),(5219,'3',11,205,71),(5220,'4',12,205,71),(5221,'3',2,211,6),(5222,'4',1,211,6),(5223,'2',3,211,6),(5224,'2',4,211,6),(5225,'4',5,211,6),(5226,'4',6,211,6),(5227,'4',7,211,6),(5228,'4',8,211,6),(5229,'4',9,211,6),(5230,'4',10,211,6),(5231,'4',11,211,6),(5232,'4',12,211,6),(5233,'3',1,212,6),(5234,'3',2,212,6),(5235,'2',3,212,6),(5236,'2',4,212,6),(5237,'3',5,212,6),(5238,'3',6,212,6),(5239,'3',7,212,6),(5240,'3',8,212,6),(5241,'3',9,212,6),(5242,'1',10,212,6),(5243,'2',11,212,6),(5244,'3',12,212,6),(5245,'4',1,209,6),(5246,'4',2,209,6),(5247,'4',3,209,6),(5248,'4',4,209,6),(5249,'4',5,209,6),(5250,'4',6,209,6),(5251,'4',7,209,6),(5252,'4',8,209,6),(5253,'4',9,209,6),(5254,'3',10,209,6),(5255,'4',11,209,6),(5256,'4',12,209,6),(5257,'4',1,213,6),(5258,'4',2,213,6),(5259,'4',4,213,6),(5260,'4',3,213,6),(5261,'4',5,213,6),(5262,'3',6,213,6),(5263,'3',1,214,6),(5264,'4',7,213,6),(5265,'4',8,213,6),(5266,'4',9,213,6),(5267,'4',10,213,6),(5268,'3',2,214,6),(5269,'4',3,214,6),(5270,'3',4,214,6),(5271,'4',5,214,6),(5272,'3',6,214,6),(5273,'3',7,214,6),(5274,'4',11,213,6),(5275,'4',12,213,6),(5276,'4',8,214,6),(5277,'4',9,214,6),(5278,'4',10,214,6),(5279,'4',11,214,6),(5280,'3',12,214,6),(5281,'4',1,219,6),(5282,'4',2,219,6),(5283,'4',3,219,6),(5284,'4',4,219,6),(5285,'4',5,219,6),(5286,'4',6,219,6),(5287,'3',7,219,6),(5288,'4',8,219,6),(5289,'4',9,219,6),(5290,'4',10,219,6),(5291,'4',11,219,6),(5292,'4',12,219,6),(5293,'3',2,218,6),(5294,'3',3,218,6),(5295,'3',4,218,6),(5296,'3',1,218,6),(5297,'3',5,218,6),(5298,'3',6,218,6),(5299,'3',7,218,6),(5300,'3',8,218,6),(5301,'3',9,218,6),(5302,'3',10,218,6),(5303,'3',11,218,6),(5304,'3',12,218,6),(5305,'3',1,205,129),(5306,'4',2,205,129),(5307,'3',3,205,129),(5308,'3',4,205,129),(5309,'4',5,205,129),(5310,'3',6,205,129),(5311,'4',7,205,129),(5312,'4',8,205,129),(5313,'4',9,205,129),(5314,'3',10,205,129),(5315,'3',11,205,129),(5316,'4',12,205,129),(5317,'3',1,224,6),(5318,'3',2,224,6),(5319,'4',3,224,6),(5320,'3',4,224,6),(5321,'4',5,224,6),(5322,'3',6,224,6),(5323,'3',7,224,6),(5324,'3',8,224,6),(5325,'4',9,224,6),(5326,'3',10,224,6),(5327,'4',11,224,6),(5328,'4',12,224,6),(5329,'4',1,217,6),(5330,'4',2,217,6),(5331,'4',3,217,6),(5332,'3',4,217,6),(5333,'3',5,217,6),(5334,'4',6,217,6),(5335,'3',7,217,6),(5336,'3',8,217,6),(5337,'4',9,217,6),(5338,'3',10,217,6),(5339,'4',11,217,6),(5340,'4',12,217,6),(5341,'3',1,220,92),(5342,'4',1,221,111),(5343,'4',2,221,111),(5344,'4',3,221,111),(5345,'4',4,221,111),(5346,'4',5,221,111),(5347,'4',6,221,111),(5348,'4',7,221,111),(5349,'4',8,221,111),(5350,'4',9,221,111),(5351,'4',10,221,111),(5352,'4',12,221,111),(5353,'4',11,221,111),(5354,'4',1,205,119),(5355,'3',3,205,119),(5356,'4',2,205,119),(5357,'4',4,205,119),(5358,'4',5,205,119),(5359,'4',6,205,119),(5360,'3',7,205,119),(5361,'4',8,205,119),(5362,'4',9,205,119),(5363,'4',10,205,119),(5364,'4',11,205,119),(5365,'4',12,205,119),(5366,'4',1,230,111),(5367,'3',2,230,111),(5368,'4',3,230,111),(5369,'3',4,230,111),(5370,'3',6,230,111),(5371,'3',5,230,111),(5372,'3',8,230,111),(5373,'3',7,230,111),(5374,'3',9,230,111),(5375,'3',10,230,111),(5376,'3',11,230,111),(5377,'4',12,230,111),(5378,'4',1,225,111),(5379,'4',2,225,111),(5380,'3',5,225,111),(5381,'4',6,225,111),(5382,'4',8,225,111),(5383,'3',7,225,111),(5384,'3',2,220,92),(5385,'3',3,220,92),(5386,'3',4,220,92),(5387,'4',5,220,92),(5388,'4',6,220,92),(5389,'4',7,220,92),(5390,'4',1,283,6),(5391,'3',8,220,92),(5392,'3',9,220,92),(5393,'3',10,220,92),(5394,'3',11,220,92),(5395,'3',12,220,92),(5396,'4',5,283,6),(5397,'4',3,283,6),(5398,'4',4,283,6),(5399,'4',2,283,6),(5400,'4',1,285,6),(5401,'4',6,283,6),(5402,'4',7,283,6),(5403,'4',8,283,6),(5404,'4',9,283,6),(5405,'4',10,283,6),(5406,'4',3,225,111),(5407,'4',4,225,111),(5408,'4',11,283,6),(5409,'4',12,283,6),(5410,'4',12,225,111),(5411,'4',10,225,111),(5412,'4',9,225,111),(5413,'4',2,285,6),(5414,'4',3,285,6),(5415,'4',4,285,6),(5416,'4',5,285,6),(5417,'4',6,285,6),(5418,'4',7,285,6),(5419,'4',8,285,6),(5420,'4',9,285,6),(5421,'4',10,285,6),(5422,'4',11,285,6),(5423,'4',12,285,6),(5424,'4',11,225,111),(5425,'3',3,286,92),(5426,'3',4,286,92),(5427,'4',1,286,92),(5428,'4',2,286,92),(5429,'4',5,286,92),(5430,'3',6,286,92),(5431,'4',7,286,92),(5432,'4',8,286,92),(5433,'4',9,286,92),(5434,'3',10,286,92),(5435,'3',11,286,92),(5436,'4',12,286,92),(5437,'4',1,234,6),(5438,'4',2,234,6),(5439,'4',3,234,6),(5440,'4',4,234,6),(5441,'4',5,234,6),(5442,'4',6,234,6),(5443,'3',7,234,6),(5444,'4',8,234,6),(5445,'4',9,234,6),(5446,'3',10,234,6),(5447,'4',11,234,6),(5448,'4',12,234,6),(5449,'4',1,221,66),(5450,'4',3,221,66),(5451,'4',4,221,66),(5452,'4',2,221,66),(5453,'4',5,221,66),(5454,'4',6,221,66),(5455,'4',7,221,66),(5456,'4',8,221,66),(5457,'4',9,221,66),(5458,'4',10,221,66),(5459,'4',11,221,66),(5460,'4',12,221,66),(5461,'3',1,226,111),(5462,'3',2,226,111),(5463,'3',4,226,111),(5464,'3',3,226,111),(5465,'3',5,226,111),(5466,'4',6,226,111),(5467,'3',7,226,111),(5468,'3',8,226,111),(5469,'3',9,226,111),(5470,'4',10,226,111),(5471,'3',11,226,111),(5472,'3',12,226,111),(5473,'4',4,327,111),(5474,'3',1,327,111),(5475,'4',2,327,111),(5476,'4',3,327,111),(5477,'1',5,327,111),(5478,'4',6,327,111),(5479,'3',7,327,111),(5480,'4',8,327,111),(5481,'4',9,327,111),(5482,'3',10,327,111),(5483,'3',11,327,111),(5484,'4',12,327,111),(5485,'2',4,285,66),(5486,'2',2,285,66),(5487,'2',1,285,66),(5488,'2',3,285,66),(5489,'2',5,285,66),(5490,'2',6,285,66),(5491,'2',7,285,66),(5492,'3',8,285,66),(5493,'3',9,285,66),(5494,'2',10,285,66),(5495,'2',11,285,66),(5496,'2',12,285,66),(5497,'2',1,283,67),(5498,'2',2,283,67),(5499,'2',3,283,67),(5500,'2',4,283,67),(5501,'4',5,283,67),(5502,'2',6,283,67),(5503,'2',7,283,67),(5504,'2',8,283,67),(5505,'2',9,283,67),(5506,'3',10,283,67),(5507,'2',11,283,67),(5508,'2',12,283,67),(5509,'4',1,328,111),(5510,'3',3,328,111),(5511,'3',2,328,111),(5512,'4',4,328,111),(5513,'3',5,328,111),(5514,'3',6,328,111),(5515,'3',7,328,111),(5516,'4',8,328,111),(5517,'4',9,328,111),(5518,'4',10,328,111),(5519,'4',11,328,111),(5520,'4',12,328,111),(5521,'3',1,285,13),(5522,'3',2,285,13),(5523,'3',3,285,13),(5524,'3',4,285,13),(5525,'3',5,285,13),(5526,'3',6,285,13),(5527,'3',7,285,13),(5528,'3',8,285,13),(5529,'3',9,285,13),(5530,'3',10,285,13),(5531,'3',11,285,13),(5532,'3',12,285,13),(5533,'4',4,326,111),(5534,'4',1,326,111),(5535,'4',3,326,111),(5536,'3',2,326,111),(5537,'2',5,326,111),(5538,'4',6,326,111),(5539,'4',7,326,111),(5540,'4',8,326,111),(5541,'4',9,326,111),(5542,'2',12,326,111),(5543,'4',10,326,111),(5544,'4',11,326,111),(5545,'4',1,327,66),(5546,'4',3,327,66),(5547,'4',2,327,66),(5548,'3',4,327,66),(5549,'1',5,327,66),(5550,'4',6,327,66),(5551,'4',7,327,66),(5552,'4',8,327,66),(5553,'4',9,327,66),(5554,'4',10,327,66),(5555,'4',11,327,66),(5556,'4',12,327,66),(5557,'4',4,243,111),(5558,'3',3,243,111),(5559,'3',1,243,111),(5560,'4',2,243,111),(5561,'4',5,243,111),(5562,'4',6,243,111),(5563,'3',7,243,111),(5564,'4',8,243,111),(5565,'4',9,243,111),(5566,'4',10,243,111),(5567,'4',11,243,111),(5568,'4',12,243,111),(5569,'3',2,342,111),(5570,'3',1,342,111),(5571,'2',3,342,111),(5572,'4',4,342,111),(5573,'2',5,342,111),(5574,'4',6,342,111),(5575,'2',7,342,111),(5576,'4',8,342,111),(5577,'4',9,342,111),(5578,'3',10,342,111),(5579,'3',11,342,111),(5580,'3',12,342,111),(5581,'4',1,341,111),(5582,'4',2,341,111),(5583,'4',4,341,111),(5584,'3',3,341,111),(5585,'4',5,341,111),(5586,'3',6,341,111),(5587,'4',7,341,111),(5588,'4',8,341,111),(5589,'4',9,341,111),(5590,'4',10,341,111),(5591,'4',11,341,111),(5592,'3',12,341,111),(5593,'3',1,225,66),(5594,'4',2,225,66),(5595,'3',4,225,66),(5596,'3',3,225,66),(5597,'3',5,225,66),(5598,'4',6,225,66),(5599,'3',7,225,66),(5600,'3',8,225,66),(5601,'4',9,225,66),(5602,'3',10,225,66),(5603,'3',11,225,66),(5604,'4',12,225,66),(5605,'3',2,340,111),(5606,'3',3,340,111),(5607,'3',4,340,111),(5608,'3',1,340,111),(5609,'2',5,340,111),(5610,'3',6,340,111),(5611,'2',7,340,111),(5612,'3',8,340,111),(5613,'3',9,340,111),(5614,'3',10,340,111),(5615,'3',11,340,111),(5616,'2',12,340,111),(5617,'3',1,226,66),(5618,'3',2,226,66),(5619,'3',4,226,66),(5620,'3',3,226,66),(5621,'3',6,226,66),(5622,'4',5,226,66),(5623,'3',7,226,66),(5624,'3',8,226,66),(5625,'3',9,226,66),(5626,'3',10,226,66),(5627,'4',11,226,66),(5628,'3',12,226,66),(5629,'4',1,283,13),(5630,'4',2,283,13),(5631,'3',3,283,13),(5632,'2',4,283,13),(5633,'3',5,283,13),(5634,'3',6,283,13),(5635,'3',7,283,13),(5636,'4',8,283,13),(5637,'3',9,283,13),(5638,'4',10,283,13),(5639,'4',11,283,13),(5640,'3',12,283,13),(5641,'3',1,285,92),(5642,'3',2,285,92),(5643,'3',4,285,92),(5644,'3',3,285,92),(5645,'3',5,285,92),(5646,'3',6,285,92),(5647,'3',7,285,92),(5648,'3',8,285,92),(5649,'3',9,285,92),(5650,'3',10,285,92),(5651,'3',11,285,92),(5652,'3',12,285,92),(5653,'4',1,342,66),(5654,'4',2,342,66),(5655,'3',3,342,66),(5656,'2',4,342,66),(5657,'4',5,342,66),(5658,'3',7,342,66),(5659,'3',6,342,66),(5660,'4',8,342,66),(5661,'4',9,342,66),(5662,'4',10,342,66),(5663,'4',11,342,66),(5664,'4',12,342,66),(5665,'3',1,341,66),(5666,'3',2,341,66),(5667,'3',3,341,66),(5668,'4',4,341,66),(5669,'3',5,341,66),(5670,'3',6,341,66),(5671,'4',7,341,66),(5672,'3',8,341,66),(5673,'4',9,341,66),(5674,'3',12,341,66),(5675,'4',10,341,66),(5676,'4',11,341,66),(5677,'4',4,347,111),(5678,'4',3,347,111),(5679,'4',1,347,111),(5680,'4',2,347,111),(5681,'3',5,347,111),(5682,'4',6,347,111),(5683,'3',7,347,111),(5684,'4',8,347,111),(5685,'4',9,347,111),(5686,'4',10,347,111),(5687,'4',11,347,111),(5688,'3',12,347,111),(5689,'4',1,339,111),(5690,'4',2,339,111),(5691,'4',3,339,111),(5692,'4',4,339,111),(5693,'3',5,339,111),(5694,'4',6,339,111),(5695,'3',7,339,111),(5696,'4',8,339,111),(5697,'4',9,339,111),(5698,'4',10,339,111),(5699,'4',11,339,111),(5700,'4',12,339,111),(5701,'4',1,326,66),(5702,'3',3,326,66),(5703,'4',2,326,66),(5704,'4',4,326,66),(5705,'2',5,326,66),(5706,'4',6,326,66),(5707,'4',7,326,66),(5708,'3',8,326,66),(5709,'3',9,326,66),(5710,'4',10,326,66),(5711,'3',11,326,66),(5712,'2',12,326,66),(5713,'4',1,328,66),(5714,'4',5,328,66),(5715,'3',6,328,66),(5716,'4',7,328,66),(5717,'4',8,328,66),(5718,'4',9,328,66),(5719,'4',10,328,66),(5720,'4',11,328,66),(5721,'4',12,328,66),(5722,'3',1,349,8),(5723,'3',2,349,8),(5724,'3',3,349,8),(5725,'3',4,349,8),(5726,'3',5,349,8),(5727,'3',6,349,8),(5728,'2',7,349,8),(5729,'3',8,349,8),(5730,'4',9,349,8),(5731,'4',10,349,8),(5732,'3',11,349,8),(5733,'4',12,349,8),(5734,'3',3,328,66),(5735,'3',4,328,66),(5736,'4',2,328,66),(5737,'3',2,243,66),(5738,'4',1,243,66),(5739,'3',3,243,66),(5740,'3',4,243,66),(5741,'3',6,243,66),(5742,'4',5,243,66),(5743,'4',7,243,66),(5744,'3',8,243,66),(5745,'4',10,243,66),(5746,'4',11,243,66),(5747,'4',1,345,111),(5748,'3',2,345,111),(5749,'3',3,345,111),(5750,'3',4,345,111),(5751,'3',5,345,111),(5752,'3',6,345,111),(5753,'2',7,345,111),(5754,'3',8,345,111),(5755,'4',9,345,111),(5756,'3',10,345,111),(5757,'4',11,345,111),(5758,'4',12,345,111),(5759,'3',1,346,111),(5760,'4',2,346,111),(5761,'4',3,346,111),(5762,'4',4,346,111),(5763,'3',1,283,92),(5764,'3',2,283,92),(5765,'2',3,283,92),(5766,'2',4,283,92),(5767,'3',5,346,111),(5768,'4',5,283,92),(5769,'2',6,283,92),(5770,'3',7,283,92),(5771,'3',8,283,92),(5772,'3',1,340,71),(5773,'3',2,340,71),(5774,'3',4,340,71),(5775,'3',3,340,71),(5776,'2',9,283,92),(5777,'3',10,283,92),(5778,'3',11,283,92),(5779,'3',12,283,92),(5780,'3',1,339,66),(5781,'4',2,339,66),(5782,'4',3,339,66),(5783,'3',4,339,66),(5784,'3',5,339,66),(5785,'3',6,339,66),(5786,'4',7,339,66),(5787,'4',8,339,66),(5788,'4',9,339,66),(5789,'3',7,346,111),(5790,'4',6,346,111),(5791,'4',8,346,111),(5792,'4',9,346,111),(5793,'4',10,339,66),(5794,'4',11,339,66),(5795,'4',12,339,66),(5796,'2',10,346,111),(5797,'3',6,340,71),(5798,'2',7,340,71),(5799,'3',8,340,71),(5800,'3',5,340,71),(5801,'3',11,346,111),(5802,'3',12,346,111),(5803,'3',10,340,71),(5804,'3',11,340,71),(5805,'2',12,340,71),(5806,'3',9,340,71),(5807,'4',1,349,49),(5808,'4',2,349,49),(5809,'4',3,349,49),(5810,'4',4,349,49),(5811,'3',5,349,49),(5812,'4',6,349,49),(5813,'3',7,349,49),(5814,'4',8,349,49),(5815,'4',9,349,49),(5816,'4',10,349,49),(5817,'4',11,349,49),(5818,'4',12,349,49),(5819,'3',1,347,66),(5820,'3',2,347,66),(5821,'3',3,347,66),(5822,'2',4,347,66),(5823,'3',5,347,66),(5824,'2',6,347,66),(5825,'2',7,347,66),(5826,'3',8,347,66),(5827,'3',9,347,66),(5828,'3',10,347,66),(5829,'3',11,347,66),(5830,'3',12,347,66),(5831,'3',4,343,111),(5832,'2',5,343,111),(5833,'2',6,343,111),(5834,'3',7,343,111),(5835,'3',8,343,111),(5836,'3',9,343,111),(5837,'3',10,343,111),(5838,'3',11,343,111),(5839,'3',12,343,111),(5840,'3',2,343,111),(5841,'2',3,343,111),(5842,'3',1,343,111),(5843,'4',1,349,78),(5844,'4',2,349,78),(5845,'4',3,349,78),(5846,'4',4,349,78),(5847,'3',5,349,78),(5848,'3',6,349,78),(5849,'3',7,349,78),(5850,'4',8,349,78),(5851,'4',9,349,78),(5852,'4',10,349,78),(5853,'4',11,349,78),(5854,'4',12,349,78),(5855,'3',1,345,66),(5856,'3',2,345,66),(5857,'3',3,345,66),(5858,'3',4,345,66),(5859,'2',5,345,66),(5860,'2',6,345,66),(5861,'3',7,345,66),(5862,'3',8,345,66),(5863,'4',9,345,66),(5864,'3',10,345,66),(5865,'4',11,345,66),(5866,'4',12,345,66),(5867,'3',1,346,66),(5868,'3',2,346,66),(5869,'3',3,346,66),(5870,'3',4,346,66),(5871,'2',5,346,66),(5872,'3',6,346,66),(5873,'3',7,346,66),(5874,'4',8,346,66),(5875,'3',9,346,66),(5876,'3',10,346,66),(5877,'3',11,346,66),(5878,'3',12,346,66),(5879,'4',1,353,13),(5880,'3',5,353,13),(5881,'4',6,353,13),(5882,'3',4,353,13),(5883,'3',3,353,13),(5884,'4',2,353,13),(5885,'3',7,353,13),(5886,'3',8,353,13),(5887,'3',9,353,13),(5888,'3',10,353,13),(5889,'3',11,353,13),(5890,'3',12,353,13),(5891,'3',3,354,111),(5892,'4',2,354,111),(5893,'3',4,354,111),(5894,'3',1,354,111),(5895,'3',5,354,111),(5896,'4',6,354,111),(5897,'4',9,354,111),(5898,'3',7,354,111),(5899,'4',8,354,111),(5900,'3',10,354,111),(5901,'4',11,354,111),(5902,'4',12,354,111),(5903,'4',3,360,111),(5904,'4',1,360,111),(5905,'3',2,360,111),(5906,'3',4,360,111),(5907,'2',5,360,111),(5908,'3',6,360,111),(5909,'3',7,360,111),(5910,'3',8,360,111),(5911,'4',9,360,111),(5912,'3',10,360,111),(5913,'3',11,360,111),(5914,'3',1,363,6),(5915,'3',2,363,6),(5916,'2',3,363,6),(5917,'2',4,363,6),(5918,'3',12,360,111),(5919,'4',5,363,6),(5920,'3',6,363,6),(5921,'3',7,363,6),(5922,'3',8,363,6),(5923,'4',9,363,6),(5924,'4',10,363,6),(5925,'3',12,363,6),(5926,'4',11,363,6),(5927,'4',2,359,111),(5928,'3',1,359,111),(5929,'4',3,359,111),(5930,'4',4,359,111),(5931,'3',5,359,111),(5932,'3',6,359,111),(5933,'4',1,349,74),(5934,'4',2,349,74),(5935,'4',3,349,74),(5936,'3',4,349,74),(5937,'3',5,349,74),(5938,'3',6,349,74),(5939,'3',7,359,111),(5940,'3',8,359,111),(5941,'4',9,359,111),(5942,'4',10,359,111),(5943,'3',7,349,74),(5944,'4',8,349,74),(5945,'4',9,349,74),(5946,'4',10,349,74),(5947,'4',11,349,74),(5948,'4',12,349,74),(5949,'4',11,359,111),(5950,'3',12,359,111),(5951,'4',4,365,111),(5952,'3',3,365,111),(5953,'3',1,365,111),(5954,'3',2,365,111),(5955,'3',5,365,111),(5956,'3',6,365,111),(5957,'2',7,365,111),(5958,'3',8,365,111),(5959,'4',9,365,111),(5960,'3',10,365,111),(5961,'3',11,365,111),(5962,'4',12,365,111),(5963,'3',1,367,66),(5964,'1',2,367,66),(5965,'1',3,367,66),(5966,'3',4,367,66),(5967,'2',5,367,66),(5968,'1',6,367,66),(5969,'3',7,367,66),(5970,'2',8,367,66),(5971,'4',9,367,66),(5972,'3',10,367,66),(5973,'2',11,367,66),(5974,'2',12,367,66),(5975,'4',1,364,24),(5976,'4',2,364,24),(5977,'4',3,364,24),(5978,'4',4,364,24),(5979,'4',5,364,24),(5980,'4',6,364,24),(5981,'4',7,364,24),(5982,'4',8,364,24),(5983,'4',9,364,24),(5984,'4',10,364,24),(5985,'4',11,364,24),(5986,'4',12,364,24),(5987,'4',1,354,66),(5988,'4',2,354,66),(5989,'4',4,354,66),(5990,'4',3,354,66),(5991,'4',7,354,66),(5992,'4',8,354,66),(5993,'3',5,354,66),(5994,'3',6,354,66),(5995,'4',9,354,66),(5996,'4',10,354,66),(5997,'4',11,354,66),(5998,'3',12,354,66),(5999,'3',1,365,66),(6000,'3',2,365,66),(6001,'4',4,365,66),(6002,'3',3,365,66),(6003,'2',5,365,66),(6004,'3',6,365,66),(6005,'3',7,365,66),(6006,'3',8,365,66),(6007,'3',9,365,66),(6008,'3',10,365,66),(6009,'3',11,365,66),(6010,'3',12,365,66),(6011,'3',1,349,129),(6012,'2',2,349,129),(6013,'3',3,349,129),(6014,'3',4,349,129),(6015,'3',5,349,129),(6016,'3',6,349,129),(6017,'2',7,349,129),(6018,'4',8,349,129),(6019,'3',9,349,129),(6020,'3',10,349,129),(6021,'3',11,349,129),(6022,'3',12,349,129),(6023,'4',4,366,111),(6024,'3',1,366,111),(6025,'3',3,366,111),(6026,'4',2,366,111),(6027,'3',5,366,111),(6028,'3',6,366,111),(6029,'4',8,366,111),(6030,'4',9,366,111),(6031,'4',10,366,111),(6032,'4',11,366,111),(6033,'4',12,366,111),(6034,'2',2,360,66),(6035,'2',4,360,66),(6036,'3',1,360,66),(6037,'2',3,360,66),(6038,'2',5,360,66),(6039,'3',6,360,66),(6040,'3',7,360,66),(6041,'3',8,360,66),(6042,'3',9,360,66),(6043,'2',10,360,66),(6044,'3',11,360,66),(6045,'3',12,360,66),(6046,'4',7,366,111),(6047,'3',1,344,111),(6048,'3',2,344,111),(6049,'3',3,344,111),(6050,'3',4,344,111),(6051,'2',5,344,111),(6052,'2',6,344,111),(6053,'3',7,344,111),(6054,'3',8,344,111),(6055,'3',9,344,111),(6056,'3',10,344,111),(6057,'2',11,344,111),(6058,'2',12,344,111),(6059,'3',3,353,92),(6060,'3',4,353,92),(6061,'3',6,353,92),(6062,'3',5,353,92),(6063,'3',8,353,92),(6064,'3',2,353,92),(6065,'3',9,353,92),(6066,'4',1,353,92),(6067,'3',7,353,92),(6068,'4',11,353,92),(6069,'4',10,353,92),(6070,'3',12,353,92),(6071,'4',1,368,6),(6072,'4',3,368,6),(6073,'4',4,368,6),(6074,'4',2,368,6),(6075,'3',5,368,6),(6076,'3',6,368,6),(6077,'4',8,368,6),(6078,'3',7,368,6),(6079,'4',9,368,6),(6080,'4',10,368,6),(6081,'4',11,368,6),(6082,'4',12,368,6),(6083,'3',1,377,92),(6084,'3',2,377,92),(6085,'3',3,377,92),(6086,'3',4,377,92),(6087,'3',5,377,92),(6088,'3',6,377,92),(6089,'3',7,377,92),(6090,'3',8,377,92),(6091,'3',9,377,92),(6092,'3',10,377,92),(6093,'4',11,377,92),(6094,'4',12,377,92),(6095,'3',2,375,92),(6096,'3',4,375,92),(6097,'3',1,375,92),(6098,'3',3,375,92),(6099,'3',5,375,92),(6100,'3',6,375,92),(6101,'3',8,375,92),(6102,'3',9,375,92),(6103,'3',10,375,92),(6104,'3',7,375,92),(6105,'3',11,375,92),(6106,'3',12,375,92),(6107,'3',2,349,71),(6108,'3',1,349,71),(6109,'2',3,349,71),(6110,'3',4,349,71),(6111,'3',5,349,71),(6112,'2',6,349,71),(6113,'3',7,349,71),(6114,'4',8,349,71),(6115,'1',9,349,71),(6116,'2',10,349,71),(6117,'3',11,349,71),(6118,'1',12,349,71),(6119,'3',1,375,69),(6120,'3',2,375,69),(6121,'3',3,375,69),(6122,'4',4,375,69),(6123,'3',5,375,69),(6124,'3',6,375,69),(6125,'4',7,375,69),(6126,'3',8,375,69),(6127,'3',9,375,69),(6128,'4',10,375,69),(6129,'3',11,375,69),(6130,'4',12,375,69),(6131,'4',2,366,66),(6132,'4',1,366,66),(6133,'4',3,366,66),(6134,'4',4,366,66),(6135,'3',5,366,66),(6136,'4',6,366,66),(6137,'4',7,366,66),(6138,'4',8,366,66),(6139,'4',9,366,66),(6140,'3',10,366,66),(6141,'4',11,366,66),(6142,'4',12,366,66),(6143,'4',3,376,13),(6144,'4',4,376,13),(6145,'4',1,376,13),(6146,'4',2,376,13),(6147,'4',6,376,13),(6148,'4',5,376,13),(6149,'3',8,376,13),(6150,'4',9,376,13),(6151,'4',7,376,13),(6152,'3',10,376,13),(6153,'3',11,376,13),(6154,'3',12,376,13),(6155,'4',1,377,13),(6156,'4',2,377,13),(6157,'4',3,377,13),(6158,'4',4,377,13),(6159,'3',5,377,13),(6160,'4',6,377,13),(6161,'3',7,377,13),(6162,'3',8,377,13),(6163,'3',3,384,13),(6164,'3',4,384,13),(6165,'4',1,384,13),(6166,'4',2,384,13),(6167,'4',9,377,13),(6168,'4',10,377,13),(6169,'4',11,377,13),(6170,'4',12,377,13),(6171,'3',5,384,13),(6172,'4',6,384,13),(6173,'4',7,384,13),(6174,'4',8,384,13),(6175,'4',9,384,13),(6176,'3',10,384,13),(6177,'4',11,384,13),(6178,'4',12,384,13),(6179,'4',2,372,13),(6180,'4',1,372,13),(6181,'4',3,372,13),(6182,'4',4,372,13),(6183,'3',5,372,13),(6184,'4',6,372,13),(6185,'2',7,372,13),(6186,'4',8,372,13),(6187,'4',9,372,13),(6188,'4',10,372,13),(6189,'4',11,372,13),(6190,'4',12,372,13),(6191,'4',2,344,66),(6192,'3',3,344,66),(6193,'4',4,344,66),(6194,'4',1,344,66),(6195,'4',5,344,66),(6196,'3',6,344,66),(6197,'4',7,344,66),(6198,'3',1,378,13),(6199,'4',2,378,13),(6200,'3',3,378,13),(6201,'4',8,344,66),(6202,'4',9,344,66),(6203,'3',4,378,13),(6204,'3',5,378,13),(6205,'4',6,378,13),(6206,'2',10,344,66),(6207,'4',11,344,66),(6208,'3',7,378,13),(6209,'3',8,378,13),(6210,'3',9,378,13),(6211,'4',12,344,66),(6212,'3',10,378,13),(6213,'3',11,378,13),(6214,'3',12,378,13),(6215,'3',4,386,6),(6216,'4',1,386,6),(6217,'4',2,386,6),(6218,'4',3,386,6),(6219,'3',5,386,6),(6220,'4',6,386,6),(6221,'3',7,386,6),(6222,'4',8,386,6),(6223,'4',9,386,6),(6224,'4',10,386,6),(6225,'4',11,386,6),(6226,'4',12,386,6),(6227,'4',1,379,13),(6228,'3',3,379,13),(6229,'3',2,379,13),(6230,'3',4,379,13),(6231,'4',5,379,13),(6232,'3',6,379,13),(6233,'3',7,379,13),(6234,'4',8,379,13),(6235,'4',9,379,13),(6236,'3',10,379,13),(6237,'3',11,379,13),(6238,'4',12,379,13),(6239,'4',1,374,13),(6240,'4',2,374,13),(6241,'3',4,374,13),(6242,'4',6,374,13),(6243,'3',3,374,13),(6244,'2',8,374,13),(6245,'3',9,374,13),(6246,'4',10,374,13),(6247,'3',11,374,13),(6248,'4',1,353,69),(6249,'4',2,353,69),(6250,'4',3,353,69),(6251,'4',4,353,69),(6252,'4',5,353,69),(6253,'4',6,353,69),(6254,'4',7,353,69),(6255,'3',12,374,13),(6256,'3',5,374,13),(6257,'1',7,374,13),(6258,'4',8,353,69),(6259,'4',9,353,69),(6260,'3',10,353,69),(6261,'3',4,373,13),(6262,'3',1,373,13),(6263,'3',2,373,13),(6264,'3',3,373,13),(6265,'4',11,353,69),(6266,'3',12,353,69),(6267,'3',5,373,13),(6268,'2',7,373,13),(6269,'3',6,373,13),(6270,'3',8,373,13),(6271,'3',9,373,13),(6272,'3',10,373,13),(6273,'3',11,373,13),(6274,'3',12,373,13),(6275,'3',1,369,68),(6276,'4',2,369,68),(6277,'3',3,369,68),(6278,'4',4,369,68),(6279,'3',5,369,68),(6280,'3',6,369,68),(6281,'3',7,369,68),(6282,'4',8,369,68),(6283,'4',1,389,13),(6284,'4',9,369,68),(6285,'4',2,389,13),(6286,'4',3,389,13),(6287,'4',4,389,13),(6288,'4',5,389,13),(6289,'4',6,389,13),(6290,'3',10,369,68),(6291,'4',11,369,68),(6292,'4',12,369,68),(6293,'4',7,389,13),(6294,'4',8,389,13),(6295,'4',9,389,13),(6296,'4',10,389,13),(6297,'4',11,389,13),(6298,'4',12,389,13),(6299,'4',1,349,119),(6300,'4',2,349,119),(6301,'4',3,349,119),(6302,'4',4,349,119),(6303,'3',5,349,119),(6304,'4',6,349,119),(6305,'3',7,349,119),(6306,'4',8,349,119),(6307,'4',9,349,119),(6308,'4',10,349,119),(6309,'4',11,349,119),(6310,'4',12,349,119),(6311,'4',1,384,6),(6312,'4',2,384,6),(6313,'4',3,384,6),(6314,'4',4,384,6),(6315,'4',5,384,6),(6316,'4',6,384,6),(6317,'4',9,384,6),(6318,'4',8,384,6),(6319,'3',10,384,6),(6320,'3',7,384,6),(6321,'4',11,384,6),(6322,'4',12,384,6),(6323,'4',1,377,6),(6324,'4',4,377,6),(6325,'4',2,377,6),(6326,'4',3,377,6),(6327,'3',5,377,6),(6328,'4',6,377,6),(6329,'3',7,377,6),(6330,'3',8,377,6),(6331,'3',9,377,6),(6332,'4',10,377,6),(6333,'3',11,377,6),(6334,'3',12,377,6),(6335,'4',1,372,6),(6336,'4',2,372,6),(6337,'4',3,372,6),(6338,'4',4,372,6),(6339,'4',5,372,6),(6340,'4',6,372,6),(6341,'2',7,372,6),(6342,'4',8,372,6),(6343,'4',9,372,6),(6344,'4',10,372,6),(6345,'4',11,372,6),(6346,'4',12,372,6),(6347,'4',4,387,6),(6348,'4',2,387,6),(6349,'4',1,387,6),(6350,'4',3,387,6),(6351,'4',5,387,6),(6352,'4',6,387,6),(6353,'3',7,387,6),(6354,'4',8,387,6),(6355,'4',9,387,6),(6356,'4',10,387,6),(6357,'2',3,382,92),(6358,'3',4,382,92),(6359,'3',1,382,92),(6360,'3',2,382,92),(6361,'4',5,382,92),(6362,'3',6,382,92),(6363,'4',7,382,92),(6364,'2',8,382,92),(6365,'2',9,382,92),(6366,'3',10,382,92),(6367,'2',11,382,92),(6368,'2',12,382,92),(6369,'4',1,378,69),(6370,'4',2,378,69),(6371,'4',3,378,69),(6372,'4',4,378,69),(6373,'4',5,378,69),(6374,'4',6,378,69),(6375,'3',7,378,69),(6376,'4',8,378,69),(6377,'4',9,378,69),(6378,'4',10,378,69),(6379,'4',11,378,69),(6380,'4',12,378,69),(6381,'4',2,373,6),(6382,'4',4,373,6),(6383,'4',1,373,6),(6384,'4',3,373,6),(6385,'4',5,373,6),(6386,'4',6,373,6),(6387,'4',7,373,6),(6388,'4',8,373,6),(6389,'4',9,373,6),(6390,'4',10,373,6),(6391,'4',11,373,6),(6392,'4',12,373,6),(6393,'4',4,374,6),(6394,'4',2,374,6),(6395,'4',3,374,6),(6396,'4',1,374,6),(6397,'3',5,374,6),(6398,'3',1,381,92),(6399,'3',2,381,92),(6400,'3',3,381,92),(6401,'3',4,381,92),(6402,'4',5,381,92),(6403,'2',6,381,92),(6404,'4',6,374,6),(6405,'2',7,374,6),(6406,'4',7,381,92),(6407,'3',8,381,92),(6408,'2',9,381,92),(6409,'3',10,381,92),(6410,'4',11,381,92),(6411,'3',8,374,6),(6412,'3',12,381,92),(6413,'3',4,388,13),(6414,'4',3,388,13),(6415,'3',1,388,13),(6416,'3',2,388,13),(6417,'4',9,374,6),(6418,'4',10,374,6),(6419,'3',11,374,6),(6420,'3',12,374,6),(6421,'3',5,388,13),(6422,'3',6,388,13),(6423,'2',7,388,13),(6424,'3',8,388,13),(6425,'2',10,388,13),(6426,'3',9,388,13),(6427,'3',11,388,13),(6428,'3',12,388,13),(6429,'4',1,377,69),(6430,'4',2,377,69),(6431,'2',3,377,69),(6432,'3',4,377,69),(6433,'3',5,377,69),(6434,'4',6,377,69),(6435,'4',7,377,69),(6436,'4',8,377,69),(6437,'3',9,377,69),(6438,'3',10,377,69),(6439,'3',11,377,69),(6440,'3',12,377,69),(6441,'4',1,379,6),(6442,'4',4,379,6),(6443,'4',3,379,6),(6444,'3',5,379,6),(6445,'3',6,379,6),(6446,'3',7,379,6),(6447,'3',8,379,6),(6448,'4',9,379,6),(6449,'3',2,379,6),(6450,'4',10,379,6),(6451,'4',11,379,6),(6452,'4',12,379,6),(6453,'4',1,389,6),(6454,'4',2,389,6),(6455,'4',3,389,6),(6456,'4',4,389,6),(6457,'4',5,389,6),(6458,'4',6,389,6),(6459,'4',7,389,6),(6460,'4',8,389,6),(6461,'4',9,389,6),(6462,'4',10,389,6),(6463,'4',11,389,6),(6464,'4',12,389,6),(6465,'2',3,385,92),(6466,'3',4,385,92),(6467,'3',1,385,92),(6468,'3',2,385,92),(6469,'3',5,385,92),(6470,'3',6,385,92),(6471,'3',7,385,92),(6472,'3',8,385,92),(6473,'3',9,385,92),(6474,'3',10,385,92),(6475,'4',11,385,92),(6476,'3',12,385,92),(6477,'3',1,384,92),(6478,'3',2,384,92),(6479,'3',3,384,92),(6480,'3',4,384,92),(6481,'3',5,384,92),(6482,'3',6,384,92),(6483,'3',7,384,92),(6484,'4',8,384,92),(6485,'3',9,384,92),(6486,'4',10,384,92),(6487,'3',11,384,92),(6488,'3',12,384,92),(6489,'4',1,390,8),(6490,'3',2,390,8),(6491,'3',3,390,8),(6492,'3',4,390,8),(6493,'3',5,390,8),(6494,'2',6,390,8),(6495,'3',7,390,8),(6496,'2',8,390,8),(6497,'2',9,390,8),(6498,'3',10,390,8),(6499,'3',11,390,8),(6500,'3',12,390,8),(6501,'3',2,383,92),(6502,'2',3,383,92),(6503,'3',4,383,92),(6504,'3',1,383,92),(6505,'3',5,383,92),(6506,'3',6,383,92),(6507,'3',7,383,92),(6508,'3',8,383,92),(6509,'2',9,383,92),(6510,'3',10,383,92),(6511,'3',11,383,92),(6512,'3',12,383,92),(6513,'4',1,372,92),(6514,'4',2,372,92),(6515,'4',3,372,92),(6516,'4',4,372,92),(6517,'4',5,372,92),(6518,'4',6,372,92),(6519,'2',7,372,92),(6520,'4',8,372,92),(6521,'4',9,372,92),(6522,'4',10,372,92),(6523,'4',11,372,92),(6524,'4',12,372,92),(6525,'3',4,386,13),(6526,'3',1,386,13),(6527,'3',2,386,13),(6528,'4',3,386,13),(6529,'3',5,386,13),(6530,'4',6,386,13),(6531,'3',7,386,13),(6532,'4',8,386,13),(6533,'3',9,386,13),(6534,'3',10,386,13),(6535,'3',11,386,13),(6536,'4',12,386,13),(6537,'4',2,391,6),(6538,'3',3,391,6),(6539,'4',1,391,6),(6540,'4',4,391,6),(6541,'3',5,391,6),(6542,'3',6,391,6),(6543,'3',7,391,6),(6544,'4',8,391,6),(6545,'4',9,391,6),(6546,'4',10,391,6),(6547,'3',11,391,6),(6548,'3',12,391,6),(6549,'4',1,388,6),(6550,'4',2,388,6),(6551,'4',3,388,6),(6552,'4',4,388,6),(6553,'4',5,388,6),(6554,'4',6,388,6),(6555,'4',7,388,6),(6556,'4',8,388,6),(6557,'4',9,388,6),(6558,'4',10,388,6),(6559,'4',11,388,6),(6560,'4',12,388,6),(6561,'4',1,378,6),(6562,'4',2,378,6),(6563,'4',3,378,6),(6564,'4',4,378,6),(6565,'4',5,378,6),(6566,'4',6,378,6),(6567,'4',7,378,6),(6568,'4',8,378,6),(6569,'4',9,378,6),(6570,'4',10,378,6),(6571,'4',11,378,6),(6572,'4',12,378,6),(6573,'3',1,382,6),(6574,'3',4,382,6),(6575,'3',2,382,6),(6576,'2',3,382,6),(6577,'3',5,382,6),(6578,'4',6,382,6),(6579,'4',7,382,6),(6580,'3',8,382,6),(6581,'4',9,382,6),(6582,'3',10,382,6),(6583,'3',11,382,6),(6584,'4',12,382,6),(6585,'4',1,381,6),(6586,'4',2,381,6),(6587,'4',3,381,6),(6588,'3',4,381,6),(6589,'4',5,381,6),(6590,'4',6,381,6),(6591,'4',1,383,6),(6592,'4',2,383,6),(6593,'4',7,381,6),(6594,'3',8,381,6),(6595,'4',9,381,6),(6596,'4',10,381,6),(6597,'4',3,383,6),(6598,'4',11,381,6),(6599,'4',12,381,6),(6600,'3',4,383,6),(6601,'4',5,383,6),(6602,'4',6,383,6),(6603,'4',7,383,6),(6604,'4',8,383,6),(6605,'4',10,383,6),(6606,'3',11,383,6),(6607,'4',12,383,6),(6608,'4',9,383,6),(6609,'3',1,374,69),(6610,'3',2,374,69),(6611,'3',3,374,69),(6612,'3',4,374,69),(6613,'3',5,374,69),(6614,'4',6,374,69),(6615,'4',7,374,69),(6616,'2',8,374,69),(6617,'3',9,374,69),(6618,'3',10,374,69),(6619,'4',11,374,69),(6620,'3',12,374,69),(6621,'3',4,373,65),(6622,'2',1,373,65),(6623,'3',2,373,65),(6624,'2',3,373,65),(6625,'2',5,373,65),(6626,'3',6,373,65),(6627,'1',7,373,65),(6628,'3',8,373,65),(6629,'3',9,373,65),(6630,'3',10,373,65),(6631,'2',11,373,65),(6632,'3',12,373,65),(6633,'4',1,389,69),(6634,'4',2,389,69),(6635,'4',3,389,69),(6636,'4',4,389,69),(6637,'4',5,389,69),(6638,'4',6,389,69),(6639,'4',7,389,69),(6640,'4',8,389,69),(6641,'4',9,389,69),(6642,'4',10,389,69),(6643,'4',11,389,69),(6644,'4',12,389,69),(6645,'4',1,372,69),(6646,'4',2,372,69),(6647,'4',3,372,69),(6648,'4',4,372,69),(6649,'4',5,372,69),(6650,'4',6,372,69),(6651,'2',7,372,69),(6652,'4',8,372,69),(6653,'4',9,372,69),(6654,'4',10,372,69),(6655,'4',11,372,69),(6656,'4',12,372,69),(6657,'3',1,390,49),(6658,'3',2,390,49),(6659,'3',3,390,49),(6660,'3',4,390,49),(6661,'2',5,390,49),(6662,'3',6,390,49),(6663,'2',7,390,49),(6664,'3',8,390,49),(6665,'3',9,390,49),(6666,'3',10,390,49),(6667,'3',11,390,49),(6668,'3',12,390,49),(6669,'4',1,380,6),(6670,'4',2,380,6),(6671,'4',3,380,6),(6672,'4',4,380,6),(6673,'4',5,380,6),(6674,'4',6,380,6),(6675,'4',7,380,6),(6676,'4',8,380,6),(6677,'4',9,380,6),(6678,'4',10,380,6),(6679,'4',11,380,6),(6680,'4',12,380,6),(6681,'4',1,385,6),(6682,'4',2,385,6),(6683,'4',3,385,6),(6684,'4',4,385,6),(6685,'4',5,385,6),(6686,'3',6,385,6),(6687,'4',7,385,6),(6688,'4',8,385,6),(6689,'4',9,385,6),(6690,'4',10,385,6),(6691,'4',11,385,6),(6692,'4',12,385,6),(6693,'3',2,382,13),(6694,'3',3,382,13),(6695,'4',4,382,13),(6696,'3',1,382,13),(6697,'4',6,382,13),(6698,'4',5,382,13),(6699,'3',7,382,13),(6700,'4',8,382,13),(6701,'3',9,382,13),(6702,'3',10,382,13),(6703,'3',11,382,13),(6704,'4',12,382,13),(6705,'3',1,393,8),(6706,'3',3,393,8),(6707,'3',2,393,8),(6708,'3',4,393,8),(6709,'4',5,393,8),(6710,'3',6,393,8),(6711,'3',7,393,8),(6712,'3',8,393,8),(6713,'4',9,393,8),(6714,'3',10,393,8),(6715,'3',11,393,8),(6716,'3',12,393,8),(6717,'1',1,386,69),(6718,'3',2,386,69),(6719,'3',3,386,69),(6720,'2',4,386,69),(6721,'3',6,386,69),(6722,'3',5,386,69),(6723,'3',7,386,69),(6724,'3',8,386,69),(6725,'3',9,386,69),(6726,'3',10,386,69),(6727,'3',11,386,69),(6728,'3',12,386,69),(6729,'3',1,391,92),(6730,'3',2,391,92),(6731,'3',4,391,92),(6732,'3',3,391,92),(6733,'3',5,391,92),(6734,'4',6,391,92),(6735,'3',7,391,92),(6736,'4',8,391,92),(6737,'4',9,391,92),(6738,'3',10,391,92),(6739,'4',11,391,92),(6740,'4',12,391,92),(6741,'3',1,379,92),(6742,'3',2,379,92),(6743,'3',3,379,92),(6744,'3',4,379,92),(6745,'2',5,379,92),(6746,'4',7,379,92),(6747,'2',6,379,92),(6748,'3',8,379,92),(6749,'2',9,379,92),(6750,'2',10,379,92),(6751,'3',12,379,92),(6752,'3',11,379,92),(6753,'3',1,388,92),(6754,'3',2,388,92),(6755,'4',3,388,92),(6756,'4',4,388,92),(6757,'4',5,388,92),(6758,'3',6,388,92),(6759,'4',7,388,92),(6760,'4',8,388,92),(6761,'3',9,388,92),(6762,'4',10,388,92),(6763,'4',11,388,92),(6764,'4',12,388,92),(6765,'3',1,390,74),(6766,'3',2,390,74),(6767,'3',3,390,74),(6768,'2',4,390,74),(6769,'3',5,390,74),(6770,'3',6,390,74),(6771,'3',7,390,74),(6772,'3',8,390,74),(6773,'3',9,390,74),(6774,'3',10,390,74),(6775,'3',11,390,74),(6776,'3',12,390,74),(6777,'4',1,380,68),(6778,'4',2,380,68),(6779,'4',3,380,68),(6780,'4',1,389,92),(6781,'4',4,380,68),(6782,'4',5,380,68),(6783,'4',6,380,68),(6784,'4',7,380,68),(6785,'3',2,389,92),(6786,'3',3,389,92),(6787,'2',4,389,92),(6788,'4',8,380,68),(6789,'4',9,380,68),(6790,'4',10,380,68),(6791,'2',5,389,92),(6792,'3',6,389,92),(6793,'4',7,389,92),(6794,'4',8,389,92),(6795,'4',9,389,92),(6796,'4',11,380,68),(6797,'2',10,389,92),(6798,'4',12,380,68),(6799,'4',11,389,92),(6800,'3',12,389,92),(6801,'3',1,374,92),(6802,'3',2,374,92),(6803,'3',3,374,92),(6804,'3',4,374,92),(6805,'2',5,374,92),(6806,'3',6,374,92),(6807,'2',7,374,92),(6808,'3',8,374,92),(6809,'2',9,374,92),(6810,'3',10,374,92),(6811,'3',11,374,92),(6812,'3',12,374,92),(6813,'4',4,369,6),(6814,'4',1,369,6),(6815,'4',2,369,6),(6816,'3',3,369,6),(6817,'4',5,369,6),(6818,'3',6,369,6),(6819,'3',7,369,6),(6820,'3',8,369,6),(6821,'4',9,369,6),(6822,'4',10,369,6),(6823,'3',11,369,6),(6824,'4',12,369,6),(6825,'3',1,381,13),(6826,'3',2,381,13),(6827,'3',3,381,13),(6828,'3',4,381,13),(6829,'1',5,381,13),(6830,'3',6,381,13),(6831,'3',7,381,13),(6832,'3',8,381,13),(6833,'2',9,381,13),(6834,'2',10,381,13),(6835,'3',11,381,13),(6836,'3',12,381,13),(6837,'3',1,383,13),(6838,'2',2,383,13),(6839,'3',3,383,13),(6840,'3',4,383,13),(6841,'1',5,383,13),(6842,'3',6,383,13),(6843,'3',7,383,13),(6844,'4',8,383,13),(6845,'3',9,383,13),(6846,'2',10,383,13),(6847,'3',11,383,13),(6848,'3',12,383,13),(6849,'2',1,378,92),(6850,'3',2,378,92),(6851,'2',3,378,92),(6852,'2',4,378,92),(6853,'3',5,378,92),(6854,'3',6,378,92),(6855,'2',7,378,92),(6856,'2',8,378,92),(6857,'2',9,378,92),(6858,'3',10,378,92),(6859,'3',11,378,92),(6860,'2',12,378,92),(6861,'3',1,393,71),(6862,'3',2,393,71),(6863,'3',4,393,71),(6864,'3',3,393,71),(6865,'3',5,393,71),(6866,'3',6,393,71),(6867,'3',7,393,71),(6868,'3',8,393,71),(6869,'3',9,393,71),(6870,'3',10,393,71),(6871,'3',11,393,71),(6872,'3',12,393,71),(6873,'4',1,394,13),(6874,'4',4,394,13),(6875,'4',5,394,13),(6876,'4',2,394,13),(6877,'4',3,394,13),(6878,'4',6,394,13),(6879,'4',7,394,13),(6880,'4',8,394,13),(6881,'4',10,394,13),(6882,'4',11,394,13),(6883,'4',9,394,13),(6884,'4',12,394,13),(6885,'3',1,386,92),(6886,'3',2,386,92),(6887,'3',3,386,92),(6888,'2',4,386,92),(6889,'3',1,382,68),(6890,'2',3,382,68),(6891,'3',2,382,68),(6892,'3',4,382,68),(6893,'1',5,386,92),(6894,'3',6,386,92),(6895,'4',1,388,69),(6896,'4',2,388,69),(6897,'3',7,386,92),(6898,'4',3,388,69),(6899,'4',4,388,69),(6900,'3',8,386,92),(6901,'3',5,382,68),(6902,'4',6,382,68),(6903,'3',7,382,68),(6904,'3',8,382,68),(6905,'3',9,386,92),(6906,'3',10,386,92),(6907,'4',5,388,69),(6908,'4',6,388,69),(6909,'4',7,388,69),(6910,'4',8,388,69),(6911,'3',11,386,92),(6912,'3',12,386,92),(6913,'2',9,382,68),(6914,'2',10,382,68),(6915,'2',11,382,68),(6916,'3',12,382,68),(6917,'4',9,388,69),(6918,'3',10,388,69),(6919,'3',11,388,69),(6920,'4',12,388,69),(6921,'4',2,385,13),(6922,'3',1,385,13),(6923,'3',3,385,13),(6924,'4',4,385,13),(6925,'4',5,385,13),(6926,'3',7,385,13),(6927,'4',8,385,13),(6928,'4',9,385,13),(6929,'3',10,385,13),(6930,'4',11,385,13),(6931,'4',6,385,13),(6932,'4',12,385,13),(6933,'4',1,379,69),(6934,'4',2,379,69),(6935,'3',3,379,69),(6936,'4',4,379,69),(6937,'4',5,379,69),(6938,'4',6,379,69),(6939,'3',7,379,69),(6940,'4',8,379,69),(6941,'4',9,379,69),(6942,'3',10,379,69),(6943,'3',11,379,69),(6944,'4',12,379,69),(6945,'4',1,380,13),(6946,'4',2,380,13),(6947,'4',3,380,13),(6948,'4',4,380,13),(6949,'4',5,380,13),(6950,'4',6,380,13),(6951,'4',7,380,13),(6952,'4',8,380,13),(6953,'4',9,380,13),(6954,'4',10,380,13),(6955,'4',11,380,13),(6956,'4',12,380,13),(6957,'3',1,393,49),(6958,'3',3,393,49),(6959,'3',2,393,49),(6960,'3',4,393,49),(6961,'3',5,393,49),(6962,'3',6,393,49),(6963,'3',7,393,49),(6964,'3',8,393,49),(6965,'3',9,393,49),(6966,'3',10,393,49),(6967,'3',11,393,49),(6968,'3',12,393,49),(6969,'4',1,394,92),(6970,'4',2,394,92),(6971,'4',3,394,92),(6972,'4',4,394,92),(6973,'4',5,394,92),(6974,'4',6,394,92),(6975,'4',7,394,92),(6976,'4',8,394,92),(6977,'4',9,394,92),(6978,'4',10,394,92),(6979,'4',11,394,92),(6980,'4',12,394,92),(6981,'4',1,380,92),(6982,'4',2,380,92),(6983,'4',3,380,92),(6984,'4',4,380,92),(6985,'4',5,380,92),(6986,'4',6,380,92),(6987,'4',7,380,92),(6988,'4',8,380,92),(6989,'4',9,380,92),(6990,'4',10,380,92),(6991,'4',11,380,92),(6992,'4',12,380,92),(6993,'4',1,394,6),(6994,'4',2,394,6),(6995,'4',3,394,6),(6996,'4',4,394,6),(6997,'4',5,394,6),(6998,'4',6,394,6),(6999,'4',7,394,6),(7000,'4',8,394,6),(7001,'4',9,394,6),(7002,'4',10,394,6),(7003,'4',11,394,6),(7004,'4',12,394,6),(7005,'3',1,383,68),(7006,'3',2,383,68),(7007,'2',3,383,68),(7008,'4',4,383,68),(7009,'2',1,381,68),(7010,'3',2,381,68),(7011,'3',3,381,68),(7012,'1',5,381,68),(7013,'2',6,381,68),(7014,'3',4,381,68),(7015,'2',5,383,68),(7016,'4',8,383,68),(7017,'2',7,383,68),(7018,'2',6,383,68),(7019,'2',7,381,68),(7020,'3',8,381,68),(7021,'3',9,381,68),(7022,'2',10,381,68),(7023,'3',11,381,68),(7024,'3',12,381,68),(7025,'3',9,383,68),(7026,'2',10,383,68),(7027,'3',11,383,68),(7028,'3',12,383,68),(7029,'4',1,395,13),(7030,'3',2,395,13),(7031,'3',3,395,13),(7032,'4',4,395,13),(7033,'3',5,395,13),(7034,'4',6,395,13),(7035,'2',7,395,13),(7036,'4',8,395,13),(7037,'4',9,395,13),(7038,'3',10,395,13),(7039,'3',11,395,13),(7040,'4',12,395,13),(7041,'4',1,353,6),(7042,'4',2,353,6),(7043,'3',3,353,6),(7044,'4',4,353,6),(7045,'3',5,353,6),(7046,'3',6,353,6),(7047,'3',7,353,6),(7048,'3',8,353,6),(7049,'4',9,353,6),(7050,'3',10,353,6),(7051,'4',11,353,6),(7052,'4',12,353,6),(7053,'3',1,393,78),(7054,'3',3,393,78),(7055,'3',4,393,78),(7056,'3',5,393,78),(7057,'3',2,393,78),(7058,'3',6,393,78),(7059,'3',7,393,78),(7060,'3',8,393,78),(7061,'3',9,393,78),(7062,'3',10,393,78),(7063,'3',11,393,78),(7064,'3',12,393,78),(7065,'4',1,390,78),(7066,'3',2,390,78),(7067,'4',3,390,78),(7068,'3',4,390,78),(7069,'3',5,390,78),(7070,'4',6,390,78),(7071,'3',7,390,78),(7072,'3',8,390,78),(7073,'4',9,390,78),(7074,'3',10,390,78),(7075,'4',11,390,78),(7076,'3',12,390,78),(7077,'3',3,385,68),(7078,'4',4,385,68),(7079,'4',1,385,68),(7080,'4',2,385,68),(7081,'3',5,385,68),(7082,'3',6,385,68),(7083,'3',7,385,68),(7084,'4',8,385,68),(7085,'3',9,385,68),(7086,'3',10,385,68),(7087,'4',11,385,68),(7088,'3',12,385,68),(7089,'4',1,397,6),(7090,'4',4,397,6),(7091,'4',2,397,6),(7092,'4',3,397,6),(7093,'4',6,397,6),(7094,'4',7,397,6),(7095,'4',5,397,6),(7096,'4',8,397,6),(7097,'4',9,397,6),(7098,'4',10,397,6),(7099,'4',12,397,6),(7100,'4',11,397,6),(7101,'3',1,393,74),(7102,'3',2,393,74),(7103,'3',3,393,74),(7104,'3',4,393,74),(7105,'3',5,393,74),(7106,'3',6,393,74),(7107,'3',7,393,74),(7108,'3',8,393,74),(7109,'3',9,393,74),(7110,'4',10,393,74),(7111,'4',11,393,74),(7112,'4',12,393,74),(7113,'4',1,396,6),(7114,'4',2,396,6),(7115,'4',3,396,6),(7116,'4',4,396,6),(7117,'4',5,396,6),(7118,'4',6,396,6),(7119,'4',7,396,6),(7120,'4',8,396,6),(7121,'4',9,396,6),(7122,'4',10,396,6),(7123,'4',11,396,6),(7124,'4',12,396,6),(7125,'4',4,398,6),(7126,'4',1,398,6),(7127,'4',2,398,6),(7128,'4',5,398,6),(7129,'4',6,398,6),(7130,'3',7,398,6),(7131,'4',8,398,6),(7132,'4',3,398,6),(7133,'3',9,398,6),(7134,'3',10,398,6),(7135,'4',1,392,13),(7136,'4',2,392,13),(7137,'4',3,392,13),(7138,'3',4,392,13),(7139,'4',11,398,6),(7140,'4',12,398,6),(7141,'4',1,397,13),(7142,'4',2,397,13),(7143,'4',3,397,13),(7144,'4',4,397,13),(7145,'3',5,392,13),(7146,'3',6,392,13),(7147,'3',7,392,13),(7148,'3',8,392,13),(7149,'4',5,397,13),(7150,'4',6,397,13),(7151,'3',7,397,13),(7152,'4',8,397,13),(7153,'3',9,392,13),(7154,'3',10,392,13),(7155,'3',11,392,13),(7156,'3',12,392,13),(7157,'4',9,397,13),(7158,'4',10,397,13),(7159,'4',11,397,13),(7160,'4',12,397,13),(7161,'4',1,396,13),(7162,'4',3,396,13),(7163,'4',2,396,13),(7164,'4',4,396,13),(7165,'4',5,396,13),(7166,'4',6,396,13),(7167,'4',7,396,13),(7168,'4',8,396,13),(7169,'4',9,396,13),(7170,'4',10,396,13),(7171,'4',11,396,13),(7172,'4',12,396,13),(7173,'3',1,390,129),(7174,'3',2,390,129),(7175,'4',3,390,129),(7176,'3',4,390,129),(7177,'3',5,390,129),(7178,'4',6,390,129),(7179,'3',7,390,129),(7180,'3',8,390,129),(7181,'3',9,390,129),(7182,'3',10,390,129),(7183,'4',11,390,129),(7184,'3',12,390,129),(7185,'3',1,398,13),(7186,'3',3,398,13),(7187,'3',2,398,13),(7188,'4',4,398,13),(7189,'4',5,398,13),(7190,'4',6,398,13),(7191,'4',7,398,13),(7192,'4',8,398,13),(7193,'4',9,398,13),(7194,'4',10,398,13),(7195,'4',11,398,13),(7196,'4',12,398,13),(7197,'4',4,369,13),(7198,'3',1,369,13),(7199,'4',2,369,13),(7200,'4',3,369,13),(7201,'3',5,369,13),(7202,'4',6,369,13),(7203,'4',7,369,13),(7204,'4',8,369,13),(7205,'4',9,369,13),(7206,'3',10,369,13),(7207,'4',11,369,13),(7208,'4',12,369,13),(7209,'4',1,397,69),(7210,'4',2,397,69),(7211,'4',3,397,69),(7212,'4',4,397,69),(7213,'4',5,397,69),(7214,'4',6,397,69),(7215,'4',7,397,69),(7216,'4',8,397,69),(7217,'4',9,397,69),(7218,'4',10,397,69),(7219,'4',11,397,69),(7220,'4',12,397,69),(7221,'3',1,393,129),(7222,'3',3,393,129),(7223,'3',5,393,129),(7224,'3',2,393,129),(7225,'3',4,393,129),(7226,'3',6,393,129),(7227,'3',7,393,129),(7228,'3',8,393,129),(7229,'3',11,393,129),(7230,'3',12,393,129),(7231,'3',9,393,129),(7232,'3',10,393,129),(7233,'4',3,397,92),(7234,'4',1,397,92),(7235,'4',2,397,92),(7236,'4',5,397,92),(7237,'4',6,397,92),(7238,'4',7,397,92),(7239,'4',8,397,92),(7240,'4',9,397,92),(7241,'4',10,397,92),(7242,'4',11,397,92),(7243,'4',12,397,92),(7244,'4',4,397,92),(7245,'4',1,396,92),(7246,'4',4,396,92),(7247,'4',2,396,92),(7248,'4',3,396,92),(7249,'4',5,396,92),(7250,'4',6,396,92),(7251,'4',7,396,92),(7252,'4',8,396,92),(7253,'4',9,396,92),(7254,'4',10,396,92),(7255,'4',11,396,92),(7256,'4',12,396,92),(7257,'3',1,393,119),(7258,'3',4,393,119),(7259,'3',2,393,119),(7260,'3',3,393,119),(7261,'2',3,398,92),(7262,'3',4,398,92),(7263,'3',1,398,92),(7264,'3',2,398,92),(7265,'3',5,398,92),(7266,'3',5,393,119),(7267,'3',6,393,119),(7268,'3',6,398,92),(7269,'3',7,398,92),(7270,'3',8,398,92),(7271,'3',9,398,92),(7272,'3',10,398,92),(7273,'3',11,398,92),(7274,'3',12,398,92),(7275,'3',7,393,119),(7276,'3',8,393,119),(7277,'3',9,393,119),(7278,'3',10,393,119),(7279,'3',11,393,119),(7280,'3',12,393,119),(7281,'4',1,398,69),(7282,'4',3,398,69),(7283,'3',4,398,69),(7284,'4',2,398,69),(7285,'4',5,398,69),(7286,'4',6,398,69),(7287,'4',7,398,69),(7288,'4',8,398,69),(7289,'4',9,398,69),(7290,'4',10,398,69),(7291,'3',11,398,69),(7292,'3',12,398,69),(7293,'4',1,396,68),(7294,'4',2,396,68),(7295,'4',3,396,68),(7296,'4',4,396,68),(7297,'4',5,396,68),(7298,'4',6,396,68),(7299,'4',7,396,68),(7300,'4',8,396,68),(7301,'4',9,396,68),(7302,'4',10,396,68),(7303,'4',11,396,68),(7304,'4',12,396,68),(7305,'2',1,390,71),(7306,'3',2,390,71),(7307,'2',3,390,71),(7308,'3',4,390,71),(7309,'2',5,390,71),(7310,'3',6,390,71),(7311,'2',7,390,71),(7312,'3',8,390,71),(7313,'2',9,390,71),(7314,'3',10,390,71),(7315,'2',11,390,71),(7316,'3',12,390,71),(7317,'3',1,392,6),(7318,'4',2,392,6),(7319,'4',4,392,6),(7320,'4',3,392,6),(7321,'3',5,392,6),(7322,'3',6,392,6),(7323,'2',7,392,6),(7324,'4',9,392,6),(7325,'4',10,392,6),(7326,'3',8,392,6),(7327,'4',11,392,6),(7328,'3',12,392,6),(7329,'4',1,399,6),(7330,'4',2,399,6),(7331,'4',3,399,6),(7332,'4',4,399,6),(7333,'4',5,399,6),(7334,'4',6,399,6),(7335,'4',7,399,6),(7336,'4',8,399,6),(7337,'4',9,399,6),(7338,'4',10,399,6),(7339,'4',11,399,6),(7340,'4',12,399,6),(7341,'4',1,369,92),(7342,'3',2,369,92),(7343,'4',4,369,92),(7344,'4',3,369,92),(7345,'4',5,369,92),(7346,'3',6,369,92),(7347,'4',7,369,92),(7348,'4',8,369,92),(7349,'3',10,369,92),(7350,'4',11,369,92),(7351,'4',12,369,92),(7352,'3',1,166,49),(7353,'3',2,166,49),(7354,'3',3,166,49),(7355,'4',4,166,49),(7356,'3',5,166,49),(7357,'3',6,166,49),(7358,'3',9,369,92),(7359,'3',7,166,49),(7360,'4',8,166,49),(7361,'4',9,166,49),(7362,'3',10,166,49),(7363,'3',11,166,49),(7364,'3',12,166,49),(7365,'4',3,399,13),(7366,'3',4,399,13),(7367,'4',1,399,13),(7368,'3',2,399,13),(7369,'4',5,399,13),(7370,'4',6,399,13),(7371,'4',7,399,13),(7372,'4',8,399,13),(7373,'4',9,399,13),(7374,'4',10,399,13),(7375,'3',11,399,13),(7376,'4',12,399,13),(7377,'3',1,390,119),(7378,'3',2,390,119),(7379,'4',3,390,119),(7380,'2',4,390,119),(7381,'3',5,390,119),(7382,'4',6,390,119),(7383,'3',7,390,119),(7384,'4',8,390,119),(7385,'4',9,390,119),(7386,'3',10,390,119),(7387,'3',11,390,119),(7388,'3',12,390,119),(7389,'4',1,392,69),(7390,'3',2,392,69),(7391,'3',3,392,69),(7392,'3',4,392,69),(7393,'3',5,392,69),(7394,'3',6,392,69),(7395,'3',7,392,69),(7396,'3',8,392,69),(7397,'3',9,392,69),(7398,'3',10,392,69),(7399,'3',11,392,69),(7400,'3',12,392,69),(7401,'4',1,166,78),(7402,'4',2,166,78),(7403,'4',3,166,78),(7404,'3',4,166,78),(7405,'3',5,166,78),(7406,'3',6,166,78),(7407,'3',7,166,78),(7408,'4',8,166,78),(7409,'4',9,166,78),(7410,'4',10,166,78),(7411,'4',11,166,78),(7412,'4',12,166,78),(7413,'3',1,399,69),(7414,'3',3,399,69),(7415,'3',2,399,69),(7416,'4',4,399,69),(7417,'3',5,399,69),(7418,'3',6,399,69),(7419,'4',7,399,69),(7420,'4',8,399,69),(7421,'4',9,399,69),(7422,'4',10,399,69),(7423,'3',11,399,69),(7424,'4',12,399,69),(7425,'4',1,401,129),(7426,'4',2,401,129),(7427,'4',3,401,129),(7428,'4',4,401,129),(7429,'4',5,401,129),(7430,'4',6,401,129),(7431,'4',7,401,129),(7432,'4',8,401,129),(7433,'4',9,401,129),(7434,'4',10,401,129),(7435,'4',11,401,129),(7436,'4',12,401,129),(7437,'4',2,401,71),(7438,'4',1,401,71),(7439,'4',3,401,71),(7440,'4',4,401,71),(7441,'4',5,401,71),(7442,'4',6,401,71),(7443,'4',7,401,71),(7444,'4',8,401,71),(7445,'4',9,401,71),(7446,'4',10,401,71),(7447,'4',11,401,71),(7448,'4',12,401,71),(7449,'3',1,399,92),(7450,'3',4,399,92),(7451,'4',2,399,92),(7452,'3',3,399,92),(7453,'4',5,399,92),(7454,'4',6,399,92),(7455,'4',7,399,92),(7456,'4',8,399,92),(7457,'4',9,399,92),(7458,'4',11,399,92),(7459,'4',10,399,92),(7460,'4',12,399,92),(7461,'3',1,166,8),(7462,'3',2,166,8),(7463,'3',3,166,8),(7464,'3',4,166,8),(7465,'3',5,166,8),(7466,'3',6,166,8),(7467,'4',7,166,8),(7468,'4',8,166,8),(7469,'3',9,166,8),(7470,'3',10,166,8),(7471,'3',11,166,8),(7472,'3',12,166,8),(7473,'4',1,401,119),(7474,'4',2,401,119),(7475,'4',3,401,119),(7476,'4',4,401,119),(7477,'4',5,401,119),(7478,'4',6,401,119),(7479,'4',7,401,119),(7480,'4',8,401,119),(7481,'4',9,401,119),(7482,'4',10,401,119),(7483,'4',11,401,119),(7484,'4',12,401,119),(7485,'4',1,166,74),(7486,'4',2,166,74),(7487,'4',3,166,74),(7488,'3',4,166,74),(7489,'4',5,166,74),(7490,'4',6,166,74),(7491,'4',7,166,74),(7492,'4',8,166,74),(7493,'4',9,166,74),(7494,'4',10,166,74),(7495,'4',11,166,74),(7496,'4',12,166,74),(7497,'3',1,402,8),(7498,'3',2,402,8),(7499,'3',3,402,8),(7500,'3',4,402,8),(7501,'3',5,402,8),(7502,'3',6,402,8),(7503,'3',7,402,8),(7504,'3',8,402,8),(7505,'3',9,402,8),(7506,'3',10,402,8),(7507,'3',11,402,8),(7508,'3',12,402,8),(7509,'4',1,166,129),(7510,'3',2,166,129),(7511,'3',3,166,129),(7512,'3',4,166,129),(7513,'3',5,166,129),(7514,'3',6,166,129),(7515,'3',7,166,129),(7516,'3',8,166,129),(7517,'3',9,166,129),(7518,'3',10,166,129),(7519,'3',11,166,129),(7520,'3',12,166,129),(7521,'3',1,402,49),(7522,'3',4,402,49),(7523,'3',3,402,49),(7524,'3',2,402,49),(7525,'3',5,402,49),(7526,'3',6,402,49),(7527,'3',7,402,49),(7528,'3',8,402,49),(7529,'3',9,402,49),(7530,'3',10,402,49),(7531,'3',11,402,49),(7532,'3',12,402,49),(7533,'3',1,402,74),(7534,'3',2,402,74),(7535,'3',3,402,74),(7536,'3',4,402,74),(7537,'3',5,402,74),(7538,'3',6,402,74),(7539,'3',7,402,74),(7540,'3',8,402,74),(7541,'3',9,402,74),(7542,'3',10,402,74),(7543,'3',11,402,74),(7544,'3',12,402,74),(7545,'3',1,402,78),(7546,'3',2,402,78),(7547,'3',3,402,78),(7548,'3',4,402,78),(7549,'3',5,402,78),(7550,'3',6,402,78),(7551,'3',7,402,78),(7552,'3',8,402,78),(7553,'3',9,402,78),(7554,'3',10,402,78),(7555,'3',11,402,78),(7556,'3',12,402,78),(7557,'3',1,166,71),(7558,'3',2,166,71),(7559,'3',3,166,71),(7560,'3',4,166,71),(7561,'3',5,166,71),(7562,'3',6,166,71),(7563,'3',7,166,71),(7564,'3',8,166,71),(7565,'3',9,166,71),(7566,'2',10,166,71),(7567,'3',11,166,71),(7568,'3',12,166,71),(7569,'4',1,166,119),(7570,'4',2,166,119),(7571,'4',3,166,119),(7572,'4',4,166,119),(7573,'4',5,166,119),(7574,'4',6,166,119),(7575,'4',7,166,119),(7576,'4',8,166,119),(7577,'4',9,166,119),(7578,'4',10,166,119),(7579,'4',11,166,119),(7580,'4',12,166,119),(7581,'3',1,402,129),(7582,'3',2,402,129),(7583,'3',3,402,129),(7584,'3',4,402,129),(7585,'3',5,402,129),(7586,'3',6,402,129),(7587,'3',7,402,129),(7588,'3',8,402,129),(7589,'3',9,402,129),(7590,'3',10,402,129),(7591,'3',11,402,129),(7592,'3',12,402,129),(7593,'3',1,403,98),(7594,'4',2,403,98),(7595,'4',3,403,98),(7596,'3',4,403,98),(7597,'3',5,403,98),(7598,'3',6,403,98),(7599,'2',7,403,98),(7600,'4',8,403,98),(7601,'4',9,403,98),(7602,'3',10,403,98),(7603,'4',11,403,98),(7604,'3',12,403,98),(7605,'3',1,402,71),(7606,'3',2,402,71),(7607,'3',3,402,71),(7608,'3',4,402,71),(7609,'3',5,402,71),(7610,'3',6,402,71),(7611,'2',7,402,71),(7612,'3',8,402,71),(7613,'3',9,402,71),(7614,'3',10,402,71),(7615,'3',11,402,71),(7616,'3',12,402,71),(7617,'3',1,402,119),(7618,'4',2,402,119),(7619,'3',6,402,119),(7620,'3',7,402,119),(7621,'3',8,402,119),(7622,'3',3,402,119),(7623,'3',5,402,119),(7624,'3',9,402,119),(7625,'3',10,402,119),(7626,'3',4,402,119),(7627,'3',11,402,119),(7628,'3',12,402,119),(7629,'4',2,404,98),(7630,'4',1,404,98),(7631,'4',3,404,98),(7632,'4',4,404,98),(7633,'4',5,404,98),(7634,'4',6,404,98),(7635,'3',7,404,98),(7636,'4',9,404,98),(7637,'4',8,404,98),(7638,'4',10,404,98),(7639,'4',11,404,98),(7640,'4',1,406,8),(7641,'4',3,406,8),(7642,'4',2,406,8),(7643,'3',4,406,8),(7644,'4',5,406,8),(7645,'3',6,406,8),(7646,'4',12,404,98),(7647,'2',7,406,8),(7648,'4',8,406,8),(7649,'4',9,406,8),(7650,'3',10,406,8),(7651,'4',11,406,8),(7652,'4',12,406,8),(7653,'4',1,405,98),(7654,'4',2,405,98),(7655,'3',3,405,98),(7656,'3',4,405,98),(7657,'4',5,405,98),(7658,'4',6,405,98),(7659,'2',7,405,98),(7660,'3',8,405,98),(7661,'4',9,405,98),(7662,'4',10,405,98),(7663,'4',11,405,98),(7664,'4',12,405,98),(7665,'4',1,406,49),(7666,'3',2,406,49),(7667,'3',3,406,49),(7668,'4',4,406,49),(7669,'3',5,406,49),(7670,'4',6,406,49),(7671,'4',7,406,49),(7672,'4',8,406,49),(7673,'3',9,406,49),(7674,'3',10,406,49),(7675,'3',11,406,49),(7676,'3',12,406,49),(7677,'4',1,406,78),(7678,'3',2,406,78),(7679,'3',3,406,78),(7680,'3',4,406,78),(7681,'3',5,406,78),(7682,'4',6,406,78),(7683,'4',7,406,78),(7684,'4',8,406,78),(7685,'3',9,406,78),(7686,'3',10,406,78),(7687,'3',11,406,78),(7688,'4',12,406,78),(7689,'4',1,407,98),(7690,'4',2,407,98),(7691,'4',3,407,98),(7692,'4',4,407,98),(7693,'4',5,407,98),(7694,'4',6,407,98),(7695,'4',7,407,98),(7696,'4',8,407,98),(7697,'4',9,407,98),(7698,'4',10,407,98),(7699,'4',11,407,98),(7700,'4',12,407,98),(7701,'4',1,406,74),(7702,'4',2,406,74),(7703,'3',3,406,74),(7704,'3',4,406,74),(7705,'3',5,406,74),(7706,'3',6,406,74),(7707,'4',7,406,74),(7708,'4',8,406,74),(7709,'4',9,406,74),(7710,'3',10,406,74),(7711,'3',11,406,74),(7712,'4',12,406,74),(7713,'3',1,406,129),(7714,'4',2,406,129),(7715,'4',3,406,129),(7716,'4',4,406,129),(7717,'4',5,406,129),(7718,'4',6,406,129),(7719,'4',7,406,129),(7720,'4',8,406,129),(7721,'4',9,406,129),(7722,'3',2,408,98),(7723,'4',10,406,129),(7724,'3',1,408,98),(7725,'4',3,408,98),(7726,'3',4,408,98),(7727,'4',11,406,129),(7728,'4',12,406,129),(7729,'3',5,408,98),(7730,'4',6,408,98),(7731,'2',7,408,98),(7732,'3',8,408,98),(7733,'4',9,408,98),(7734,'4',10,408,98),(7735,'3',11,408,98),(7736,'3',12,408,98),(7737,'4',2,406,71),(7738,'4',1,406,71),(7739,'3',3,406,71),(7740,'3',4,406,71),(7741,'4',5,406,71),(7742,'3',6,406,71),(7743,'2',7,406,71),(7744,'4',8,406,71),(7745,'3',9,406,71),(7746,'3',10,406,71),(7747,'3',11,406,71),(7748,'3',12,406,71),(7749,'4',1,410,98),(7750,'3',2,410,98),(7751,'4',3,410,98),(7752,'4',4,410,98),(7753,'2',5,410,98),(7754,'4',6,410,98),(7755,'3',7,410,98),(7756,'4',8,410,98),(7757,'4',9,410,98),(7758,'2',10,410,98),(7759,'3',11,410,98),(7760,'4',12,410,98),(7761,'4',1,406,119),(7762,'4',2,406,119),(7763,'4',3,406,119),(7764,'4',4,406,119),(7765,'4',5,406,119),(7766,'4',6,406,119),(7767,'4',7,406,119),(7768,'4',8,406,119),(7769,'4',9,406,119),(7770,'4',10,406,119),(7771,'4',11,406,119),(7772,'4',12,406,119),(7773,'4',1,409,98),(7774,'4',2,409,98),(7775,'4',3,409,98),(7776,'4',4,409,98),(7777,'3',5,409,98),(7778,'4',6,409,98),(7779,'3',7,409,98),(7780,'3',8,409,98),(7781,'4',9,409,98),(7782,'3',10,409,98),(7783,'4',11,409,98),(7784,'3',12,409,98),(7785,'4',3,417,98),(7786,'4',2,417,98),(7787,'4',4,417,98),(7788,'3',1,417,98),(7789,'4',5,417,98),(7790,'3',6,417,98),(7791,'2',7,417,98),(7792,'3',8,417,98),(7793,'4',9,417,98),(7794,'3',10,417,98),(7795,'4',11,417,98),(7796,'4',12,417,98),(7797,'4',1,419,98),(7798,'4',2,419,98),(7799,'4',3,419,98),(7800,'4',4,419,98),(7801,'4',5,419,98),(7802,'4',6,419,98),(7803,'3',7,419,98),(7804,'4',8,419,98),(7805,'4',9,419,98),(7806,'3',10,419,98),(7807,'4',11,419,98),(7808,'4',12,419,98),(7809,'3',2,418,98),(7810,'3',1,418,98),(7811,'3',3,418,98),(7812,'3',4,418,98),(7813,'4',5,418,98),(7814,'3',6,418,98),(7815,'3',7,418,98),(7816,'3',8,418,98),(7817,'4',9,418,98),(7818,'3',10,418,98),(7819,'3',11,418,98),(7820,'4',12,418,98),(7821,'3',2,420,98),(7822,'3',1,420,98),(7823,'3',3,420,98),(7824,'4',4,420,98),(7825,'3',5,420,98),(7826,'4',6,420,98),(7827,'3',7,420,98),(7828,'3',8,420,98),(7829,'4',9,420,98),(7830,'4',10,420,98),(7831,'4',11,420,98),(7832,'3',12,420,98),(7833,'3',2,421,98),(7834,'3',1,421,98),(7835,'3',3,421,98),(7836,'3',4,421,98),(7837,'4',5,421,98),(7838,'3',6,421,98),(7839,'3',8,421,98),(7840,'4',7,421,98),(7841,'3',9,421,98),(7842,'3',10,421,98),(7843,'3',11,421,98),(7844,'4',12,421,98),(7845,'3',1,422,98),(7846,'4',2,422,98),(7847,'4',3,422,98),(7848,'4',4,422,98),(7849,'4',6,422,98),(7850,'4',7,422,98),(7851,'3',5,422,98),(7852,'4',8,422,98),(7853,'4',9,422,98),(7854,'4',10,422,98),(7855,'4',11,422,98),(7856,'4',12,422,98),(7857,'4',2,423,98),(7858,'4',1,423,98),(7859,'3',3,423,98),(7860,'4',4,423,98),(7861,'3',5,423,98),(7862,'4',6,423,98),(7863,'4',8,423,98),(7864,'3',7,423,98),(7865,'4',9,423,98),(7866,'4',10,423,98),(7867,'4',11,423,98),(7868,'4',12,423,98),(7869,'3',2,427,98),(7870,'3',1,427,98),(7871,'4',3,427,98),(7872,'4',4,427,98),(7873,'3',5,427,98),(7874,'4',6,427,98),(7875,'4',8,427,98),(7876,'2',7,427,98),(7877,'4',9,427,98),(7878,'4',10,427,98),(7879,'4',11,427,98),(7880,'4',12,427,98),(7881,'4',1,426,64),(7882,'4',2,426,64),(7883,'4',3,426,64),(7884,'4',4,426,64),(7885,'4',5,426,64),(7886,'4',6,426,64),(7887,'4',7,426,64),(7888,'4',8,426,64),(7889,'4',9,426,64),(7890,'4',10,426,64),(7891,'4',11,426,64),(7892,'4',12,426,64),(7893,'4',2,425,98),(7894,'3',3,425,98),(7895,'4',1,425,98),(7896,'3',4,425,98),(7897,'2',5,425,98),(7898,'3',6,425,98),(7899,'4',7,425,98),(7900,'4',8,425,98),(7901,'4',9,425,98),(7902,'3',10,425,98),(7903,'4',11,425,98),(7904,'3',12,425,98),(7905,'4',1,428,64),(7906,'4',2,428,64),(7907,'3',3,428,64),(7908,'3',4,428,64),(7909,'4',5,428,64),(7910,'4',6,428,64),(7911,'4',7,428,64),(7912,'4',8,428,64),(7913,'4',9,428,64),(7914,'4',10,428,64),(7915,'4',11,428,64),(7916,'4',12,428,64),(7917,'3',2,430,98),(7918,'3',1,430,98),(7919,'3',3,430,98),(7920,'3',4,430,98),(7921,'3',5,430,98),(7922,'3',6,430,98),(7923,'3',7,430,98),(7924,'3',8,430,98),(7925,'3',9,430,98),(7926,'3',10,430,98),(7927,'3',11,430,98),(7928,'3',12,430,98),(7929,'4',1,429,64),(7930,'4',2,429,64),(7931,'4',3,429,64),(7932,'4',4,429,64),(7933,'4',5,429,64),(7934,'4',6,429,64),(7935,'4',7,429,64),(7936,'4',8,429,64),(7937,'4',9,429,64),(7938,'4',10,429,64),(7939,'4',11,429,64),(7940,'4',12,429,64),(7941,'4',1,431,64),(7942,'4',2,431,64),(7943,'4',3,431,64),(7944,'4',4,431,64),(7945,'4',5,431,64),(7946,'4',6,431,64),(7947,'4',7,431,64),(7948,'4',8,431,64),(7949,'4',9,431,64),(7950,'4',10,431,64),(7951,'4',11,431,64),(7952,'4',12,431,64),(7953,'4',1,432,64),(7954,'4',2,432,64),(7955,'4',3,432,64),(7956,'4',4,432,64),(7957,'4',5,432,64),(7958,'4',6,432,64),(7959,'4',7,432,64),(7960,'4',8,432,64),(7961,'4',9,432,64),(7962,'4',10,432,64),(7963,'4',11,432,64),(7964,'4',12,432,64),(7965,'4',1,433,64),(7966,'4',2,433,64),(7967,'4',3,433,64),(7968,'4',4,433,64),(7969,'4',5,433,64),(7970,'4',6,433,64),(7971,'4',7,433,64),(7972,'4',8,433,64),(7973,'4',9,433,64),(7974,'4',10,433,64),(7975,'4',11,433,64),(7976,'4',12,433,64),(7977,'2',2,435,56),(7978,'3',1,435,56),(7979,'3',3,435,56),(7980,'3',4,435,56),(7981,'4',5,435,56),(7982,'4',6,435,56),(7983,'4',7,435,56),(7984,'4',8,435,56),(7985,'4',9,435,56),(7986,'3',10,435,56),(7987,'3',11,435,56),(7988,'4',12,435,56),(7989,'4',1,435,50),(7990,'4',2,435,50),(7991,'4',3,435,50),(7992,'3',4,435,50),(7993,'3',5,435,50),(7994,'4',6,435,50),(7995,'3',7,435,50),(7996,'4',8,435,50),(7997,'4',9,435,50),(7998,'3',10,435,50),(7999,'4',11,435,50),(8000,'4',12,435,50),(8001,'4',2,435,130),(8002,'4',1,435,130),(8003,'4',3,435,130),(8004,'3',4,435,130),(8005,'4',5,435,130),(8006,'3',6,435,130),(8007,'4',7,435,130),(8008,'4',8,435,130),(8009,'4',9,435,130),(8010,'3',10,435,130),(8011,'3',11,435,130),(8012,'4',12,435,130),(8013,'2',2,436,56),(8014,'4',1,436,56),(8015,'4',3,436,56),(8016,'2',4,436,56),(8017,'3',5,436,56),(8018,'4',6,436,56),(8019,'4',7,436,56),(8020,'3',8,436,56),(8021,'4',9,436,56),(8022,'3',10,436,56),(8023,'3',11,436,56),(8024,'3',12,436,56),(8025,'4',2,436,50),(8026,'4',1,436,50),(8027,'4',3,436,50),(8028,'4',4,436,50),(8029,'3',5,436,50),(8030,'4',6,436,50),(8031,'3',7,436,50),(8032,'4',8,436,50),(8033,'4',9,436,50),(8034,'3',10,436,50),(8035,'4',11,436,50),(8036,'3',12,436,50),(8037,'3',1,436,130),(8038,'4',2,436,130),(8039,'4',3,436,130),(8040,'3',4,436,130),(8041,'4',5,436,130),(8042,'3',6,436,130),(8043,'4',7,436,130),(8044,'3',8,436,130),(8045,'4',9,436,130),(8046,'3',10,436,130),(8047,'3',11,436,130),(8048,'4',12,436,130),(8049,'3',1,436,9),(8050,'4',2,436,9),(8051,'2',3,436,9),(8052,'2',4,436,9),(8053,'2',5,436,9),(8054,'4',6,436,9),(8055,'2',7,436,9),(8056,'4',8,436,9),(8057,'3',9,436,9),(8058,'3',10,436,9),(8059,'3',11,436,9),(8060,'3',12,436,9),(8061,'4',1,436,72),(8062,'2',2,436,72),(8063,'3',3,436,72),(8064,'2',4,436,72),(8065,'2',5,436,72),(8066,'3',6,436,72),(8067,'2',7,436,72),(8068,'4',8,436,72),(8069,'3',9,436,72),(8070,'2',10,436,72),(8071,'3',11,436,72),(8072,'2',12,436,72),(8073,'4',1,436,120),(8074,'4',2,436,120),(8075,'3',3,436,120),(8076,'4',4,436,120),(8077,'3',5,436,120),(8078,'4',6,436,120),(8079,'3',7,436,120),(8080,'4',8,436,120),(8081,'4',9,436,120),(8082,'3',10,436,120),(8083,'4',11,436,120),(8084,'4',12,436,120),(8085,'3',1,436,75),(8086,'4',2,436,75),(8087,'3',3,436,75),(8088,'3',4,436,75),(8089,'3',5,436,75),(8090,'4',6,436,75),(8091,'4',7,436,75),(8092,'4',8,436,75),(8093,'4',9,436,75),(8094,'4',10,436,75),(8095,'4',11,436,75),(8096,'4',12,436,75),(8097,'4',1,438,64),(8098,'4',2,438,64),(8099,'4',3,438,64),(8100,'4',4,438,64),(8101,'4',5,438,64),(8102,'4',6,438,64),(8103,'4',7,438,64),(8104,'4',8,438,64),(8105,'4',9,438,64),(8106,'4',10,438,64),(8107,'4',11,438,64),(8108,'4',12,438,64),(8109,'4',2,441,64),(8110,'4',1,441,64),(8111,'4',3,441,64),(8112,'4',4,441,64),(8113,'4',5,441,64),(8114,'4',6,441,64),(8115,'4',7,441,64),(8116,'4',8,441,64),(8117,'4',9,441,64),(8118,'4',10,441,64),(8119,'4',11,441,64),(8120,'4',12,441,64),(8121,'3',4,439,97),(8122,'1',3,439,97),(8123,'4',1,439,97),(8124,'3',2,439,97),(8125,'4',5,439,97),(8126,'3',6,439,97),(8127,'1',7,439,97),(8128,'1',8,439,97),(8129,'3',9,439,97),(8130,'3',10,439,97),(8131,'3',11,439,97),(8132,'2',12,439,97),(8133,'2',3,440,97),(8134,'1',1,440,97),(8135,'4',2,440,97),(8136,'4',4,440,97),(8137,'1',5,440,97),(8138,'3',6,440,97),(8139,'3',7,440,97),(8140,'4',8,440,97),(8141,'2',9,440,97),(8142,'3',10,440,97),(8143,'2',11,440,97),(8144,'1',12,440,97),(8145,'4',1,442,64),(8146,'4',2,442,64),(8147,'4',3,442,64),(8148,'4',4,442,64),(8149,'4',5,442,64),(8150,'4',6,442,64),(8151,'4',7,442,64),(8152,'4',8,442,64),(8153,'4',9,442,64),(8154,'4',10,442,64),(8155,'4',11,442,64),(8156,'4',12,442,64),(8157,'1',2,443,97),(8158,'1',4,443,97),(8159,'1',3,443,97),(8160,'1',1,443,97),(8161,'1',5,443,97),(8162,'1',6,443,97),(8163,'1',7,443,97),(8164,'1',8,443,97),(8165,'1',9,443,97),(8166,'1',10,443,97),(8167,'1',11,443,97),(8168,'1',12,443,97),(8169,'1',2,444,97),(8170,'3',1,444,97),(8171,'1',3,444,97),(8172,'4',4,444,97),(8173,'1',5,444,97),(8174,'4',6,444,97),(8175,'3',7,444,97),(8176,'4',8,444,97),(8177,'1',9,444,97),(8178,'1',10,444,97),(8179,'1',11,444,97),(8180,'2',12,444,97),(8181,'3',2,446,97),(8182,'4',1,446,97),(8183,'3',3,446,97),(8184,'4',4,446,97),(8185,'2',5,446,97),(8186,'4',6,446,97),(8187,'4',7,446,97),(8188,'4',8,446,97),(8189,'3',9,446,97),(8190,'3',10,446,97),(8191,'4',11,446,97),(8192,'2',12,446,97),(8193,'4',1,445,64),(8194,'4',2,445,64),(8195,'4',3,445,64),(8196,'4',4,445,64),(8197,'4',5,445,64),(8198,'4',6,445,64),(8199,'4',7,445,64),(8200,'4',8,445,64),(8201,'4',9,445,64),(8202,'4',10,445,64),(8203,'4',11,445,64),(8204,'4',12,445,64),(8205,'3',3,447,97),(8206,'3',4,447,97),(8207,'3',1,447,97),(8208,'3',2,447,97),(8209,'3',5,447,97),(8210,'3',6,447,97),(8211,'3',7,447,97),(8212,'2',8,447,97),(8213,'3',9,447,97),(8214,'3',10,447,97),(8215,'4',1,449,64),(8216,'4',2,449,64),(8217,'4',3,449,64),(8218,'4',4,449,64),(8219,'4',5,449,64),(8220,'4',6,449,64),(8221,'4',11,447,97),(8222,'3',12,447,97),(8223,'4',7,449,64),(8224,'4',8,449,64),(8225,'4',9,449,64),(8226,'4',10,449,64),(8227,'4',11,449,64),(8228,'4',12,449,64),(8229,'1',4,448,97),(8230,'1',1,448,97),(8231,'1',2,448,97),(8232,'1',3,448,97),(8233,'2',5,448,97),(8234,'4',6,448,97),(8235,'3',7,448,97),(8236,'2',8,448,97),(8237,'1',9,448,97),(8238,'4',10,448,97),(8239,'4',11,448,97),(8240,'4',12,448,97),(8241,'4',1,450,64),(8242,'4',2,450,64),(8243,'4',3,450,64),(8244,'4',4,450,64),(8245,'4',5,450,64),(8246,'4',6,450,64),(8247,'4',7,450,64),(8248,'4',8,450,64),(8249,'4',9,450,64),(8250,'4',10,450,64),(8251,'4',11,450,64),(8252,'4',12,450,64),(8253,'1',3,451,97),(8254,'4',1,451,97),(8255,'4',2,451,97),(8256,'4',4,451,97),(8257,'3',5,451,97),(8258,'4',6,451,97),(8259,'3',7,451,97),(8260,'2',8,451,97),(8261,'1',9,451,97),(8262,'3',10,451,97),(8263,'1',11,451,97),(8264,'2',12,451,97),(8265,'4',2,453,97),(8266,'1',1,453,97),(8267,'1',3,453,97),(8268,'1',4,453,97),(8269,'1',5,453,97),(8270,'1',6,453,97),(8271,'1',7,453,97),(8272,'1',8,453,97),(8273,'1',9,453,97),(8274,'4',10,453,97),(8275,'1',11,453,97),(8276,'2',12,453,97),(8277,'3',2,454,97),(8278,'4',3,454,97),(8279,'2',4,454,97),(8280,'4',1,454,97),(8281,'3',5,454,97),(8282,'4',6,454,97),(8283,'4',7,454,97),(8284,'3',8,454,97),(8285,'4',9,454,97),(8286,'4',10,454,97),(8287,'4',11,454,97),(8288,'3',12,454,97),(8289,'3',1,455,97),(8290,'4',2,455,97),(8291,'2',3,455,97),(8292,'4',4,455,97),(8293,'3',5,455,97),(8294,'4',6,455,97),(8295,'3',7,455,97),(8296,'4',8,455,97),(8297,'3',9,455,97),(8298,'4',10,455,97),(8299,'2',11,455,97),(8300,'4',12,455,97),(8301,'4',1,452,64),(8302,'4',2,452,64),(8303,'4',3,452,64),(8304,'4',4,452,64),(8305,'4',5,452,64),(8306,'4',6,452,64),(8307,'4',7,452,64),(8308,'4',8,452,64),(8309,'4',9,452,64),(8310,'4',10,452,64),(8311,'4',11,452,64),(8312,'4',12,452,64),(8313,'4',2,465,64),(8314,'4',1,465,64),(8315,'4',3,465,64),(8316,'4',4,465,64),(8317,'4',5,465,64),(8318,'4',6,465,64),(8319,'4',7,465,64),(8320,'4',8,465,64),(8321,'4',9,465,64),(8322,'4',10,465,64),(8323,'4',11,465,64),(8324,'4',12,465,64),(8325,'3',3,459,97),(8326,'4',1,459,97),(8327,'2',5,459,97),(8328,'4',4,459,97),(8329,'3',6,459,97),(8330,'1',7,459,97),(8331,'4',8,459,97),(8332,'3',9,459,97),(8333,'4',10,459,97),(8334,'3',11,459,97),(8335,'2',12,459,97),(8336,'3',2,459,97),(8337,'2',4,471,97),(8338,'1',1,471,97),(8339,'4',3,471,97),(8340,'1',2,471,97),(8341,'1',5,471,97),(8342,'3',6,471,97),(8343,'4',7,471,97),(8344,'2',8,471,97),(8345,'2',9,471,97),(8346,'4',10,471,97),(8347,'3',11,471,97),(8348,'3',12,471,97),(8349,'3',1,469,97),(8350,'3',2,469,97),(8351,'2',3,469,97),(8352,'3',4,469,97),(8353,'1',5,469,97),(8354,'4',6,469,97),(8355,'1',7,469,97),(8356,'3',8,469,97),(8357,'2',9,469,97),(8358,'1',10,469,97),(8359,'2',11,469,97),(8360,'3',12,469,97),(8361,'3',1,473,26),(8362,'3',2,473,26),(8363,'4',3,473,26),(8364,'3',4,473,26),(8365,'2',5,473,26),(8366,'4',6,473,26),(8367,'3',7,473,26),(8368,'4',8,473,26),(8369,'4',9,473,26),(8370,'3',10,473,26),(8371,'3',11,473,26),(8372,'4',12,473,26),(8373,'3',3,472,26),(8374,'3',1,472,26),(8375,'4',2,472,26),(8376,'4',4,472,26),(8377,'3',5,472,26),(8378,'4',6,472,26),(8379,'3',7,472,26),(8380,'4',8,472,26),(8381,'4',9,472,26),(8382,'4',10,472,26),(8383,'4',11,472,26),(8384,'4',12,472,26),(8385,'4',1,470,64),(8386,'4',2,470,64),(8387,'4',3,470,64),(8388,'4',4,470,64),(8389,'4',5,470,64),(8390,'4',6,470,64),(8391,'4',7,470,64),(8392,'4',8,470,64),(8393,'4',9,470,64),(8394,'4',10,470,64),(8395,'4',11,470,64),(8396,'4',12,470,64),(8397,'4',1,472,19),(8398,'4',2,472,19),(8399,'4',3,472,19),(8400,'4',4,472,19),(8401,'4',5,472,19),(8402,'4',6,472,19),(8403,'4',7,472,19),(8404,'4',8,472,19),(8405,'4',9,472,19),(8406,'4',10,472,19),(8407,'4',11,472,19),(8408,'4',12,472,19),(8409,'4',1,475,19),(8410,'4',2,475,19),(8411,'3',3,475,19),(8412,'4',4,475,19),(8413,'4',5,475,19),(8414,'4',6,475,19),(8415,'1',7,475,19),(8416,'4',8,475,19),(8417,'4',9,475,19),(8418,'4',10,475,19),(8419,'4',11,475,19),(8420,'4',12,475,19),(8421,'3',1,472,39),(8422,'3',2,472,39),(8423,'3',3,472,39),(8424,'3',4,472,39),(8425,'3',5,472,39),(8426,'3',6,472,39),(8427,'3',7,472,39),(8428,'3',8,472,39),(8429,'3',9,472,39),(8430,'3',10,472,39),(8431,'3',11,472,39),(8432,'3',12,472,39),(8433,'4',1,475,26),(8434,'3',2,475,26),(8435,'3',3,475,26),(8436,'4',4,475,26),(8437,'4',5,475,26),(8438,'4',6,475,26),(8439,'4',7,475,26),(8440,'4',8,475,26),(8441,'4',9,475,26),(8442,'2',10,475,26),(8443,'4',11,475,26),(8444,'4',12,475,26),(8445,'2',1,473,39),(8446,'2',2,473,39),(8447,'2',3,473,39),(8448,'3',4,473,39),(8449,'2',5,473,39),(8450,'1',6,473,39),(8451,'1',7,473,39),(8452,'2',8,473,39),(8453,'2',9,473,39),(8454,'2',10,473,39),(8455,'2',11,473,39),(8456,'2',12,473,39),(8457,'4',1,472,122),(8458,'4',2,472,122),(8459,'4',3,472,122),(8460,'4',4,472,122),(8461,'4',5,472,122),(8462,'4',6,472,122),(8463,'4',7,472,122),(8464,'4',8,472,122),(8465,'4',9,472,122),(8466,'4',10,472,122),(8467,'4',11,472,122),(8468,'4',12,472,122),(8469,'3',3,473,19),(8470,'3',1,473,19),(8471,'3',2,473,19),(8472,'3',4,473,19),(8473,'3',5,473,19),(8474,'3',6,473,19),(8475,'3',7,473,19),(8476,'3',8,473,19),(8477,'3',9,473,19),(8478,'3',10,473,19),(8479,'3',11,473,19),(8480,'3',12,473,19),(8481,'4',1,472,76),(8482,'4',2,472,76),(8483,'4',3,472,76),(8484,'4',4,472,76),(8485,'4',5,472,76),(8486,'4',6,472,76),(8487,'4',7,472,76),(8488,'4',8,472,76),(8489,'4',9,472,76),(8490,'4',10,472,76),(8491,'4',11,472,76),(8492,'4',12,472,76),(8493,'3',1,475,39),(8494,'1',2,475,39),(8495,'1',3,475,39),(8496,'1',4,475,39),(8497,'1',5,475,39),(8498,'1',6,475,39),(8499,'4',7,475,39),(8500,'4',8,475,39),(8501,'1',9,475,39),(8502,'1',10,475,39),(8503,'1',11,475,39),(8504,'1',12,475,39),(8505,'3',1,473,122),(8506,'3',2,473,122),(8507,'3',3,473,122),(8508,'3',4,473,122),(8509,'3',5,473,122),(8510,'3',6,473,122),(8511,'3',7,473,122),(8512,'3',8,473,122),(8513,'3',9,473,122),(8514,'3',10,473,122),(8515,'3',11,473,122),(8516,'3',12,473,122),(8517,'4',1,474,76),(8518,'4',2,474,76),(8519,'3',3,474,76),(8520,'4',4,474,76),(8521,'3',5,474,76),(8522,'4',6,474,76),(8523,'3',7,474,76),(8524,'4',8,474,76),(8525,'4',9,474,76),(8526,'3',10,474,76),(8527,'4',11,474,76),(8528,'4',12,474,76),(8529,'3',1,476,31),(8530,'3',2,476,31),(8531,'3',3,476,31),(8532,'4',4,476,31),(8533,'2',5,476,31),(8534,'3',6,476,31),(8535,'4',7,476,31),(8536,'3',8,476,31),(8537,'2',9,476,31),(8538,'3',10,476,31),(8539,'3',11,476,31),(8540,'3',12,476,31),(8541,'4',1,475,76),(8542,'4',2,475,76),(8543,'4',3,475,76),(8544,'4',4,475,76),(8545,'4',5,475,76),(8546,'4',6,475,76),(8547,'4',7,475,76),(8548,'4',8,475,76),(8549,'4',9,475,76),(8550,'4',10,475,76),(8551,'4',11,475,76),(8552,'4',12,475,76),(8553,'4',2,474,19),(8554,'4',1,474,19),(8555,'4',3,474,19),(8556,'3',4,474,19),(8557,'3',5,474,19),(8558,'4',6,474,19),(8559,'2',7,474,19),(8560,'4',8,474,19),(8561,'4',9,474,19),(8562,'4',10,474,19),(8563,'4',11,474,19),(8564,'4',12,474,19),(8565,'4',1,472,104),(8566,'4',2,472,104),(8567,'4',3,472,104),(8568,'4',4,472,104),(8569,'4',5,472,104),(8570,'4',6,472,104),(8571,'4',7,472,104),(8572,'4',8,472,104),(8573,'4',9,472,104),(8574,'4',10,472,104),(8575,'2',11,472,104),(8576,'2',12,472,104),(8577,'4',1,473,76),(8578,'4',2,473,76),(8579,'4',3,473,76),(8580,'4',4,473,76),(8581,'4',5,473,76),(8582,'4',6,473,76),(8583,'4',7,473,76),(8584,'4',8,473,76),(8585,'4',9,473,76),(8586,'4',10,473,76),(8587,'4',11,473,76),(8588,'4',12,473,76),(8589,'4',1,475,104),(8590,'4',2,475,104),(8591,'4',3,475,104),(8592,'4',4,475,104),(8593,'4',5,475,104),(8594,'2',6,475,104),(8595,'1',7,475,104),(8596,'4',8,475,104),(8597,'4',9,475,104),(8598,'4',10,475,104),(8599,'2',11,475,104),(8600,'3',12,475,104),(8601,'2',1,476,5),(8602,'3',2,476,5),(8603,'2',3,476,5),(8604,'2',4,476,5),(8605,'2',5,476,5),(8606,'3',6,476,5),(8607,'4',7,476,5),(8608,'3',8,476,5),(8609,'1',9,476,5),(8610,'3',10,476,5),(8611,'2',11,476,5),(8612,'2',12,476,5),(8613,'3',1,472,132),(8614,'3',2,472,132),(8615,'3',3,472,132),(8616,'3',4,472,132),(8617,'3',5,472,132),(8618,'3',6,472,132),(8619,'3',7,472,132),(8620,'3',8,472,132),(8621,'3',9,472,132),(8622,'3',10,472,132),(8623,'3',11,472,132),(8624,'3',12,472,132),(8625,'4',1,476,17),(8626,'4',2,476,17),(8627,'4',3,476,17),(8628,'4',4,476,17),(8629,'4',5,476,17),(8630,'3',6,476,17),(8631,'2',7,476,17),(8632,'4',8,476,17),(8633,'4',9,476,17),(8634,'4',10,476,17),(8635,'4',11,476,17),(8636,'4',12,476,17),(8637,'3',1,474,21),(8638,'3',2,474,21),(8639,'3',3,474,21),(8640,'4',4,474,21),(8641,'2',5,474,21),(8642,'3',6,474,21),(8643,'2',7,474,21),(8644,'4',8,474,21),(8645,'4',9,474,21),(8646,'3',10,474,21),(8647,'4',11,474,21),(8648,'4',12,474,21),(8649,'4',1,476,24),(8650,'4',2,476,24),(8651,'4',3,476,24),(8652,'4',4,476,24),(8653,'3',5,476,24),(8654,'4',6,476,24),(8655,'3',7,476,24),(8656,'4',8,476,24),(8657,'4',9,476,24),(8658,'4',10,476,24),(8659,'4',11,476,24),(8660,'4',12,476,24),(8661,'3',1,473,104),(8662,'3',2,473,104),(8663,'3',4,473,104),(8664,'3',3,473,104),(8665,'3',5,473,104),(8666,'3',6,473,104),(8667,'3',7,473,104),(8668,'3',8,473,104),(8669,'3',9,473,104),(8670,'3',10,473,104),(8671,'3',11,473,104),(8672,'3',12,473,104),(8673,'4',2,475,122),(8674,'4',3,475,122),(8675,'4',4,475,122),(8676,'4',1,475,122),(8677,'4',5,475,122),(8678,'4',6,475,122),(8679,'4',7,475,122),(8680,'4',8,475,122),(8681,'3',9,475,122),(8682,'4',10,475,122),(8683,'4',11,475,122),(8684,'4',12,475,122),(8685,'4',1,476,84),(8686,'4',2,476,84),(8687,'4',3,476,84),(8688,'4',4,476,84),(8689,'4',5,476,84),(8690,'4',6,476,84),(8691,'4',7,476,84),(8692,'4',8,476,84),(8693,'4',9,476,84),(8694,'4',10,476,84),(8695,'4',11,476,84),(8696,'4',12,476,84),(8697,'2',2,474,39),(8698,'2',1,474,39),(8699,'2',3,474,39),(8700,'2',4,474,39),(8701,'1',5,474,39),(8702,'1',6,474,39),(8703,'3',7,474,39),(8704,'4',8,474,39),(8705,'1',9,474,39),(8706,'2',10,474,39),(8707,'2',11,474,39),(8708,'1',12,474,39),(8709,'3',1,473,132),(8710,'3',2,473,132),(8711,'3',3,473,132),(8712,'3',4,473,132),(8713,'3',5,473,132),(8714,'3',6,473,132),(8715,'3',7,473,132),(8716,'3',8,473,132),(8717,'3',9,473,132),(8718,'3',10,473,132),(8719,'3',11,473,132),(8720,'3',12,473,132),(8721,'4',1,476,126),(8722,'4',2,476,126),(8723,'4',3,476,126),(8724,'4',4,476,126),(8725,'4',5,476,126),(8726,'4',6,476,126),(8727,'4',7,476,126),(8728,'4',8,476,126),(8729,'4',9,476,126),(8730,'4',10,476,126),(8731,'4',11,476,126),(8732,'4',12,476,126),(8733,'4',1,476,113),(8734,'4',2,476,113),(8735,'4',3,476,113),(8736,'4',4,476,113),(8737,'3',5,476,113),(8738,'3',6,476,113),(8739,'4',7,476,113),(8740,'4',8,476,113),(8741,'4',9,476,113),(8742,'4',10,476,113),(8743,'4',11,476,113),(8744,'3',12,476,113),(8745,'4',2,474,122),(8746,'4',1,474,122),(8747,'3',3,474,122),(8748,'4',4,474,122),(8749,'3',5,474,122),(8750,'4',6,474,122),(8751,'2',7,474,122),(8752,'4',8,474,122),(8753,'4',9,474,122),(8754,'3',10,474,122),(8755,'4',11,474,122),(8756,'4',12,474,122),(8757,'4',2,475,132),(8758,'4',1,475,132),(8759,'4',3,475,132),(8760,'4',4,475,132),(8761,'4',5,475,132),(8762,'4',6,475,132),(8763,'4',7,475,132),(8764,'4',8,475,132),(8765,'4',9,475,132),(8766,'4',10,475,132),(8767,'4',11,475,132),(8768,'4',12,475,132),(8769,'2',1,474,104),(8770,'3',2,474,104),(8771,'4',3,474,104),(8772,'3',4,474,104),(8773,'3',5,474,104),(8774,'3',6,474,104),(8775,'1',7,474,104),(8776,'1',8,474,104),(8777,'4',9,474,104),(8778,'3',10,474,104),(8779,'3',11,474,104),(8780,'3',12,474,104),(8781,'3',1,474,132),(8782,'3',2,474,132),(8783,'2',3,474,132),(8784,'3',4,474,132),(8785,'4',5,474,132),(8786,'3',6,474,132),(8787,'4',7,474,132),(8788,'3',8,474,132),(8789,'3',9,474,132),(8790,'2',10,474,132),(8791,'3',11,474,132),(8792,'4',12,474,132),(8793,'4',2,463,63),(8794,'3',3,463,63),(8795,'4',4,463,63),(8796,'4',1,463,63),(8797,'4',5,463,63),(8798,'4',6,463,63),(8799,'3',7,463,63),(8800,'4',8,463,63),(8801,'4',9,463,63),(8802,'4',10,463,63),(8803,'4',11,463,63),(8804,'4',12,463,63),(8805,'4',1,464,63),(8806,'4',2,464,63),(8807,'3',3,464,63),(8808,'4',4,464,63),(8809,'3',7,464,63),(8810,'4',5,464,63),(8811,'4',6,464,63),(8812,'4',8,464,63),(8813,'4',9,464,63),(8814,'4',10,464,63),(8815,'4',11,464,63),(8816,'4',12,464,63),(8817,'3',1,466,63),(8818,'3',2,466,63),(8819,'3',3,466,63),(8820,'4',4,466,63),(8821,'2',5,466,63),(8822,'4',6,466,63),(8823,'3',7,466,63),(8824,'3',8,466,63),(8825,'4',9,466,63),(8826,'4',10,466,63),(8827,'2',11,466,63),(8828,'3',12,466,63),(8829,'4',1,457,63),(8830,'4',3,457,63),(8831,'3',4,457,63),(8832,'3',2,457,63),(8833,'4',5,457,63),(8834,'4',6,457,63),(8835,'3',7,457,63),(8836,'3',8,457,63),(8837,'4',9,457,63),(8838,'4',10,457,63),(8839,'4',11,457,63),(8840,'4',12,457,63),(8841,'4',1,467,63),(8842,'4',2,467,63),(8843,'4',3,467,63),(8844,'4',4,467,63),(8845,'4',5,467,63),(8846,'4',6,467,63),(8847,'4',7,467,63),(8848,'4',8,467,63),(8849,'4',9,467,63),(8850,'4',10,467,63),(8851,'4',11,467,63),(8852,'4',12,467,63),(8853,'3',2,479,63),(8854,'3',1,479,63),(8855,'3',3,479,63),(8856,'3',4,479,63),(8857,'3',5,479,63),(8858,'3',6,479,63),(8859,'3',7,479,63),(8860,'3',8,479,63),(8861,'3',9,479,63),(8862,'3',10,479,63),(8863,'3',11,479,63),(8864,'3',12,479,63),(8865,'3',1,477,63),(8866,'4',2,477,63),(8867,'3',3,477,63),(8868,'4',4,477,63),(8869,'3',5,477,63),(8870,'4',6,477,63),(8871,'3',7,477,63),(8872,'4',8,477,63),(8873,'4',9,477,63),(8874,'4',10,477,63),(8875,'4',11,477,63),(8876,'3',12,477,63),(8877,'4',3,468,63),(8878,'3',4,468,63),(8879,'4',1,468,63),(8880,'3',2,468,63),(8881,'4',5,468,63),(8882,'3',6,468,63),(8883,'2',7,468,63),(8884,'3',8,468,63),(8885,'3',9,468,63),(8886,'3',10,468,63),(8887,'3',11,468,63),(8888,'4',12,468,63),(8889,'3',1,461,63),(8890,'3',2,461,63),(8891,'3',3,461,63),(8892,'4',4,461,63),(8893,'3',5,461,63),(8894,'4',6,461,63),(8895,'3',7,461,63),(8896,'3',8,461,63),(8897,'4',9,461,63),(8898,'3',10,461,63),(8899,'4',11,461,63),(8900,'4',12,461,63),(8901,'3',1,458,63),(8902,'4',4,458,63),(8903,'4',2,458,63),(8904,'4',3,458,63),(8905,'4',5,458,63),(8906,'4',6,458,63),(8907,'3',7,458,63),(8908,'3',8,458,63),(8909,'4',9,458,63),(8910,'4',10,458,63),(8911,'4',11,458,63),(8912,'4',12,458,63),(8913,'3',1,462,63),(8914,'4',4,462,63),(8915,'4',2,462,63),(8916,'4',3,462,63),(8917,'3',5,462,63),(8918,'4',6,462,63),(8919,'3',7,462,63),(8920,'3',8,462,63),(8921,'4',9,462,63),(8922,'4',10,462,63),(8923,'4',11,462,63),(8924,'4',12,462,63),(8925,'4',1,460,63),(8926,'4',2,460,63),(8927,'4',4,460,63),(8928,'4',3,460,63),(8929,'4',5,460,63),(8930,'4',6,460,63),(8931,'3',7,460,63),(8932,'3',8,460,63),(8933,'4',9,460,63),(8934,'4',10,460,63),(8935,'4',11,460,63),(8936,'4',12,460,63),(8937,'4',4,481,63),(8938,'3',1,481,63),(8939,'4',2,481,63),(8940,'3',3,481,63),(8941,'3',5,481,63),(8942,'3',6,481,63),(8943,'4',7,481,63),(8944,'4',8,481,63),(8945,'4',9,481,63),(8946,'4',10,481,63),(8947,'4',11,481,63),(8948,'4',12,481,63),(8949,'1',4,483,63),(8950,'4',1,483,63),(8951,'3',2,483,63),(8952,'3',3,483,63),(8953,'4',5,483,63),(8954,'3',6,483,63),(8955,'3',7,483,63),(8956,'1',8,483,63),(8957,'4',9,483,63),(8958,'4',10,483,63),(8959,'4',11,483,63),(8960,'1',12,483,63),(8961,'3',1,482,63),(8962,'4',2,482,63),(8963,'4',3,482,63),(8964,'4',4,482,63),(8965,'4',5,482,63),(8966,'4',6,482,63),(8967,'2',7,482,63),(8968,'3',8,482,63),(8969,'4',9,482,63),(8970,'4',10,482,63),(8971,'4',11,482,63),(8972,'3',12,482,63),(8973,'4',1,456,63),(8974,'3',2,456,63),(8975,'3',4,456,63),(8976,'3',3,456,63),(8977,'3',5,456,63),(8978,'3',6,456,63),(8979,'3',7,456,63),(8980,'4',8,456,63),(8981,'4',9,456,63),(8982,'3',10,456,63),(8983,'4',11,456,63),(8984,'4',12,456,63),(8985,'3',3,484,63),(8986,'4',1,484,63),(8987,'3',2,484,63),(8988,'3',4,484,63),(8989,'4',5,484,63),(8990,'3',6,484,63),(8991,'3',7,484,63),(8992,'3',8,484,63),(8993,'3',9,484,63),(8994,'3',10,484,63),(8995,'3',11,484,63),(8996,'2',12,484,63),(8997,'3',3,478,63),(8998,'4',1,478,63),(8999,'4',2,478,63),(9000,'4',4,478,63),(9001,'4',5,478,63),(9002,'4',6,478,63),(9003,'4',7,478,63),(9004,'4',9,478,63),(9005,'3',8,478,63),(9006,'4',10,478,63),(9007,'4',11,478,63),(9008,'3',12,478,63),(9009,'4',1,485,76),(9010,'4',2,485,76),(9011,'4',3,485,76),(9012,'4',4,485,76),(9013,'4',5,485,76),(9014,'4',6,485,76),(9015,'3',7,485,76),(9016,'4',8,485,76),(9017,'4',9,485,76),(9018,'4',10,485,76),(9019,'4',11,485,76),(9020,'4',12,485,76),(9021,'4',1,485,26),(9022,'4',2,485,26),(9023,'4',3,485,26),(9024,'4',4,485,26),(9025,'4',5,485,26),(9026,'4',6,485,26),(9027,'4',7,485,26),(9028,'4',8,485,26),(9029,'4',9,485,26),(9030,'4',10,485,26),(9031,'4',11,485,26),(9032,'4',12,485,26),(9033,'4',3,485,19),(9034,'4',2,485,19),(9035,'4',1,485,19),(9036,'4',4,485,19),(9037,'4',5,485,19),(9038,'4',6,485,19),(9039,'3',7,485,19),(9040,'4',8,485,19),(9041,'4',9,485,19),(9042,'4',10,485,19),(9043,'4',11,485,19),(9044,'4',12,485,19),(9045,'2',2,485,39),(9046,'3',1,485,39),(9047,'2',3,485,39),(9048,'2',4,485,39),(9049,'2',5,485,39),(9050,'2',6,485,39),(9051,'2',7,485,39),(9052,'2',8,485,39),(9053,'2',9,485,39),(9054,'2',10,485,39),(9055,'2',11,485,39),(9056,'1',12,485,39),(9057,'4',1,485,122),(9058,'4',3,485,122),(9059,'4',2,485,122),(9060,'4',4,485,122),(9061,'4',5,485,122),(9062,'4',6,485,122),(9063,'4',7,485,122),(9064,'4',8,485,122),(9065,'4',9,485,122),(9066,'4',10,485,122),(9067,'4',11,485,122),(9068,'4',12,485,122),(9069,'4',2,485,104),(9070,'4',1,485,104),(9071,'4',3,485,104),(9072,'4',4,485,104),(9073,'4',5,485,104),(9074,'4',6,485,104),(9075,'3',7,485,104),(9076,'4',8,485,104),(9077,'4',9,485,104),(9078,'4',10,485,104),(9079,'4',11,485,104),(9080,'4',12,485,104),(9081,'3',1,485,132),(9082,'2',4,485,132),(9083,'3',2,485,132),(9084,'3',3,485,132),(9085,'2',5,485,132),(9086,'3',6,485,132),(9087,'3',7,485,132),(9088,'3',8,485,132),(9089,'3',9,485,132),(9090,'3',10,485,132),(9091,'2',11,485,132),(9092,'3',12,485,132),(9093,'4',2,486,76),(9094,'4',1,486,76),(9095,'4',3,486,76),(9096,'4',4,486,76),(9097,'3',5,486,76),(9098,'4',6,486,76),(9099,'4',7,486,76),(9100,'4',8,486,76),(9101,'4',9,486,76),(9102,'4',10,486,76),(9103,'4',11,486,76),(9104,'4',12,486,76),(9105,'3',2,486,26),(9106,'4',1,486,26),(9107,'3',3,486,26),(9108,'4',4,486,26),(9109,'3',5,486,26),(9110,'3',6,486,26),(9111,'4',7,486,26),(9112,'4',8,486,26),(9113,'4',9,486,26),(9114,'4',10,486,26),(9115,'3',11,486,26),(9116,'3',12,486,26),(9117,'4',2,486,19),(9118,'4',1,486,19),(9119,'4',3,486,19),(9120,'3',4,486,19),(9121,'4',5,486,19),(9122,'4',6,486,19),(9123,'2',7,486,19),(9124,'4',8,486,19),(9125,'3',9,486,19),(9126,'4',10,486,19),(9127,'4',11,486,19),(9128,'3',12,486,19),(9129,'4',1,486,39),(9130,'2',2,486,39),(9131,'3',3,486,39),(9132,'4',4,486,39),(9133,'3',5,486,39),(9134,'2',6,486,39),(9135,'4',7,486,39),(9136,'4',8,486,39),(9137,'3',9,486,39),(9138,'3',10,486,39),(9139,'3',11,486,39),(9140,'3',12,486,39),(9141,'4',1,486,122),(9142,'4',2,486,122),(9143,'4',3,486,122),(9144,'4',4,486,122),(9145,'4',5,486,122),(9146,'4',6,486,122),(9147,'4',7,486,122),(9148,'4',8,486,122),(9149,'4',9,486,122),(9150,'4',10,486,122),(9151,'4',11,486,122),(9152,'4',12,486,122),(9153,'4',1,486,104),(9154,'4',2,486,104),(9155,'4',3,486,104),(9156,'4',4,486,104),(9157,'4',5,486,104),(9158,'4',6,486,104),(9159,'4',7,486,104),(9160,'4',8,486,104),(9161,'4',9,486,104),(9162,'4',10,486,104),(9163,'4',11,486,104),(9164,'4',12,486,104),(9165,'4',1,486,132),(9166,'4',2,486,132),(9167,'4',3,486,132),(9168,'4',4,486,132),(9169,'4',5,486,132),(9170,'4',6,486,132),(9171,'4',7,486,132),(9172,'4',8,486,132),(9173,'4',9,486,132),(9174,'4',10,486,132),(9175,'4',11,486,132),(9176,'4',12,486,132),(9177,'4',1,487,65),(9178,'4',2,487,65),(9179,'4',4,487,65),(9180,'4',5,487,65),(9181,'4',3,487,65),(9182,'4',9,487,65),(9183,'4',7,487,65),(9184,'4',8,487,65),(9185,'4',6,487,65),(9186,'4',10,487,65),(9187,'4',11,487,65),(9188,'4',12,487,65),(9189,'3',2,489,18),(9190,'4',1,489,18),(9191,'2',3,489,18),(9192,'3',4,489,18),(9193,'3',5,489,18),(9194,'4',6,489,18),(9195,'2',7,489,18),(9196,'3',8,489,18),(9197,'3',9,489,18),(9198,'3',10,489,18),(9199,'3',11,489,18),(9200,'3',12,489,18),(9201,'3',2,488,14),(9202,'4',1,488,14),(9203,'3',3,488,14),(9204,'4',4,488,14),(9205,'2',5,488,14),(9206,'4',8,488,14),(9207,'4',6,488,14),(9208,'2',7,488,14),(9209,'4',9,488,14),(9210,'3',10,488,14),(9211,'4',11,488,14),(9212,'3',12,488,14),(9213,'4',3,490,18),(9214,'4',2,490,18),(9215,'4',4,490,18),(9216,'4',1,490,18),(9217,'4',5,490,18),(9218,'3',6,490,18),(9219,'2',7,490,18),(9220,'3',8,490,18),(9221,'3',9,490,18),(9222,'3',10,490,18),(9223,'4',11,490,18),(9224,'4',12,490,18),(9225,'4',2,489,25),(9226,'3',1,489,25),(9227,'2',3,489,25),(9228,'3',4,489,25),(9229,'3',6,489,25),(9230,'3',5,489,25),(9231,'3',7,489,25),(9232,'3',8,489,25),(9233,'4',9,489,25),(9234,'3',10,489,25),(9235,'4',11,489,25),(9236,'3',12,489,25),(9237,'3',2,490,25),(9238,'2',3,490,25),(9239,'4',4,490,25),(9240,'3',1,490,25),(9241,'3',5,490,25),(9242,'3',6,490,25),(9243,'2',7,490,25),(9244,'3',8,490,25),(9245,'3',9,490,25),(9246,'3',10,490,25),(9247,'3',11,490,25),(9248,'4',12,490,25),(9249,'3',1,489,121),(9250,'4',2,489,121),(9251,'3',3,489,121),(9252,'3',4,489,121),(9253,'3',5,489,121),(9254,'3',6,489,121),(9255,'3',7,489,121),(9256,'3',8,489,121),(9257,'4',1,490,121),(9258,'4',2,490,121),(9259,'4',3,490,121),(9260,'3',4,490,121),(9261,'4',9,489,121),(9262,'3',10,489,121),(9263,'3',11,489,121),(9264,'4',12,489,121),(9265,'4',5,490,121),(9266,'4',6,490,121),(9267,'3',7,490,121),(9268,'4',8,490,121),(9269,'3',9,490,121),(9270,'3',10,490,121),(9271,'3',11,490,121),(9272,'4',12,490,121),(9273,'3',2,488,25),(9274,'3',1,488,25),(9275,'4',3,488,25),(9276,'3',4,488,25),(9277,'3',5,488,25),(9278,'3',6,488,25),(9279,'2',7,488,25),(9280,'3',8,488,25),(9281,'4',9,488,25),(9282,'3',10,488,25),(9283,'3',11,488,25),(9284,'3',12,488,25),(9285,'3',1,490,38),(9286,'3',2,490,38),(9287,'2',3,490,38),(9288,'3',4,490,38),(9289,'3',5,490,38),(9290,'4',6,490,38),(9291,'3',7,490,38),(9292,'3',8,490,38),(9293,'3',9,490,38),(9294,'3',10,490,38),(9295,'3',11,490,38),(9296,'4',12,490,38),(9297,'3',2,489,38),(9298,'3',3,489,38),(9299,'4',4,489,38),(9300,'3',1,489,38),(9301,'2',5,489,38),(9302,'3',6,489,38),(9303,'3',7,489,38),(9304,'3',8,489,38),(9305,'3',9,489,38),(9306,'3',10,489,38),(9307,'2',11,489,38),(9308,'2',12,489,38),(9309,'3',2,490,103),(9310,'3',1,490,103),(9311,'2',3,490,103),(9312,'3',4,490,103),(9313,'3',5,490,103),(9314,'3',6,490,103),(9315,'2',7,490,103),(9316,'3',8,490,103),(9317,'3',9,490,103),(9318,'3',10,490,103),(9319,'3',11,490,103),(9320,'4',12,490,103),(9321,'3',1,489,103),(9322,'3',2,489,103),(9323,'3',4,489,103),(9324,'2',3,489,103),(9325,'4',5,489,103),(9326,'3',6,489,103),(9327,'2',7,489,103),(9328,'3',8,489,103),(9329,'4',9,489,103),(9330,'3',10,489,103),(9331,'2',11,489,103),(9332,'3',12,489,103),(9333,'3',1,489,131),(9334,'3',4,489,131),(9335,'3',2,489,131),(9336,'3',3,489,131),(9337,'4',5,489,131),(9338,'3',6,489,131),(9339,'2',7,489,131),(9340,'3',8,489,131),(9341,'4',9,489,131),(9342,'3',10,489,131),(9343,'3',11,489,131),(9344,'3',12,489,131),(9345,'3',2,490,131),(9346,'3',3,490,131),(9347,'3',1,490,131),(9348,'3',4,490,131),(9349,'4',5,490,131),(9350,'4',6,490,131),(9351,'2',7,490,131),(9352,'3',8,490,131),(9353,'3',9,490,131),(9354,'3',10,490,131),(9355,'3',11,490,131),(9356,'4',12,490,131),(9357,'4',2,488,121),(9358,'4',3,488,121),(9359,'4',4,488,121),(9360,'4',1,488,121),(9361,'3',5,488,121),(9362,'4',6,488,121),(9363,'3',7,488,121),(9364,'4',8,488,121),(9365,'4',9,488,121),(9366,'4',10,488,121),(9367,'4',11,488,121),(9368,'4',12,488,121),(9369,'3',1,490,12),(9370,'2',3,490,12),(9371,'3',2,490,12),(9372,'3',4,490,12),(9373,'3',5,490,12),(9374,'3',6,490,12),(9375,'2',7,490,12),(9376,'3',8,490,12),(9377,'3',9,490,12),(9378,'3',10,490,12),(9379,'3',11,490,12),(9380,'4',12,490,12),(9381,'2',1,489,12),(9382,'3',2,489,12),(9383,'2',3,489,12),(9384,'3',4,489,12),(9385,'3',5,489,12),(9386,'3',6,489,12),(9387,'2',7,489,12),(9388,'3',8,489,12),(9389,'3',9,489,12),(9390,'3',10,489,12),(9391,'3',11,489,12),(9392,'2',12,489,12),(9393,'2',3,488,38),(9394,'3',4,488,38),(9395,'3',1,488,38),(9396,'3',2,488,38),(9397,'2',5,488,38),(9398,'3',6,488,38),(9399,'2',7,488,38),(9400,'3',8,488,38),(9401,'3',9,488,38),(9402,'2',10,488,38),(9403,'3',11,488,38),(9404,'3',12,488,38),(9405,'4',1,491,18),(9406,'4',2,491,18),(9407,'2',3,491,18),(9408,'4',4,491,18),(9409,'4',5,491,18),(9410,'3',6,491,18),(9411,'2',7,491,18),(9412,'4',8,491,18),(9413,'4',9,491,18),(9414,'3',10,491,18),(9415,'4',11,491,18),(9416,'4',12,491,18),(9417,'3',2,492,18),(9418,'3',1,492,18),(9419,'2',3,492,18),(9420,'3',4,492,18),(9421,'3',5,492,18),(9422,'3',6,492,18),(9423,'2',7,492,18),(9424,'3',8,492,18),(9425,'3',9,492,18),(9426,'3',10,492,18),(9427,'3',11,492,18),(9428,'3',12,492,18),(9429,'4',4,488,103),(9430,'4',3,488,103),(9431,'4',1,488,103),(9432,'4',2,488,103),(9433,'4',5,488,103),(9434,'3',6,488,103),(9435,'2',7,488,103),(9436,'3',8,488,103),(9437,'4',9,488,103),(9438,'4',10,488,103),(9439,'4',11,488,103),(9440,'4',12,488,103),(9441,'3',1,491,25),(9442,'3',2,491,25),(9443,'4',3,491,25),(9444,'4',4,491,25),(9445,'2',5,491,25),(9446,'3',6,491,25),(9447,'3',7,491,25),(9448,'4',8,491,25),(9449,'4',9,491,25),(9450,'3',10,491,25),(9451,'2',11,491,25),(9452,'3',12,491,25),(9453,'3',2,493,25),(9454,'3',1,493,25),(9455,'3',3,493,25),(9456,'3',4,493,25),(9457,'3',5,493,25),(9458,'3',6,493,25),(9459,'3',7,493,25),(9460,'3',8,493,25),(9461,'3',9,493,25),(9462,'3',10,493,25),(9463,'3',11,493,25),(9464,'3',12,493,25),(9465,'4',1,488,131),(9466,'4',2,488,131),(9467,'4',3,488,131),(9468,'4',4,488,131),(9469,'4',5,488,131),(9470,'4',6,488,131),(9471,'3',7,488,131),(9472,'4',8,488,131),(9473,'4',9,488,131),(9474,'4',10,488,131),(9475,'4',11,488,131),(9476,'4',12,488,131),(9477,'2',1,491,121),(9478,'3',2,491,121),(9479,'4',3,491,121),(9480,'2',4,491,121),(9481,'3',5,491,121),(9482,'4',6,491,121),(9483,'4',7,491,121),(9484,'4',8,491,121),(9485,'3',9,491,121),(9486,'2',10,491,121),(9487,'4',11,491,121),(9488,'4',12,491,121),(9489,'3',2,494,121),(9490,'3',1,494,121),(9491,'3',3,494,121),(9492,'3',4,494,121),(9493,'3',5,494,121),(9494,'3',6,494,121),(9495,'3',7,494,121),(9496,'3',8,494,121),(9497,'3',9,494,121),(9498,'3',10,494,121),(9499,'3',11,494,121),(9500,'3',12,494,121),(9501,'3',1,495,38),(9502,'2',2,495,38),(9503,'2',3,495,38),(9504,'3',4,495,38),(9505,'3',5,495,38),(9506,'3',6,495,38),(9507,'3',7,495,38),(9508,'3',8,495,38),(9509,'3',9,495,38),(9510,'3',10,495,38),(9511,'3',11,495,38),(9512,'3',12,495,38),(9513,'3',1,488,12),(9514,'3',2,488,12),(9515,'2',3,488,12),(9516,'2',4,488,12),(9517,'3',8,488,12),(9518,'2',5,488,12),(9519,'2',6,488,12),(9520,'1',7,488,12),(9521,'4',9,488,12),(9522,'3',10,488,12),(9523,'3',11,488,12),(9524,'2',12,488,12),(9525,'3',1,497,103),(9526,'2',2,497,103),(9527,'2',3,497,103),(9528,'3',4,497,103),(9529,'3',5,497,103),(9530,'2',6,497,103),(9531,'2',7,497,103),(9532,'3',8,497,103),(9533,'3',9,497,103),(9534,'3',10,497,103),(9535,'3',11,497,103),(9536,'3',12,497,103),(9537,'4',1,491,38),(9538,'4',2,491,38),(9539,'4',3,491,38),(9540,'3',4,491,38),(9541,'2',5,491,38),(9542,'2',6,491,38),(9543,'4',7,491,38),(9544,'4',8,491,38),(9545,'4',9,491,38),(9546,'4',10,491,38),(9547,'4',11,491,38),(9548,'4',12,491,38),(9549,'3',1,498,131),(9550,'3',2,498,131),(9551,'3',3,498,131),(9552,'3',4,498,131),(9553,'3',5,498,131),(9554,'3',6,498,131),(9555,'2',7,498,131),(9556,'3',8,498,131),(9557,'3',9,498,131),(9558,'3',10,498,131),(9559,'3',11,498,131),(9560,'3',12,498,131),(9561,'2',1,496,12),(9562,'2',2,496,12),(9563,'2',3,496,12),(9564,'3',4,496,12),(9565,'3',5,496,12),(9566,'1',6,496,12),(9567,'2',7,496,12),(9568,'3',8,496,12),(9569,'4',9,496,12),(9570,'1',10,496,12),(9571,'1',11,496,12),(9572,'2',12,496,12),(9573,'3',1,499,12),(9574,'3',2,499,12),(9575,'2',3,499,12),(9576,'3',4,499,12),(9577,'3',5,499,12),(9578,'2',6,499,12),(9579,'2',7,499,12),(9580,'3',8,499,12),(9581,'3',9,499,12),(9582,'3',10,499,12),(9583,'3',11,499,12),(9584,'3',12,499,12),(9585,'3',2,491,103),(9586,'3',1,491,103),(9587,'2',3,491,103),(9588,'4',4,491,103),(9589,'3',5,491,103),(9590,'3',6,491,103),(9591,'2',7,491,103),(9592,'3',8,491,103),(9593,'4',9,491,103),(9594,'4',10,491,103),(9595,'4',11,491,103),(9596,'3',12,491,103),(9597,'4',2,496,18),(9598,'4',1,496,18),(9599,'4',3,496,18),(9600,'4',4,496,18),(9601,'4',5,496,18),(9602,'4',6,496,18),(9603,'3',7,496,18),(9604,'4',8,496,18),(9605,'4',9,496,18),(9606,'3',10,496,18),(9607,'4',11,496,18),(9608,'3',12,496,18),(9609,'4',1,501,24),(9610,'3',2,501,24),(9611,'3',3,501,24),(9612,'4',4,501,24),(9613,'2',5,501,24),(9614,'4',6,501,24),(9615,'3',7,501,24),(9616,'4',8,501,24),(9617,'4',9,501,24),(9618,'4',10,501,24),(9619,'4',11,501,24),(9620,'4',12,501,24),(9621,'3',1,500,15),(9622,'2',2,500,15),(9623,'1',3,500,15),(9624,'1',4,500,15),(9625,'4',5,500,15),(9626,'2',6,500,15),(9627,'1',7,500,15),(9628,'3',8,500,15),(9629,'3',9,500,15),(9630,'3',10,500,15),(9631,'3',11,500,15),(9632,'3',12,500,15),(9633,'3',1,496,25),(9634,'4',2,496,25),(9635,'4',3,496,25),(9636,'3',4,496,25),(9637,'3',5,496,25),(9638,'3',6,496,25),(9639,'3',7,496,25),(9640,'3',8,496,25),(9641,'4',9,496,25),(9642,'3',10,496,25),(9643,'3',11,496,25),(9644,'3',12,496,25),(9645,'3',1,500,126),(9646,'3',2,500,126),(9647,'4',3,500,126),(9648,'3',4,500,126),(9649,'3',5,500,126),(9650,'4',6,500,126),(9651,'3',7,500,126),(9652,'3',8,500,126),(9653,'4',9,500,126),(9654,'2',10,500,126),(9655,'3',11,500,126),(9656,'3',12,500,126),(9657,'4',1,501,126),(9658,'3',2,501,126),(9659,'4',3,501,126),(9660,'3',4,501,126),(9661,'3',5,501,126),(9662,'4',6,501,126),(9663,'3',7,501,126),(9664,'4',8,501,126),(9665,'3',9,501,126),(9666,'3',10,501,126),(9667,'3',11,501,126),(9668,'3',12,501,126),(9669,'4',1,496,38),(9670,'4',2,496,38),(9671,'4',3,496,38),(9672,'4',4,496,38),(9673,'3',5,496,38),(9674,'3',6,496,38),(9675,'4',7,496,38),(9676,'3',8,496,38),(9677,'4',9,496,38),(9678,'3',10,496,38),(9679,'3',11,496,38),(9680,'3',12,496,38),(9681,'4',2,491,131),(9682,'4',3,491,131),(9683,'4',1,491,131),(9684,'3',4,491,131),(9685,'4',5,491,131),(9686,'4',6,491,131),(9687,'4',7,491,131),(9688,'3',8,491,131),(9689,'3',9,491,131),(9690,'4',10,491,131),(9691,'4',11,491,131),(9692,'4',12,491,131),(9693,'3',2,500,31),(9694,'3',1,500,31),(9695,'3',3,500,31),(9696,'2',4,500,31),(9697,'3',5,500,31),(9698,'3',6,500,31),(9699,'4',7,500,31),(9700,'4',8,500,31),(9701,'3',9,500,31),(9702,'3',10,500,31),(9703,'4',11,500,31),(9704,'3',12,500,31),(9705,'3',1,501,31),(9706,'3',2,501,31),(9707,'3',3,501,31),(9708,'3',4,501,31),(9709,'3',5,501,31),(9710,'3',6,501,31),(9711,'3',7,501,31),(9712,'3',8,501,31),(9713,'3',9,501,31),(9714,'2',10,501,31),(9715,'4',11,501,31),(9716,'3',12,501,31),(9717,'3',1,496,103),(9718,'3',2,496,103),(9719,'3',3,496,103),(9720,'3',4,496,103),(9721,'3',5,496,103),(9722,'3',6,496,103),(9723,'4',7,496,103),(9724,'3',8,496,103),(9725,'3',9,496,103),(9726,'3',10,496,103),(9727,'3',11,496,103),(9728,'3',12,496,103),(9729,'4',2,491,12),(9730,'4',1,491,12),(9731,'4',3,491,12),(9732,'2',4,491,12),(9733,'3',5,491,12),(9734,'3',6,491,12),(9735,'2',7,491,12),(9736,'2',8,491,12),(9737,'3',9,491,12),(9738,'4',10,491,12),(9739,'4',11,491,12),(9740,'3',12,491,12),(9741,'3',1,501,84),(9742,'4',2,501,84),(9743,'2',3,501,84),(9744,'3',4,501,84),(9745,'3',5,501,84),(9746,'3',6,501,84),(9747,'2',7,501,84),(9748,'4',8,501,84),(9749,'4',9,501,84),(9750,'3',10,501,84),(9751,'4',11,501,84),(9752,'4',12,501,84),(9753,'4',2,500,80),(9754,'3',1,500,80),(9755,'2',3,500,80),(9756,'4',4,500,80),(9757,'2',5,500,80),(9758,'3',6,500,80),(9759,'2',7,500,80),(9760,'4',8,500,80),(9761,'4',9,500,80),(9762,'3',10,500,80),(9763,'4',11,500,80),(9764,'4',12,500,80),(9765,'3',1,501,113),(9766,'3',2,501,113),(9767,'4',3,501,113),(9768,'4',4,501,113),(9769,'3',5,501,113),(9770,'3',6,501,113),(9771,'3',7,501,113),(9772,'3',8,501,113),(9773,'3',1,500,113),(9774,'3',2,500,113),(9775,'3',3,500,113),(9776,'4',4,500,113),(9777,'2',5,500,113),(9778,'3',9,501,113),(9779,'3',10,501,113),(9780,'3',6,500,113),(9781,'3',11,501,113),(9782,'3',12,501,113),(9783,'2',7,500,113),(9784,'3',8,500,113),(9785,'3',9,500,113),(9786,'2',10,500,113),(9787,'2',11,500,113),(9788,'3',12,500,113),(9789,'3',1,500,45),(9790,'2',2,500,45),(9791,'2',3,500,45),(9792,'3',4,500,45),(9793,'4',5,500,45),(9794,'3',6,500,45),(9795,'3',7,500,45),(9796,'2',8,500,45),(9797,'4',9,500,45),(9798,'3',10,500,45),(9799,'4',11,500,45),(9800,'3',12,500,45),(9801,'3',1,501,5),(9802,'3',2,501,5),(9803,'2',3,501,5),(9804,'2',4,501,5),(9805,'3',5,501,5),(9806,'3',6,501,5),(9807,'2',7,501,5),(9808,'4',8,501,5),(9809,'3',9,501,5),(9810,'2',10,501,5),(9811,'3',11,501,5),(9812,'3',12,501,5),(9813,'1',2,500,43),(9814,'1',1,500,43),(9815,'1',3,500,43),(9816,'2',4,500,43),(9817,'2',5,500,43),(9818,'2',6,500,43),(9819,'3',7,500,43),(9820,'4',8,500,43),(9821,'2',9,500,43),(9822,'1',10,500,43),(9823,'1',11,500,43),(9824,'1',12,500,43),(9825,'2',2,501,15),(9826,'3',1,501,15),(9827,'2',3,501,15),(9828,'2',4,501,15),(9829,'3',5,501,15),(9830,'3',6,501,15),(9831,'3',7,501,15),(9832,'3',8,501,15),(9833,'3',9,501,15),(9834,'2',10,501,15),(9835,'3',11,501,15),(9836,'3',12,501,15),(9837,'4',1,496,121),(9838,'4',2,496,121),(9839,'4',3,496,121),(9840,'4',4,496,121),(9841,'4',5,496,121),(9842,'4',6,496,121),(9843,'3',7,496,121),(9844,'4',8,496,121),(9845,'4',9,496,121),(9846,'4',10,496,121),(9847,'4',11,496,121),(9848,'4',12,496,121),(9849,'3',1,496,131),(9850,'3',2,496,131),(9851,'3',3,496,131),(9852,'3',4,496,131),(9853,'4',5,496,131),(9854,'4',6,496,131),(9855,'4',7,496,131),(9856,'4',8,496,131),(9857,'4',9,496,131),(9858,'3',10,496,131),(9859,'3',11,496,131),(9860,'3',12,496,131),(9861,'3',4,502,12),(9862,'3',3,502,12),(9863,'2',1,502,12),(9864,'2',2,502,12),(9865,'3',5,502,12),(9866,'2',6,502,12),(9867,'3',7,502,12),(9868,'2',8,502,12),(9869,'3',9,502,12),(9870,'2',10,502,12),(9871,'1',11,502,12),(9872,'2',12,502,12),(9873,'4',1,502,18),(9874,'4',4,502,18),(9875,'4',2,502,18),(9876,'3',3,502,18),(9877,'4',5,502,18),(9878,'4',6,502,18),(9879,'3',7,502,18),(9880,'4',8,502,18),(9881,'4',9,502,18),(9882,'3',10,502,18),(9883,'4',11,502,18),(9884,'4',12,502,18),(9885,'4',1,503,12),(9886,'4',4,503,12),(9887,'4',2,503,12),(9888,'4',3,503,12),(9889,'3',5,503,12),(9890,'3',6,503,12),(9891,'2',7,503,12),(9892,'3',8,503,12),(9893,'3',9,503,12),(9894,'3',10,503,12),(9895,'2',11,503,12),(9896,'2',12,503,12),(9897,'4',1,502,25),(9898,'4',2,502,25),(9899,'4',3,502,25),(9900,'4',4,502,25),(9901,'4',5,502,25),(9902,'4',6,502,25),(9903,'4',7,502,25),(9904,'4',8,502,25),(9905,'4',9,502,25),(9906,'4',10,502,25),(9907,'4',11,502,25),(9908,'4',12,502,25),(9909,'4',1,503,18),(9910,'4',2,503,18),(9911,'3',4,503,18),(9912,'4',3,503,18),(9913,'4',5,503,18),(9914,'4',6,503,18),(9915,'3',7,503,18),(9916,'3',8,503,18),(9917,'4',9,503,18),(9918,'4',10,503,18),(9919,'4',11,503,18),(9920,'4',12,503,18),(9921,'4',1,504,81),(9922,'4',2,504,81),(9923,'4',3,504,81),(9924,'4',4,504,81),(9925,'4',5,504,81),(9926,'4',6,504,81),(9927,'4',7,504,81),(9928,'4',8,504,81),(9929,'4',9,504,81),(9930,'4',10,504,81),(9931,'4',11,504,81),(9932,'4',12,504,81),(9933,'3',1,505,12),(9934,'3',2,505,12),(9935,'3',3,505,12),(9936,'3',4,505,12),(9937,'3',5,505,12),(9938,'2',6,505,12),(9939,'3',7,505,12),(9940,'3',8,505,12),(9941,'3',9,505,12),(9942,'3',10,505,12),(9943,'3',11,505,12),(9944,'3',12,505,12),(9945,'3',1,504,33),(9946,'3',2,504,33),(9947,'3',3,504,33),(9948,'3',4,504,33),(9949,'3',5,504,33),(9950,'3',6,504,33),(9951,'3',7,504,33),(9952,'3',8,504,33),(9953,'3',9,504,33),(9954,'2',10,504,33),(9955,'2',11,504,33),(9956,'2',12,504,33),(9957,'4',1,503,25),(9958,'4',3,503,25),(9959,'4',2,503,25),(9960,'3',4,503,25),(9961,'3',5,503,25),(9962,'4',6,503,25),(9963,'3',7,503,25),(9964,'4',8,503,25),(9965,'4',9,503,25),(9966,'3',10,503,25),(9967,'4',11,503,25),(9968,'4',12,503,25),(9969,'4',1,504,45),(9970,'4',2,504,45),(9971,'4',3,504,45),(9972,'3',4,504,45),(9973,'3',5,504,45),(9974,'3',6,504,45),(9975,'3',7,504,45),(9976,'3',8,504,45),(9977,'3',9,504,45),(9978,'2',10,504,45),(9979,'2',11,504,45),(9980,'2',12,504,45),(9981,'4',1,506,12),(9982,'4',2,506,12),(9983,'4',3,506,12),(9984,'4',4,506,12),(9985,'4',5,506,12),(9986,'4',6,506,12),(9987,'4',7,506,12),(9988,'4',8,506,12),(9989,'4',9,506,12),(9990,'4',10,506,12),(9991,'4',11,506,12),(9992,'4',12,506,12),(9993,'3',1,505,18),(9994,'3',2,505,18),(9995,'3',3,505,18),(9996,'3',4,505,18),(9997,'3',5,505,18),(9998,'3',6,505,18),(9999,'3',7,505,18),(10000,'3',8,505,18),(10001,'3',9,505,18),(10002,'3',10,505,18),(10003,'3',11,505,18),(10004,'3',12,505,18),(10005,'4',2,504,123),(10006,'4',1,504,123),(10007,'4',3,504,123),(10008,'4',4,504,123),(10009,'4',5,504,123),(10010,'4',6,504,123),(10011,'4',7,504,123),(10012,'4',8,504,123),(10013,'4',9,504,123),(10014,'4',10,504,123),(10015,'4',11,504,123),(10016,'4',12,504,123),(10017,'3',1,505,25),(10018,'3',2,505,25),(10019,'3',3,505,25),(10020,'3',4,505,25),(10021,'3',5,505,25),(10022,'3',6,505,25),(10023,'3',7,505,25),(10024,'3',8,505,25),(10025,'3',9,505,25),(10026,'3',10,505,25),(10027,'3',11,505,25),(10028,'3',12,505,25),(10029,'4',1,510,81),(10030,'4',2,510,81),(10031,'4',3,510,81),(10032,'4',4,510,81),(10033,'4',5,510,81),(10034,'4',6,510,81),(10035,'3',7,510,81),(10036,'4',8,510,81),(10037,'4',9,510,81),(10038,'4',10,510,81),(10039,'4',11,510,81),(10040,'4',12,510,81),(10041,'2',1,504,17),(10042,'2',2,504,17),(10043,'2',3,504,17),(10044,'2',4,504,17),(10045,'2',5,504,17),(10046,'2',6,504,17),(10047,'2',7,504,17),(10048,'3',8,504,17),(10049,'2',9,504,17),(10050,'2',10,504,17),(10051,'2',11,504,17),(10052,'2',12,504,17),(10053,'3',1,505,38),(10054,'3',2,505,38),(10055,'3',3,505,38),(10056,'3',4,505,38),(10057,'3',5,505,38),(10058,'3',6,505,38),(10059,'3',7,505,38),(10060,'3',8,505,38),(10061,'3',9,505,38),(10062,'3',10,505,38),(10063,'3',11,505,38),(10064,'3',12,505,38),(10065,'4',1,506,18),(10066,'4',2,506,18),(10067,'4',4,506,18),(10068,'4',3,506,18),(10069,'4',5,506,18),(10070,'4',6,506,18),(10071,'4',7,506,18),(10072,'4',8,506,18),(10073,'4',9,506,18),(10074,'4',10,506,18),(10075,'4',11,506,18),(10076,'4',12,506,18),(10077,'4',1,504,59),(10078,'4',2,504,59),(10079,'4',3,504,59),(10080,'4',4,504,59),(10081,'4',5,504,59),(10082,'4',6,504,59),(10083,'4',7,504,59),(10084,'4',8,504,59),(10085,'4',9,504,59),(10086,'4',10,504,59),(10087,'4',11,504,59),(10088,'4',12,504,59),(10089,'3',1,505,103),(10090,'3',2,505,103),(10091,'3',3,505,103),(10092,'3',4,505,103),(10093,'3',5,505,103),(10094,'3',6,505,103),(10095,'3',7,505,103),(10096,'3',8,505,103),(10097,'3',9,505,103),(10098,'3',10,505,103),(10099,'3',11,505,103),(10100,'3',12,505,103),(10101,'4',1,506,25),(10102,'4',3,506,25),(10103,'4',4,506,25),(10104,'4',2,506,25),(10105,'4',5,506,25),(10106,'4',6,506,25),(10107,'4',7,506,25),(10108,'4',8,506,25),(10109,'4',9,506,25),(10110,'4',10,506,25),(10111,'4',11,506,25),(10112,'4',12,506,25),(10113,'3',1,505,131),(10114,'3',2,505,131),(10115,'3',3,505,131),(10116,'3',4,505,131),(10117,'3',5,505,131),(10118,'3',6,505,131),(10119,'3',7,505,131),(10120,'3',8,505,131),(10121,'3',9,505,131),(10122,'3',10,505,131),(10123,'3',11,505,131),(10124,'3',12,505,131),(10125,'3',1,505,121),(10126,'3',2,505,121),(10127,'3',3,505,121),(10128,'3',4,505,121),(10129,'3',5,505,121),(10130,'3',6,505,121),(10131,'3',7,505,121),(10132,'3',8,505,121),(10133,'3',9,505,121),(10134,'3',10,505,121),(10135,'3',11,505,121),(10136,'3',12,505,121),(10137,'1',1,504,43),(10138,'1',2,504,43),(10139,'2',3,504,43),(10140,'1',4,504,43),(10141,'1',5,504,43),(10142,'1',6,504,43),(10143,'1',7,504,43),(10144,'1',8,504,43),(10145,'2',9,504,43),(10146,'2',10,504,43),(10147,'1',11,504,43),(10148,'2',12,504,43),(10149,'4',1,511,15),(10150,'3',2,511,15),(10151,'3',3,511,15),(10152,'3',4,511,15),(10153,'3',5,511,15),(10154,'3',6,511,15),(10155,'2',7,511,15),(10156,'3',8,511,15),(10157,'3',9,511,15),(10158,'3',10,511,15),(10159,'3',11,511,15),(10160,'3',12,511,15),(10161,'4',1,506,38),(10162,'3',2,506,38),(10163,'4',3,506,38),(10164,'4',4,506,38),(10165,'3',5,506,38),(10166,'4',6,506,38),(10167,'4',7,506,38),(10168,'4',8,506,38),(10169,'4',9,506,38),(10170,'4',10,506,38),(10171,'4',11,506,38),(10172,'4',12,506,38),(10173,'3',1,512,12),(10174,'3',2,512,12),(10175,'3',3,512,12),(10176,'3',4,512,12),(10177,'3',5,512,12),(10178,'3',6,512,12),(10179,'3',1,502,38),(10180,'3',2,502,38),(10181,'3',3,502,38),(10182,'3',4,502,38),(10183,'3',5,502,38),(10184,'3',6,502,38),(10185,'3',7,502,38),(10186,'3',8,502,38),(10187,'3',9,502,38),(10188,'3',10,502,38),(10189,'3',11,502,38),(10190,'3',12,502,38),(10191,'3',1,513,12),(10192,'3',2,513,12),(10193,'3',3,513,12),(10194,'3',4,513,12),(10195,'3',5,513,12),(10196,'3',6,513,12),(10197,'3',7,513,12),(10198,'3',8,513,12),(10199,'3',9,513,12),(10200,'3',10,513,12),(10201,'3',11,513,12),(10202,'3',12,513,12),(10203,'4',2,506,103),(10204,'4',4,506,103),(10205,'4',1,506,103),(10206,'4',3,506,103),(10207,'4',5,506,103),(10208,'4',6,506,103),(10209,'4',7,506,103),(10210,'4',8,506,103),(10211,'4',9,506,103),(10212,'4',10,506,103),(10213,'4',11,506,103),(10214,'4',12,506,103),(10215,'3',1,513,131),(10216,'3',2,513,131),(10217,'3',3,513,131),(10218,'3',4,513,131),(10219,'3',5,513,131),(10220,'3',6,513,131),(10221,'3',7,513,131),(10222,'3',8,513,131),(10223,'3',9,513,131),(10224,'3',10,513,131),(10225,'3',11,513,131),(10226,'3',12,513,131),(10227,'3',1,513,103),(10228,'3',2,513,103),(10229,'3',3,513,103),(10230,'3',4,513,103),(10231,'3',5,513,103),(10232,'3',6,513,103),(10233,'3',7,513,103),(10234,'3',8,513,103),(10235,'3',9,513,103),(10236,'3',10,513,103),(10237,'3',11,513,103),(10238,'3',12,513,103),(10239,'4',1,506,131),(10240,'4',2,506,131),(10241,'4',3,506,131),(10242,'4',4,506,131),(10243,'4',5,506,131),(10244,'4',6,506,131),(10245,'4',7,506,131),(10246,'4',8,506,131),(10247,'4',9,506,131),(10248,'4',10,506,131),(10249,'4',11,506,131),(10250,'4',12,506,131),(10251,'3',1,513,38),(10252,'3',2,513,38),(10253,'3',3,513,38),(10254,'3',4,513,38),(10255,'3',5,513,38),(10256,'3',6,513,38),(10257,'3',7,513,38),(10258,'3',8,513,38),(10259,'3',9,513,38),(10260,'3',10,513,38),(10261,'3',11,513,38),(10262,'3',12,513,38),(10263,'4',1,506,121),(10264,'4',2,506,121),(10265,'4',3,506,121),(10266,'4',4,506,121),(10267,'4',5,506,121),(10268,'4',6,506,121),(10269,'4',8,506,121),(10270,'4',9,506,121),(10271,'4',10,506,121),(10272,'4',11,506,121),(10273,'4',12,506,121),(10274,'4',7,506,121),(10275,'3',1,511,33),(10276,'3',2,511,33),(10277,'3',3,511,33),(10278,'3',4,511,33),(10279,'3',5,511,33),(10280,'3',6,511,33),(10281,'3',7,511,33),(10282,'3',8,511,33),(10283,'3',9,511,33),(10284,'3',10,511,33),(10285,'3',11,511,33),(10286,'3',12,511,33),(10287,'3',1,502,103),(10288,'3',2,502,103),(10289,'3',3,502,103),(10290,'3',4,502,103),(10291,'3',5,502,103),(10292,'3',6,502,103),(10293,'4',7,502,103),(10294,'3',8,502,103),(10295,'3',9,502,103),(10296,'3',10,502,103),(10297,'3',11,502,103),(10298,'3',12,502,103),(10299,'3',1,513,121),(10300,'3',2,513,121),(10301,'3',3,513,121),(10302,'3',4,513,121),(10303,'3',5,513,121),(10304,'3',6,513,121),(10305,'3',7,513,121),(10306,'3',8,513,121),(10307,'3',9,513,121),(10308,'3',10,513,121),(10309,'3',11,513,121),(10310,'3',12,513,121),(10311,'3',1,515,125),(10312,'3',2,515,125),(10313,'3',3,515,125),(10314,'3',4,515,125),(10315,'3',5,515,125),(10316,'3',6,515,125),(10317,'3',7,515,125),(10318,'3',8,515,125),(10319,'3',9,515,125),(10320,'3',10,515,125),(10321,'3',11,515,125),(10322,'3',12,515,125),(10323,'3',1,513,25),(10324,'3',2,513,25),(10325,'3',3,513,25),(10326,'3',4,513,25),(10327,'3',5,513,25),(10328,'3',6,513,25),(10329,'3',7,513,25),(10330,'3',8,513,25),(10331,'3',9,513,25),(10332,'3',10,513,25),(10333,'3',11,513,25),(10334,'3',12,513,25),(10335,'3',2,514,12),(10336,'3',1,514,12),(10337,'3',3,514,12),(10338,'3',4,514,12),(10339,'3',5,514,12),(10340,'2',6,514,12),(10341,'3',7,514,12),(10342,'3',8,514,12),(10343,'3',9,514,12),(10344,'3',10,514,12),(10345,'3',11,514,12),(10346,'3',12,514,12),(10347,'3',1,515,33),(10348,'3',4,515,33),(10349,'3',2,515,33),(10350,'3',3,515,33),(10351,'3',5,515,33),(10352,'3',6,515,33),(10353,'3',7,515,33),(10354,'3',8,515,33),(10355,'3',9,515,33),(10356,'3',10,515,33),(10357,'3',11,515,33),(10358,'3',12,515,33),(10359,'4',1,516,81),(10360,'4',2,516,81),(10361,'3',3,516,81),(10362,'4',4,516,81),(10363,'1',5,516,81),(10364,'3',6,516,81),(10365,'4',7,516,81),(10366,'3',8,516,81),(10367,'4',9,516,81),(10368,'4',10,516,81),(10369,'4',11,516,81),(10370,'4',12,516,81),(10371,'3',1,511,81),(10372,'3',2,511,81),(10373,'3',3,511,81),(10374,'3',4,511,81),(10375,'3',5,511,81),(10376,'3',6,511,81),(10377,'3',7,511,81),(10378,'3',8,511,81),(10379,'3',9,511,81),(10380,'3',10,511,81),(10381,'3',11,511,81),(10382,'3',12,511,81),(10383,'3',1,513,18),(10384,'3',2,513,18),(10385,'3',3,513,18),(10386,'3',4,513,18),(10387,'3',5,513,18),(10388,'3',6,513,18),(10389,'3',7,513,18),(10390,'3',8,513,18),(10391,'3',9,513,18),(10392,'3',10,513,18),(10393,'3',11,513,18),(10394,'3',12,513,18),(10395,'4',1,516,33),(10396,'4',2,516,33),(10397,'4',3,516,33),(10398,'4',4,516,33),(10399,'3',5,516,33),(10400,'4',6,516,33),(10401,'4',7,516,33),(10402,'3',8,516,33),(10403,'4',9,516,33),(10404,'3',10,516,33),(10405,'4',11,516,33),(10406,'3',12,516,33),(10407,'2',1,515,45),(10408,'2',3,515,45),(10409,'2',4,515,45),(10410,'2',2,515,45),(10411,'2',5,515,45),(10412,'2',6,515,45),(10413,'2',7,515,45),(10414,'2',8,515,45),(10415,'2',9,515,45),(10416,'2',10,515,45),(10417,'2',11,515,45),(10418,'2',12,515,45),(10419,'4',1,514,18),(10420,'3',4,514,18),(10421,'4',2,514,18),(10422,'4',3,514,18),(10423,'4',5,514,18),(10424,'4',6,514,18),(10425,'3',7,514,18),(10426,'4',8,514,18),(10427,'4',9,514,18),(10428,'4',10,514,18),(10429,'4',11,514,18),(10430,'4',12,514,18),(10431,'4',1,516,45),(10432,'4',2,516,45),(10433,'4',3,516,45),(10434,'3',4,516,45),(10435,'3',5,516,45),(10436,'2',6,516,45),(10437,'3',7,516,45),(10438,'3',8,516,45),(10439,'3',9,516,45),(10440,'3',10,516,45),(10441,'3',11,516,45),(10442,'3',12,516,45),(10443,'3',1,515,15),(10444,'3',2,515,15),(10445,'3',3,515,15),(10446,'3',4,515,15),(10447,'3',5,515,15),(10448,'3',6,515,15),(10449,'3',7,515,15),(10450,'3',8,515,15),(10451,'3',9,515,15),(10452,'3',10,515,15),(10453,'3',11,515,15),(10454,'3',12,515,15),(10455,'3',1,513,70),(10456,'3',2,513,70),(10457,'3',3,513,70),(10458,'3',4,513,70),(10459,'4',5,513,70),(10460,'4',6,513,70),(10461,'4',7,513,70),(10462,'4',8,513,70),(10463,'4',9,513,70),(10464,'4',10,513,70),(10465,'4',11,513,70),(10466,'4',12,513,70),(10467,'2',1,515,55),(10468,'2',2,515,55),(10469,'2',3,515,55),(10470,'2',4,515,55),(10471,'2',5,515,55),(10472,'2',6,515,55),(10473,'2',7,515,55),(10474,'2',8,515,55),(10475,'2',9,515,55),(10476,'2',10,515,55),(10477,'2',11,515,55),(10478,'2',12,515,55),(10479,'4',1,516,27),(10480,'4',2,516,27),(10481,'4',3,516,27),(10482,'4',4,516,27),(10483,'4',5,516,27),(10484,'4',6,516,27),(10485,'4',7,516,27),(10486,'4',8,516,27),(10487,'4',9,516,27),(10488,'3',10,516,27),(10489,'4',11,516,27),(10490,'4',12,516,27),(10491,'3',1,515,43),(10492,'3',3,515,43),(10493,'3',2,515,43),(10494,'3',4,515,43),(10495,'3',5,515,43),(10496,'3',6,515,43),(10497,'3',7,515,43),(10498,'3',8,515,43),(10499,'3',9,515,43),(10500,'3',10,515,43),(10501,'3',11,515,43),(10502,'3',12,515,43),(10503,'3',1,511,43),(10504,'3',2,511,43),(10505,'3',3,511,43),(10506,'3',4,511,43),(10507,'3',5,511,43),(10508,'3',6,511,43),(10509,'3',7,511,43),(10510,'3',8,511,43),(10511,'3',9,511,43),(10512,'3',10,511,43),(10513,'3',11,511,43),(10514,'3',12,511,43),(10515,'4',1,514,25),(10516,'4',2,514,25),(10517,'4',3,514,25),(10518,'4',4,514,25),(10519,'4',5,514,25),(10520,'4',6,514,25),(10521,'3',7,514,25),(10522,'3',8,514,25),(10523,'4',9,514,25),(10524,'3',10,514,25),(10525,'3',11,514,25),(10526,'4',12,514,25),(10527,'4',1,517,17),(10528,'4',2,517,17),(10529,'4',3,517,17),(10530,'4',4,517,17),(10531,'3',5,517,17),(10532,'3',6,517,17),(10533,'3',7,517,17),(10534,'4',8,517,17),(10535,'3',9,517,17),(10536,'4',10,517,17),(10537,'3',11,517,17),(10538,'4',12,517,17),(10539,'4',1,502,121),(10540,'4',2,502,121),(10541,'4',3,502,121),(10542,'4',4,502,121),(10543,'3',5,502,121),(10544,'4',6,502,121),(10545,'4',7,502,121),(10546,'4',8,502,121),(10547,'4',9,502,121),(10548,'3',10,502,121),(10549,'3',11,502,121),(10550,'4',12,502,121),(10551,'4',1,517,59),(10552,'4',2,517,59),(10553,'4',3,517,59),(10554,'4',4,517,59),(10555,'4',5,517,59),(10556,'4',6,517,59),(10557,'4',7,517,59),(10558,'4',8,517,59),(10559,'4',9,517,59),(10560,'4',10,517,59),(10561,'4',11,517,59),(10562,'4',12,517,59),(10563,'3',1,517,43),(10564,'3',2,517,43),(10565,'2',3,517,43),(10566,'4',4,517,43),(10567,'4',5,517,43),(10568,'4',6,517,43),(10569,'4',7,517,43),(10570,'4',8,517,43),(10571,'4',9,517,43),(10572,'4',10,517,43),(10573,'4',11,517,43),(10574,'4',12,517,43),(10575,'3',1,502,131),(10576,'4',2,502,131),(10577,'4',3,502,131),(10578,'3',4,502,131),(10579,'4',5,502,131),(10580,'3',6,502,131),(10581,'4',7,502,131),(10582,'3',8,502,131),(10583,'3',9,502,131),(10584,'3',10,502,131),(10585,'3',11,502,131),(10586,'3',12,502,131),(10587,'3',2,514,38),(10588,'3',1,514,38),(10589,'4',3,514,38),(10590,'4',4,514,38),(10591,'3',8,514,38),(10592,'3',5,514,38),(10593,'3',7,514,38),(10594,'4',6,514,38),(10595,'4',11,514,38),(10596,'4',12,514,38),(10597,'4',9,514,38),(10598,'3',10,514,38),(10599,'3',1,511,47),(10600,'3',2,511,47),(10601,'3',3,511,47),(10602,'3',4,511,47),(10603,'3',5,511,47),(10604,'3',6,511,47),(10605,'3',7,511,47),(10606,'3',8,511,47),(10607,'3',9,511,47),(10608,'3',10,511,47),(10609,'3',11,511,47),(10610,'3',12,511,47),(10611,'3',4,514,103),(10612,'3',3,514,103),(10613,'3',2,514,103),(10614,'3',1,514,103),(10615,'3',5,514,103),(10616,'4',6,514,103),(10617,'4',7,514,103),(10618,'3',8,514,103),(10619,'4',9,514,103),(10620,'3',10,514,103),(10621,'3',11,514,103),(10622,'4',12,514,103),(10623,'4',2,514,121),(10624,'4',1,514,121),(10625,'4',3,514,121),(10626,'4',4,514,121),(10627,'4',5,514,121),(10628,'4',8,514,121),(10629,'4',6,514,121),(10630,'4',7,514,121),(10631,'4',9,514,121),(10632,'3',10,514,121),(10633,'4',12,514,121),(10634,'4',11,514,121),(10635,'4',3,514,131),(10636,'4',1,514,131),(10637,'4',4,514,131),(10638,'4',2,514,131),(10639,'4',5,514,131),(10640,'4',6,514,131),(10641,'4',7,514,131),(10642,'4',8,514,131),(10643,'4',9,514,131),(10644,'4',10,514,131),(10645,'4',11,514,131),(10646,'4',12,514,131),(10647,'4',1,523,4),(10648,'4',4,523,4),(10649,'4',2,523,4),(10650,'3',3,523,4),(10651,'4',6,523,4),(10652,'2',5,523,4),(10653,'4',7,523,4),(10654,'4',8,523,4),(10655,'4',9,523,4),(10656,'4',10,523,4),(10657,'4',11,523,4),(10658,'4',12,523,4),(10659,'4',1,523,125),(10660,'4',2,523,125),(10661,'4',3,523,125),(10662,'4',4,523,125),(10663,'4',5,523,125),(10664,'4',6,523,125),(10665,'4',7,523,125),(10666,'4',8,523,125),(10667,'4',9,523,125),(10668,'4',11,523,125),(10669,'4',12,523,125),(10670,'4',10,523,125),(10671,'4',2,523,112),(10672,'4',1,523,112),(10673,'4',3,523,112),(10674,'4',4,523,112),(10675,'4',5,523,112),(10676,'4',6,523,112),(10677,'4',7,523,112),(10678,'4',8,523,112),(10679,'4',9,523,112),(10680,'4',10,523,112),(10681,'4',11,523,112),(10682,'4',12,523,112),(10683,'4',1,523,14),(10684,'4',4,523,14),(10685,'4',2,523,14),(10686,'4',3,523,14),(10687,'4',5,523,14),(10688,'4',6,523,14),(10689,'4',7,523,14),(10690,'4',8,523,14),(10691,'4',9,523,14),(10692,'4',10,523,14),(10693,'4',11,523,14),(10694,'4',12,523,14),(10695,'4',2,523,23),(10696,'4',1,523,23),(10697,'4',3,523,23),(10698,'4',4,523,23),(10699,'4',8,523,23),(10700,'4',5,523,23),(10701,'4',6,523,23),(10702,'4',7,523,23),(10703,'4',9,523,23),(10704,'4',10,523,23),(10705,'4',11,523,23),(10706,'4',12,523,23),(10707,'4',1,523,30),(10708,'4',2,523,30),(10709,'4',3,523,30),(10710,'4',4,523,30),(10711,'4',5,523,30),(10712,'4',6,523,30),(10713,'4',7,523,30),(10714,'4',8,523,30),(10715,'4',9,523,30),(10716,'4',10,523,30),(10717,'4',11,523,30),(10718,'4',12,523,30),(10719,'4',1,523,83),(10720,'4',2,523,83),(10721,'4',3,523,83),(10722,'4',4,523,83),(10723,'4',5,523,83),(10724,'4',6,523,83),(10725,'4',7,523,83),(10726,'4',8,523,83),(10727,'4',9,523,83),(10728,'4',10,523,83),(10729,'4',11,523,83),(10730,'4',12,523,83);
/*!40000 ALTER TABLE `teacher_answer` ENABLE KEYS */;
UNLOCK TABLES;

--
-- Table structure for table `teacher_course`
--

DROP TABLE IF EXISTS `teacher_course`;
/*!40101 SET @saved_cs_client     = @@character_set_client */;
/*!40101 SET character_set_client = utf8 */;
CREATE TABLE `teacher_course` (
  `id` int(11) NOT NULL AUTO_INCREMENT,
  `department` varchar(128) NOT NULL,
  `title` varchar(256) NOT NULL,
  `name` varchar(256) NOT NULL,
  `section` varchar(256) NOT NULL,
  `instructor` varchar(256) NOT NULL,
  PRIMARY KEY (`id`)
) ENGINE=InnoDB AUTO_INCREMENT=133 DEFAULT CHARSET=latin1;
/*!40101 SET character_set_client = @saved_cs_client */;

--
-- Dumping data for table `teacher_course`
--

LOCK TABLES `teacher_course` WRITE;
/*!40000 ALTER TABLE `teacher_course` DISABLE KEYS */;
INSERT INTO `teacher_course` VALUES (1,'Bible','ISP THEOLOGY III','ISP TH III','A/B','Abueme, Vir'),(2,'Bible','ISP THEOLOGY I','ISP THEO I','A/B','Abueme, Vir'),(3,'Bible','ISP THEOLOGY II','ISP THEOII','A/B','Abueme, Vir'),(4,'Bible','THEOLOGY II','THEO II','A','Abueme, Vir'),(5,'Bible','THEOLOGY II','THEO II','B','Abueme, Vir'),(6,'English','MULTIPLE CLASSES','MULTIPLE CLASSES','','Agulto, Carmen'),(7,'English','LANGUAGE ART 7','LANG ART 7','A','Aldan, Criselda'),(8,'English','LANGUAGE ART 7','LANG ART 7','B','Aldan, Criselda'),(9,'English','LANGUAGE ART 7','LANG ART 7','C','Aldan, Criselda'),(10,'English','LITERATURE I','LIT I','B','Aldan, Criselda'),(11,'English','LITERATURE I','LIT I','C','Aldan, Criselda'),(12,'History','US HISTORY 8','US HIST 8','A','Aldan, Criselda'),(13,'English','MULTIPLE CLASSES','MULTIPLE CLASSES','','Alejo, Eleonor'),(14,'English','ENGLISH II','ENG II','A','Bahillo, Candida'),(15,'English','ENGLISH II','ENG II','B','Bahillo, Candida'),(16,'English','ENGLISH III','ENG III','A','Bahillo, Candida'),(17,'English','ENGLISH III','ENG III','B','Bahillo, Candida'),(18,'English','LANGUAGE ART 8','LANG ART 8','A','Bahillo, Candida'),(19,'English','LANGUAGE ART 8','LANG ART 8','B','Bahillo, Candida'),(20,'Mathematics','ALGEBRA I','ALGEBRA I','A','Baldazo, Bobby'),(21,'Mathematics','ALGEBRA I','ALGEBRA I','B','Baldazo, Bobby'),(22,'Mathematics','ALGEBRA I','ALGEBRA I','C','Baldazo, Bobby'),(23,'Mathematics','GEOMETRY','GEOMETRY','A','Baldazo, Bobby'),(24,'Mathematics','GEOMETRY','GEOMETRY','B','Baldazo, Bobby'),(25,'Mathematics','PRE ALGEBRA 8','PRE ALG 8','A','Baldazo, Bobby'),(26,'Mathematics','PRE ALGEBRA 8','PRE ALG 8','B','Baldazo, Bobby'),(27,'Science','AP BIOLOGY','AP BIOLOGY','','Baldazo, Luz'),(28,'Science','AP ENVIRONMENTAL SCIENCE','AP ENV SCI','','Baldazo, Luz'),(29,'Science','BIOLOGY','BIOLOGY','C','Baldazo, Luz'),(30,'Science','CHEMISTRY','CHEMISTRY','A','Baldazo, Luz'),(31,'Science','CHEMISTRY','CHEMISTRY','B','Baldazo, Luz'),(32,'Science','PHYSICS','PHYSICS','A','Baldazo, Luz'),(33,'Science','PHYSICS','PHYSICS','B','Baldazo, Luz'),(34,'Mathematics','AP CALCULUS','AP CALC','A/B','Borja, Manny'),(35,'Mathematics','AP CALCULUS - SECTION C','AP CALC (C)','A','Borja, Manny'),(36,'Mathematics','PRE CALCULUS','PRE CALC','11A/B','Borja, Manny'),(37,'Mathematics','PRE CALCULUS','PRE CALC','12A/B','Borja, Manny'),(38,'Bible','RELIGION 8','REL 8','A','Bromwell, Katherine'),(39,'Bible','RELIGION 8','REL 8','B','Bromwell, Katherine'),(40,'Bible','THEOLOGY I','THEO I','B','Bromwell, Katherine'),(41,'Bible','THEOLOGY I','THEO I','C','Bromwell, Katherine'),(42,'Bible','THEOLOGY III','THEO III','A','Bromwell, Katherine'),(43,'Bible','THEOLOGY III','THEO III','B','Bromwell, Katherine'),(44,'Mathematics','ALGEBRA II','ALGEBRA II','A','Buenaflor, Filmah'),(45,'Mathematics','ALGEBRA II','ALGEBRA II','B','Buenaflor, Filmah'),(46,'Elective','AP COMPUTER SCIENCE PRINCIPLES','AP COMPSCI','','Buenaflor, Filmah'),(47,'Mathematics','CONSUMER MATH','CON MATH','','Buenaflor, Filmah'),(48,'Mathematics','MATH 7','MATH 7','A','Buenaflor, Filmah'),(49,'Mathematics','MATH 7','MATH 7','B','Buenaflor, Filmah'),(50,'Mathematics','MATH 7','MATH 7','C','Buenaflor, Filmah'),(51,'Social Studies','NMI HISTORY','NMI HIST.','A','Camacho, Rosiky'),(52,'Social Studies','NMI HISTORY','NMI HIST.','B','Camacho, Rosiky'),(53,'Social Studies','NMI HISTORY','NMI HIST.','C','Camacho, Rosiky'),(54,'Bible','THEOLOGY I','THEO I','A','Camacho, Rosiky'),(55,'History','US HISTORY','US HISTORY','11A/B','Camacho, Rosiky'),(56,'History','WORLD REGIONS 7','W REG 7','C','Camacho, Rosiky'),(57,'MULTIPLE CLASSES','MULTIPLE CLASSES','MULTIPLE CLASSES','','Castillo, Zyron'),(58,'English','AP ENGLISH','AP ENG','A/B','Deleon Guerrero, Galvin'),(59,'History','AP U.S. HISTORY','AP U.S. HI','','Deleon Guerrero, Galvin'),(60,'Social Studies','AP US GOVERNMENT','AP US GOV','','Deleon Guerrero, Galvin'),(61,'English','ENGLISH IV','ENG IV','12A/B','Deleon Guerrero, Galvin'),(62,'Elective','INTRO TO MEDIA COMMUNICATIONS','INTRO TO MED. COMM','A/B','Deleon Guerrero, Galvin'),(63,'','MULTIPLE CLASSES','MULTIPLE CLASSES','','Duenas-Kapileo, Shirley Ann'),(64,'','MULTIPLE CLASSES','MULTIPLE CLASSES','','Farley, Thelma'),(65,'Music','MUSIC 5','MUSIC5','A','Greening, Julian'),(66,'Music','MUSIC 5','MUSIC5','B','Greening, Julian'),(67,'Music','MUSIC 6','MUSIC6','A','Greening, Julian'),(68,'Music','MUSIC 6','MUSIC6','B','Greening, Julian'),(69,'Music','MUSIC 6','MUSIC6','C','Greening, Julian'),(70,'Music','MUSIC 7','MUSIC7','A','Greening, Julian'),(71,'Music','MUSIC 7','MUSIC7','B','Greening, Julian'),(72,'Music','MUSIC 7','MUSIC7','C','Greening, Julian'),(73,'Bible','RELIGION 7','REL 7','A','Hernandez, John'),(74,'Bible','RELIGION 7','REL 7','B','Hernandez, John'),(75,'Bible','RELIGION 7','REL 7','C','Hernandez, John'),(76,'History','US HISTORY 8','US HIST 8','B','Hernandez, John'),(77,'History','WORLD REGIONS 7','W REG 7','A','Hernandez, John'),(78,'History','WORLD REGIONS 7','W REG 7','B','Hernandez, John'),(79,'Foreign Language','JAPANESE GRD SCHOOL','JAPAN GS','A/B','Ishikawa, Akemi'),(80,'Foreign Language','JAPANESE II','JAPAN II','A','Ishikawa, Akemi'),(81,'Foreign Language','JAPANESE II','JAPAN II','B','Ishikawa, Akemi'),(82,'Foreign Language','JAPANESE III','JAPAN III','12A/B','Ishikawa, Akemi'),(83,'Foreign Language','JAPANESE I','JAPANESE I','A','Ishikawa, Akemi'),(84,'Foreign Language','JAPANESE I','JAPANESE I','B','Ishikawa, Akemi'),(85,'K-5','K-5','A','0','Jin, Zhen Zhu'),(86,'English','COMPOSITION I','COMP I','A','Johnson, Sarah'),(87,'English','COMPOSITION I','COMP I','B','Johnson, Sarah'),(88,'English','COMPOSITION I','COMP I','C','Johnson, Sarah'),(89,'English','COMPOSITION II','COMP II','A','Johnson, Sarah'),(90,'English','COMPOSITION II','COMP II','B','Johnson, Sarah'),(91,'Elective','CREATIVE WRITING','CREATIVE WRITING','A','Johnson, Sarah'),(92,'','MULTIPLE CLASSES','MULTIPLE CLASSES','','Kiawol, Conception'),(93,'K-5','K-5','B','0','Lee, Barbara'),(94,'','MULTIPLE CLASSES','MULTIPLE CLASSES','','Lee, He Jin'),(95,'','MULTIPLE CLASSES','MULTIPLE CLASSES','','Lee, Jiwon (Rebekah)'),(96,'','MULTIPLE CLASSES','MULTIPLE CLASSES','','Mendiola, Felisa'),(97,'','MULTIPLE CLASSES','MULTIPLE CLASSES','','Mua, Delfina'),(98,'','MULTIPLE CLASSES','MULTIPLE CLASSES','','Rumley, Ma. Jonabel'),(99,'','MULTIPLE CLASSES','MULTIPLE CLASSES','','Sablan, Ma. Zita'),(100,'Physical Education','HLTH\\PE I','HLTH\\PE I','A','San Nicolas, Francis Robin'),(101,'Physical Education','HLTH\\PE I','HLTH\\PE I','B','San Nicolas, Francis Robin'),(102,'Physical Education','HLTH\\PE I','HLTH\\PE I','C','San Nicolas, Francis Robin'),(103,'Physical Education','PHYSICAL EDUCATION 8','P.E. 8','A','San Nicolas, Francis Robin'),(104,'Physical Education','PHYSICAL EDUCATION 8','P.E. 8','B','San Nicolas, Francis Robin'),(105,'Physical Education','P.E. II','P.E. II','12A/B','San Nicolas, Francis Robin'),(106,'Physical Education','PE 2','PE 2','B','San Nicolas, Francis Robin'),(107,'Elective','SENIOR SEMINAR','SENIOR SEM','12A/B','Smith, Tobed'),(108,'Bible','THEOLOGY IV','THEO IV','A','Smith, Tobed'),(109,'Bible','THEOLOGY IV','THEO IV','B','Smith, Tobed'),(110,'K-4','K-4','K-4','A/B','Travilla, Vilma'),(111,'','MULTIPLE CLASSES','MULTIPLE CLASSES','','Tudela, Kimberly Kay'),(112,'Art','ARTS AND CRAFTS 10','ART/CRAFT10','A','Villagomez, Leeani Rayna'),(113,'Art','ARTS AND CRAFTS 10','ART/CRAFT10','B','Villagomez, Leeani Rayna'),(114,'Elective','TEACHER AIDE','TEACH AIDE','A','Villagomez, Leeani Rayna'),(115,'Elective','TEACHER AIDE','TEACH AIDE','B','Villagomez, Leeani Rayna'),(116,'Science','BIOLOGY','BIOLOGY','A','Villar, Evangeline'),(117,'Science','BIOLOGY','BIOLOGY','B','Villar, Evangeline'),(118,'Science','SCIENCE 7','SCI 7','A','Villar, Evangeline'),(119,'Science','SCIENCE 7','SCI 7','B','Villar, Evangeline'),(120,'Science','SCIENCE 7','SCI 7','C','Villar, Evangeline'),(121,'Science','SCIENCE 8','SCI 8','A','Villar, Evangeline'),(122,'Science','SCIENCE 8','SCI 8','B','Villar, Evangeline'),(123,'Social Studies','CIVICS','CIVICS','','Yamagata, Kathleen'),(124,'English','ENGLISH IV','ENG IV','A/B','Yamagata, Kathleen'),(125,'History','WORLD HISTORY','WLD HIST','A','Yamagata, Kathleen'),(126,'History','WORLD HISTORY','WLD HIST','B','Yamagata, Kathleen'),(127,'English','LITERATURE I','LIT I','A','Yu, Xinyue (Amanda)'),(128,'English','READING 7','READ 7','A','Yu, Xinyue (Amanda)'),(129,'English','READING 7','READ 7','B','Yu, Xinyue (Amanda)'),(130,'English','READING 7','READ 7','C','Yu, Xinyue (Amanda)'),(131,'English','READING 8','READ 8','A','Yu, Xinyue (Amanda)'),(132,'English','READING 8','READ 8','B','Yu, Xinyue (Amanda)');
/*!40000 ALTER TABLE `teacher_course` ENABLE KEYS */;
UNLOCK TABLES;

--
-- Table structure for table `teacher_importfile`
--

DROP TABLE IF EXISTS `teacher_importfile`;
/*!40101 SET @saved_cs_client     = @@character_set_client */;
/*!40101 SET character_set_client = utf8 */;
CREATE TABLE `teacher_importfile` (
  `id` int(11) NOT NULL AUTO_INCREMENT,
  `document` varchar(100) NOT NULL,
  `created` datetime(6) NOT NULL,
  PRIMARY KEY (`id`)
) ENGINE=InnoDB AUTO_INCREMENT=3 DEFAULT CHARSET=latin1;
/*!40101 SET character_set_client = @saved_cs_client */;

--
-- Dumping data for table `teacher_importfile`
--

LOCK TABLES `teacher_importfile` WRITE;
/*!40000 ALTER TABLE `teacher_importfile` DISABLE KEYS */;
/*!40000 ALTER TABLE `teacher_importfile` ENABLE KEYS */;
UNLOCK TABLES;

--
-- Table structure for table `teacher_question`
--

DROP TABLE IF EXISTS `teacher_question`;
/*!40101 SET @saved_cs_client     = @@character_set_client */;
/*!40101 SET character_set_client = utf8 */;
CREATE TABLE `teacher_question` (
  `id` int(11) NOT NULL AUTO_INCREMENT,
  `format` varchar(30) NOT NULL,
  `question` varchar(2048) NOT NULL,
  `created` datetime(6) NOT NULL,
  `sequence` smallint(6) NOT NULL,
  `survey_id` int(11) NOT NULL,
  PRIMARY KEY (`id`),
  KEY `teacher_question_survey_id_a5005ddc_fk_teacher_survey_id` (`survey_id`),
  CONSTRAINT `teacher_question_survey_id_a5005ddc_fk_teacher_survey_id` FOREIGN KEY (`survey_id`) REFERENCES `teacher_survey` (`id`)
) ENGINE=InnoDB AUTO_INCREMENT=13 DEFAULT CHARSET=latin1;
/*!40101 SET character_set_client = @saved_cs_client */;

--
-- Dumping data for table `teacher_question`
--

LOCK TABLES `teacher_question` WRITE;
/*!40000 ALTER TABLE `teacher_question` DISABLE KEYS */;
INSERT INTO `teacher_question` VALUES (1,'m4','My teacher clearly expresses expectations for my learning and performance in this class.','2019-05-21 07:13:06.578089',10,1),(2,'m4','My teacher clearly explains concepts and lessons.','2019-05-21 07:13:06.642966',20,1),(3,'m4','My teacher uses various teaching methods that enhance my learning.','2019-05-21 07:13:06.684633',30,1),(4,'m4','My teacher helps me or other students who need additional assistance.','2019-05-21 07:13:06.792900',40,1),(5,'m4','My teacher uses effective student discipline/classroom management.','2019-05-21 07:13:06.834784',50,1),(6,'m4','My teacher is well organized and prepared.','2019-05-21 07:13:06.876320',60,1),(7,'m4','My teacher uses technology to advance my learning.','2019-05-21 07:13:06.917870',70,1),(8,'m4','My teacher cares about the subject matter.','2019-05-21 07:13:06.959568',80,1),(9,'m4','My teacher cares about the students.','2019-05-21 07:13:07.001445',90,1),(10,'m4','I am motivated to work hard in this class.','2019-05-21 07:13:07.043241',100,1),(11,'m4','I have learned a lot in this class.','2019-05-21 07:13:07.101348',110,1),(12,'m4','Overall, my teacher is an effective teacher.','2019-05-21 07:13:07.171502',120,1);
/*!40000 ALTER TABLE `teacher_question` ENABLE KEYS */;
UNLOCK TABLES;

--
-- Table structure for table `teacher_student`
--

DROP TABLE IF EXISTS `teacher_student`;
/*!40101 SET @saved_cs_client     = @@character_set_client */;
/*!40101 SET character_set_client = utf8 */;
CREATE TABLE `teacher_student` (
  `id` int(11) NOT NULL AUTO_INCREMENT,
  `test_code` varchar(32) NOT NULL,
  `name` varchar(128) NOT NULL,
  `created` datetime(6) NOT NULL,
  `survey_id` int(11) NOT NULL,
  `grade_level` varchar(4) NOT NULL,
  PRIMARY KEY (`id`),
  KEY `teacher_student_survey_id_76da10a5_fk_teacher_survey_id` (`survey_id`),
  CONSTRAINT `teacher_student_survey_id_76da10a5_fk_teacher_survey_id` FOREIGN KEY (`survey_id`) REFERENCES `teacher_survey` (`id`)
) ENGINE=InnoDB AUTO_INCREMENT=524 DEFAULT CHARSET=latin1;
/*!40101 SET character_set_client = @saved_cs_client */;

--
-- Dumping data for table `teacher_student`
--

LOCK TABLES `teacher_student` WRITE;
/*!40000 ALTER TABLE `teacher_student` DISABLE KEYS */;
INSERT INTO `teacher_student` VALUES (1,'aaa','u52q095xc9zzjpjtik9pq','2019-05-21 21:42:28.869884',1,'02'),(2,'test','poydu3gx2khe7idrizsdds','2019-05-27 13:15:19.317598',1,'06'),(3,'Test','tws4t5e82ew0k6n9vks4g','2019-05-27 21:56:18.039081',1,'06'),(4,'2019TE','k8w3rs5kxxq9fhj8iyl31n','2019-05-27 22:16:13.167961',1,'12'),(5,'2019TE','ku3c790se7ykwxp3a3p5n','2019-05-27 22:17:24.808413',1,'04'),(6,'2019TE','ezvo51l971irnrmd1ctytr','2019-05-27 22:17:59.052323',1,'04'),(7,'2019TE','q749somt5bl00gaxh1l4txu5','2019-05-27 22:18:00.092109',1,'04'),(8,'2019TE','lahe4m9yo9sqhaolw34ee','2019-05-27 22:18:02.967745',1,'04'),(9,'2019TE','o8dfdbzvccixw1amg2kus','2019-05-27 22:18:06.762342',1,'04'),(10,'2019TE','5azcoh779ckiqe3j5v1n9','2019-05-27 22:18:07.992480',1,'04'),(11,'2019TE','j3b2zw84q8dkc9fo9ymf','2019-05-27 22:18:18.990073',1,'04'),(12,'2019TE','uk6gmfzs94luhyg3urjnyr','2019-05-27 22:18:21.654996',1,'04'),(13,'2019te','s5gq8yc0gjq1d7ppov2wj','2019-05-27 22:18:24.526842',1,'04'),(14,'2019TE','nl372o72w83s7hqpua0p6','2019-05-27 22:18:25.676747',1,'04'),(15,'2019tTE','06p11rjf3byo4zoz3jbacc9','2019-05-27 22:18:26.638940',1,'04'),(16,'2019TE','2qsdcfvsl6qv2rcgfeag7q','2019-05-27 22:18:29.898244',1,'04'),(17,'2019TE','79dajxewlssvbr92j09obb','2019-05-27 22:18:31.868358',1,'04'),(18,'2019TE','rc64pb4u3ze3xtu2xmwy1b','2019-05-27 22:18:32.813864',1,'04'),(19,'2019TE','o2yc2dmx0jf18rbtyuqp7','2019-05-27 22:18:44.913171',1,'04'),(20,'2019TE','0xuzhj1sn6b9zcl0x9i5ug','2019-05-27 22:19:08.072097',1,'04'),(21,'2019te','35usi5dki3wc18pw361enl','2019-05-27 22:19:49.710451',1,'04'),(22,'2019TE','o01rdvdgkk44s7b4o2c5v','2019-05-27 22:20:43.181920',1,'04'),(23,'2019TE','villz66s640cp9xd5dy0vc','2019-05-27 22:20:43.183218',1,'04'),(24,'2019TE','oq8rcokmv3xumycf9p95i','2019-05-27 22:20:49.204202',1,'04'),(25,'2019TE','cppkjbquiodr3ndqw9r0a','2019-05-27 22:21:03.881408',1,'04'),(26,'2019TE','x7if88h3yxb8cau3pnq69m','2019-05-27 22:21:11.645242',1,'04'),(27,'2019TE','rckmgb6defbco4tcf8qenf','2019-05-27 22:21:14.597604',1,'04'),(28,'2019TE','lxqccso3y8p9nnh00wsj','2019-05-27 22:22:31.231789',1,'04'),(29,'2019TE','0e4yfx1ex0fdsftw476ysv8','2019-05-27 22:23:45.510508',1,'10'),(30,'2019TE','h1823qb7ric0u56gms62s','2019-05-27 22:23:59.772647',1,'10'),(31,'2019TE','iuw6rgqkytpgw1d4zcj2zc','2019-05-27 22:24:08.790518',1,'10'),(32,'2019TE','ccamxh7ro9wshkzeilai8k','2019-05-27 22:24:32.550027',1,'04'),(33,'2019TE','ovluui4ljjrdvkarscbbl6','2019-05-27 22:24:35.832588',1,'04'),(34,'2019','0bc8ab27zp9i3v0pu5h4xhg','2019-05-27 22:24:42.230509',1,'04'),(35,'2019TE','50e1dtutasr89wn5omlzmk','2019-05-27 22:24:51.631273',1,'04'),(36,'2019TE','b845m08445r9dnri7gjw2i','2019-05-27 22:25:06.793410',1,'10'),(37,'2019TE','7q2azqz66fqrz21uq3qq4b','2019-05-27 22:25:28.661662',1,'11'),(38,'2019TE','owexw9mienkrxl2eckn0fl','2019-05-27 22:25:36.954368',1,'04'),(39,'2019TE','1h32lgwnk1r7mtfoc68ac6','2019-05-27 22:26:11.688358',1,'10'),(40,'2019TE','fmrggqny68hs4pmaini7','2019-05-27 22:34:20.650952',1,'10'),(41,'2019te','dwdihwm19aru2scdbwxpx','2019-05-27 22:42:45.785559',1,'11'),(42,'2019TE','rzguek3ghus5io6ue72b8d','2019-05-27 22:46:36.964203',1,'11'),(43,'2019TE','f6cdpqyeju92vlan614jpd','2019-05-27 22:49:08.097411',1,'07'),(44,'2019TE','4hcbfi7snz2n5exq0klci','2019-05-27 22:49:12.139867',1,'04'),(45,'2019 TE','yad76u8g2ymq6mkrnpbzmo','2019-05-27 22:49:23.515808',1,'07'),(46,'2019 TE','fai4hpxaoilk7bnzm5cv3a','2019-05-27 22:50:01.877022',1,'07'),(47,'2019TE','hbcoskbyhmu9u70cgu3fev','2019-05-27 22:50:05.332355',1,'07'),(48,'2019TE','r0i4sr7q035wmjhzzwcwh650cn','2019-05-27 22:50:28.187816',1,'07'),(49,'2019TE','8jziimpck684n45w3s27m','2019-05-27 22:51:17.636973',1,'07'),(50,'2019TE','f0dz84br32hl4r3vpfrh1f','2019-05-27 22:51:26.435159',1,'07'),(51,'2019TE','c1ra1rtn3xgwymzvqm7oa','2019-05-27 22:51:28.431433',1,'07'),(52,'2019TE','38n3qzxrqfes73pt1a3ah','2019-05-27 22:51:30.061992',1,'07'),(53,'2019TE','b70u1mm8dmaepzznax6ff','2019-05-27 22:51:37.242527',1,'07'),(54,'2019TE','a5nstod1j9hollz00jhij9','2019-05-27 22:51:58.498464',1,'07'),(55,'2019TE','taj89roi4giafmrc3i1y','2019-05-27 22:52:18.724531',1,'07'),(56,'2019TE','ogss70dji383clfe1i3lf','2019-05-27 22:53:00.165803',1,'07'),(57,'2019TE','t29kulrfjod53lh32pmc8','2019-05-27 22:53:42.740389',1,'07'),(58,'2019TE','zstxc61vmmr4zdde1jfhzk','2019-05-27 22:53:45.577514',1,'07'),(59,'2019TE','cdib7i62omw6fkaguq49cm','2019-05-27 22:53:46.735268',1,'07'),(60,'2019 TE','kft3vwoear8nn9bz5f73g','2019-05-27 22:54:05.761849',1,'07'),(61,'2019TE','a6rt3nlzua8p1lqs2xob','2019-05-27 22:54:09.761311',1,'07'),(62,'2019TE','45p311iwa3v1y87fylo1o3','2019-05-27 22:54:12.360503',1,'07'),(63,'2019TE','5m02lembu5us8loja00l2k','2019-05-27 22:54:18.519543',1,'07'),(64,'2019 TE','t9tnu7id5eev78rx7x8h1f','2019-05-27 22:54:23.248907',1,'07'),(65,'2019TE','d219kkd5vdc5wm8b8vbrzu','2019-05-27 22:54:24.451463',1,'07'),(66,'2019TE','oz76grpzwahyryl99kde','2019-05-27 22:55:00.728418',1,'07'),(67,'2019TE','a3951gtpznsep10nw4cl35','2019-05-27 22:55:18.141509',1,'07'),(68,'2019TE','exojcu1bsyjve59oqjddbs','2019-05-27 22:56:02.471061',1,'07'),(69,'2019TE','1u0fjq0ynzh0kdymhhxtumkeuq','2019-05-27 22:56:10.780879',1,'07'),(70,'2019TE','jxkancfsqdnpwmkj3n6vyk','2019-05-27 22:56:15.176524',1,'07'),(71,'2019TE','4eeebz3tqmuwu6yumg0tmg','2019-05-27 22:56:28.655127',1,'07'),(72,'2019TE','4eeebz3tqmuwu6yumg0tmg','2019-05-27 22:56:28.866579',1,'07'),(73,'2019TE','ynf75q0f1si8cw4vg6xvbp','2019-05-27 22:56:29.851524',1,'07'),(74,'2019TE','4eeebz3tqmuwu6yumg0tmg','2019-05-27 22:56:30.783827',1,'07'),(75,'2019TE','s0zpyrvpaanwqvsotkgth','2019-05-27 22:56:33.198676',1,'07'),(76,'2019TE','k16zfvt8mvk5nbm6xbtlca','2019-05-27 22:56:49.002706',1,'06'),(77,'2019TE','h601cne7jsdkgh2elleru','2019-05-27 22:57:03.938615',1,'07'),(78,'2019TE','h601cne7jsdkgh2elleru','2019-05-27 22:57:04.724920',1,'07'),(79,'2019TE','spzu4nof6fhqz7c4g6ciu8','2019-05-27 22:57:11.993000',1,'07'),(80,'2019TE','98m1xa23a551oq9qfg6yn','2019-05-27 22:57:40.972627',1,'07'),(81,'2019TE','s36qu4o7r7qaaow4s8e8d','2019-05-27 22:57:48.413064',1,'07'),(82,'2019TE','s36qu4o7r7qaaow4s8e8d','2019-05-27 22:57:48.502763',1,'07'),(83,'2019TE','s36qu4o7r7qaaow4s8e8d','2019-05-27 22:57:49.070713',1,'07'),(84,'2019TE','s36qu4o7r7qaaow4s8e8d','2019-05-27 22:57:49.281160',1,'07'),(85,'2019TE','sy0svm1ft576b761fuebmh','2019-05-27 22:58:00.069650',1,'07'),(86,'2019TE','1ttl9uipgwy6a4713nyzos','2019-05-27 22:58:00.628350',1,'07'),(87,'2019TE','jobjpl7d91jv9m81n9v4sb','2019-05-27 22:58:01.613403',1,'07'),(88,'2019TE','cikrik9y5d5au5kwj3wnfq','2019-05-27 22:58:35.558414',1,'07'),(89,'2019TE','n14usr79oqu8x6u0nz1xb','2019-05-27 22:58:41.870860',1,'07'),(90,'2019TE','q73nfofk5zo1w2dzs7m53o','2019-05-27 22:58:55.095638',1,'07'),(91,'2019TE','mfb1vg0y0h9hkb1t5ylkfs','2019-05-27 22:59:03.471462',1,'07'),(92,'2019TE','wb4glpq825ry0xvrowts4g','2019-05-27 22:59:42.032422',1,'07'),(93,'2019TE','0z77co8bgixryn60vqmoyfb','2019-05-27 23:00:29.593252',1,'07'),(94,'2019TE','0z77co8bgixryn60vqmoyfb','2019-05-27 23:00:29.696832',1,'07'),(95,'2019TE','0z77co8bgixryn60vqmoyfb','2019-05-27 23:00:29.861514',1,'07'),(96,'2019TE','0z77co8bgixryn60vqmoyfb','2019-05-27 23:00:29.931409',1,'07'),(97,'2019TE','0qahsnz968sbru67r5oybl3ow2','2019-05-27 23:00:33.920895',1,'07'),(98,'2019TE','imr18ahc37f7xctcd47l43','2019-05-27 23:01:08.781069',1,'07'),(99,'2019TE','5zfh5s62lhw5h3u9oed5f','2019-05-27 23:01:35.949545',1,'07'),(100,'2019TE','z6ye8d957km8ks0zr8bfid','2019-05-27 23:02:32.069860',1,'07'),(101,'2019TE','oqthu66uh488x2hm2b0tce','2019-05-27 23:02:45.470031',1,'07'),(102,'2019TE','avwcqzsdyujnkrelioqe','2019-05-27 23:02:47.439463',1,'07'),(103,'2019TE','tr35lxqzx9pv0psvtsgx','2019-05-27 23:04:09.836607',1,'07'),(104,'2019TE','2kmfmz620uybghprg1aqk','2019-05-27 23:05:00.319879',1,'07'),(105,'2019TE','0z77co8bgixryn60vqmoyfb','2019-05-27 23:05:11.014328',1,'07'),(106,'2019TE','0z77co8bgixryn60vqmoyfb','2019-05-27 23:05:11.015476',1,'07'),(107,'2019TE','0z77co8bgixryn60vqmoyfb','2019-05-27 23:05:11.105674',1,'07'),(108,'2019TE','0z77co8bgixryn60vqmoyfb','2019-05-27 23:05:11.312670',1,'07'),(109,'2019TE','0z77co8bgixryn60vqmoyfb','2019-05-27 23:05:12.036724',1,'07'),(110,'2019TE','0z77co8bgixryn60vqmoyfb','2019-05-27 23:05:12.038019',1,'07'),(111,'2019TE','0z77co8bgixryn60vqmoyfb','2019-05-27 23:05:12.087394',1,'07'),(112,'2019TE','0z77co8bgixryn60vqmoyfb','2019-05-27 23:05:12.120989',1,'07'),(113,'2019TE','akw4aooko5rds12m8oxzm','2019-05-27 23:05:21.157684',1,'06'),(114,'2019TE','chuhk8o5w6tzmrjvvoeqg','2019-05-27 23:06:50.636838',1,'07'),(115,'2019TE','hz3tevk3zd571t2qr5ocu4','2019-05-27 23:06:53.283529',1,'07'),(116,'2019TE','chuhk8o5w6tzmrjvvoeqg','2019-05-27 23:06:53.893661',1,'07'),(117,'2019TE','chuhk8o5w6tzmrjvvoeqg','2019-05-27 23:06:55.433638',1,'07'),(118,'2019TE','chuhk8o5w6tzmrjvvoeqg','2019-05-27 23:06:57.318845',1,'07'),(119,'2019TE','chuhk8o5w6tzmrjvvoeqg','2019-05-27 23:06:57.810009',1,'07'),(120,'2019TE','8qakb9t2f376j3amvc84u5','2019-05-27 23:07:16.418476',1,'07'),(121,'2019TE','8qrzt5nq7dryxylse3zkb','2019-05-27 23:08:05.967186',1,'07'),(122,'2019TE','cfnidoamsus7yu2cbd5y','2019-05-27 23:08:08.362465',1,'06'),(123,'2019TE','cfnidoamsus7yu2cbd5y','2019-05-27 23:08:15.134318',1,'06'),(124,'2019TE','cfnidoamsus7yu2cbd5y','2019-05-27 23:08:15.676052',1,'06'),(125,'2019TE','voq17liibbcucrngppjueo','2019-05-27 23:08:20.032911',1,'07'),(126,'2019TE','zvkp0mvyazo7ygbumrsfh','2019-05-27 23:08:22.785421',1,'07'),(127,'2019TE','cfnidoamsus7yu2cbd5y','2019-05-27 23:08:22.924681',1,'06'),(128,'2019TE','rx7giwf49nhnrbh7mjiv','2019-05-27 23:08:37.936809',1,'06'),(129,'2019TE','rx7giwf49nhnrbh7mjiv','2019-05-27 23:08:38.306271',1,'06'),(130,'2019TE','rx7giwf49nhnrbh7mjiv','2019-05-27 23:08:38.606584',1,'06'),(131,'2019TE','rx7giwf49nhnrbh7mjiv','2019-05-27 23:08:39.144957',1,'06'),(132,'2019TE','dgcncarpqzajf3vaaxhc','2019-05-27 23:08:51.546686',1,'07'),(133,'2019TE','509cul30xguvek9inkz8','2019-05-27 23:09:27.308413',1,'07'),(134,'2019TE','509cul30xguvek9inkz8','2019-05-27 23:09:27.803343',1,'07'),(135,'2019TE','509cul30xguvek9inkz8','2019-05-27 23:09:27.873561',1,'07'),(136,'2019TE','509cul30xguvek9inkz8','2019-05-27 23:09:27.873763',1,'07'),(137,'2019TE','pf5izu39vrqgd99dmhcacq','2019-05-27 23:09:40.328366',1,'07'),(138,'2019TE','six8in17l84o4ya0mub2u','2019-05-27 23:09:46.270049',1,'07'),(139,'2019TE','ezh43kvy6upzgbl0gwo0ge','2019-05-27 23:11:08.498608',1,'07'),(140,'2019TE','5aomobcbs1uvk1ibnbikt','2019-05-27 23:11:09.358122',1,'07'),(141,'2019TE','gxr3sbogebqfasw6goev','2019-05-27 23:12:04.931177',1,'07'),(142,'2019TE','44b9v6eogqk1lnbylt0z0d','2019-05-27 23:12:48.510880',1,'07'),(143,'2019TE','dawpivqmlw5opxk040m55h','2019-05-27 23:13:33.512114',1,'11'),(144,'2019TE','zeuh5nrblimmvo6e3mgk5e','2019-05-27 23:14:06.240415',1,'07'),(145,'2019te','cm5kgbo4iot6c7oowmk8hq','2019-05-27 23:15:28.408432',1,'11'),(146,'2019TE','55jor8raa23u4ordjngpug','2019-05-27 23:16:03.152569',1,'07'),(147,'2019TE','6tff6p7afb0a5343jf33f9','2019-05-27 23:16:17.126437',1,'07'),(148,'2019TE','xyq4lenlsz8kogognyjkm','2019-05-27 23:17:10.645891',1,'10'),(149,'2019TE','b37kjkuwdxsfmzcd3asvi','2019-05-27 23:17:14.128323',1,'07'),(150,'2019TE','1058iud6pwtlvs89pug0ct','2019-05-27 23:17:38.657196',1,'11'),(151,'2019TE','rh7de2zqk9kbi8vdipwwln','2019-05-27 23:18:03.206741',1,'06'),(152,'2019TE','nmph31y3sp8tuc76zneiur','2019-05-27 23:18:19.002376',1,'06'),(153,'2019TE','nmph31y3sp8tuc76zneiur','2019-05-27 23:18:19.003532',1,'06'),(154,'2019TE','nmph31y3sp8tuc76zneiur','2019-05-27 23:18:19.059001',1,'06'),(155,'2019TE','nmph31y3sp8tuc76zneiur','2019-05-27 23:18:19.100799',1,'06'),(156,'2019TE','nmph31y3sp8tuc76zneiur','2019-05-27 23:18:19.144917',1,'06'),(157,'2019TE','nmph31y3sp8tuc76zneiur','2019-05-27 23:18:19.202017',1,'06'),(158,'2019TD','nmph31y3sp8tuc76zneiur','2019-05-27 23:18:19.260285',1,'06'),(159,'2019TE','8yn3wyow7kph1v1m8qzyy','2019-05-27 23:18:29.524386',1,'11'),(160,'2019TE','g4345f7bnnpep08ns18p1','2019-05-27 23:18:32.104760',1,'07'),(161,'2019te','w6h5b61j5qlrqbka139bo','2019-05-27 23:20:13.391528',1,'11'),(162,'2019TE','85iqhi5lkhaozfzvnvurph','2019-05-27 23:20:53.605073',1,'07'),(163,'2019te','sv8laapga438f0f8nptfi','2019-05-27 23:21:28.740830',1,'11'),(164,'2019te','x308g668df9ji6k9myadsi','2019-05-27 23:22:17.496490',1,'11'),(165,'2019te','s5nnjfazgrkw22d28tewja','2019-05-27 23:22:38.819068',1,'11'),(166,'2019TE','0bj016uqncwcehhzcdy4pz','2019-05-27 23:22:43.880228',1,'07'),(167,'2019TE','fjeckesjtyc88uzg158asx','2019-05-27 23:24:03.038007',1,'05'),(168,'2019TE','zhiedvyb84qttv3hf6dm','2019-05-27 23:24:36.487941',1,'07'),(169,'2019TE','3oyn0wx01s65cxlumh0zxq','2019-05-27 23:24:40.055546',1,'07'),(170,'2019TE','biwaruesqcbz831pjznsi','2019-05-27 23:25:34.281416',1,'02'),(171,'2019TE','i71gsx6nix7mi915h8tn3','2019-05-27 23:28:00.811792',1,'07'),(172,'2019TE','4gtq0vfsj4rkiq2pdwsqna','2019-05-27 23:28:12.412625',1,'02'),(173,'2019TE','2y8tfkf1h8yx2s7t8xfxr','2019-05-27 23:28:47.174802',1,'07'),(174,'2019TE','xy3arythy4oo71tbse3b6','2019-05-27 23:29:42.487258',1,'05'),(175,'2019TE','jxipectotqdh8zcmambhi','2019-05-27 23:29:42.544980',1,'05'),(176,'2019TE','puhgmm0yhtf0nd5et8e72rb','2019-05-27 23:29:42.960036',1,'05'),(177,'2019TE','83q1zd40n9sdemv3pv7swc','2019-05-27 23:29:43.658602',1,'05'),(178,'2019TE','re5dhziu1kk7cx3o3gbvp6','2019-05-27 23:29:43.961848',1,'05'),(179,'2019TE','srelwu67o28rk7zgoz2nn','2019-05-27 23:29:44.677423',1,'05'),(180,'2019TE','g0linzytwnmr1hmwlq28rj','2019-05-27 23:29:46.068959',1,'05'),(181,'2019TE','mv61taqc10isk8gsae7bi','2019-05-27 23:29:54.261688',1,'05'),(182,'2019TE','ey0si2e0q2se1txxybsbdp','2019-05-27 23:29:58.717287',1,'05'),(183,'2019TE','ljwnmwa4wve31m8dhz99r','2019-05-27 23:30:07.079394',1,'05'),(184,'2019TE','kf21yhompat1wpf9krrwq','2019-05-27 23:30:22.907605',1,'05'),(185,'2019TE','cs7fs82ilqsp3o5v1hu6mo','2019-05-27 23:30:24.628457',1,'05'),(186,'2019TE','2bmcbjl4qk2zh4emtdz1c9','2019-05-27 23:30:25.255858',1,'05'),(187,'2019TE','fgiihw8o49usnlnlbgnkg','2019-05-27 23:30:25.814081',1,'05'),(188,'2019TE','1m4e9gqfax7iwt92cy9nayn','2019-05-27 23:30:25.874366',1,'02'),(189,'2019TE','vi9klood97lpen8j79xd9e','2019-05-27 23:30:26.840135',1,'05'),(190,'2019TE','ohdhaty3inqddezhqj58di','2019-05-27 23:30:27.924152',1,'05'),(191,'2019TE','ihdzh42rygozwr1qxcvs','2019-05-27 23:30:28.620234',1,'05'),(192,'2019TE','blpxana113cb1974u7h1o','2019-05-27 23:30:31.449813',1,'05'),(193,'2019TE','ozu15b9sm8o1vspsmz11vm','2019-05-27 23:30:32.768488',1,'05'),(194,'2019TE','ai23qmp79a4ubugq5aiomo','2019-05-27 23:30:33.819537',1,'05'),(195,'2019TE','p5zimbgh2ddfdi83wwrgf','2019-05-27 23:30:34.326064',1,'05'),(196,'2019TE','30olu1js705fp0hxyl9de4','2019-05-27 23:30:43.791130',1,'05'),(197,'2019TE','5gn2ijtj5vxy6lrtgl512p','2019-05-27 23:30:45.684111',1,'05'),(198,'2019TE','rm6iywn1sxo28wt4euz005','2019-05-27 23:30:46.697611',1,'05'),(199,'2019TE','q3d3d6ldynnggh9o9em1zd','2019-05-27 23:32:03.274704',1,'02'),(200,'2019TE','9rym39megadx0jgb8scce','2019-05-27 23:34:21.956840',1,'05'),(201,'2019TE','tgu8au4njwop5569y1svze','2019-05-27 23:37:11.997500',1,'06'),(202,'2019TE','ej462z8pbtgwxhfp2orpf','2019-05-27 23:37:39.867767',1,'07'),(203,'2019TE','mp0aj2o5vk22mtgr4haoh','2019-05-27 23:38:10.442159',1,'02'),(204,'2019TE','1zamc932zgnzphbmees2l','2019-05-27 23:44:30.906386',1,'02'),(205,'2019TE','ac9owru8hw8l9j0fo3hzdc','2019-05-27 23:45:28.302908',1,'07'),(206,'2019TE','gxjy7t7i0t02qda9i2vo8','2019-05-27 23:46:53.416109',1,'06'),(207,'2019TE','izawccrhdhgc38cncvpzrf','2019-05-27 23:48:46.351383',1,'06'),(208,'2019TE','lsfw3dewzgs5tge10jmgx4','2019-05-27 23:49:54.141872',1,'06'),(209,'2019TE','1by9y0nmhe3uxtbqvdnjl8','2019-05-27 23:50:12.546767',1,'06'),(210,'2019TE','ndjjd8ac6i960feklx0zb','2019-05-27 23:50:14.888657',1,'06'),(211,'2029te','csc9ovbvx5mevw9wu0txg','2019-05-27 23:50:33.100717',1,'06'),(212,'2019TE','o07zay4l0k4o063wjc6ua','2019-05-27 23:50:45.159043',1,'06'),(213,'2019TE','hh61y2jt2cc2zpv0h0976g','2019-05-27 23:50:55.249284',1,'06'),(214,'2019TE','gusomsa7rdg2ln4adfx37z','2019-05-27 23:50:59.736724',1,'06'),(215,'2019TE','5mpi33fk5rct4dlu6833y','2019-05-27 23:51:34.908315',1,'06'),(216,'2019TE','5mpi33fk5rct4dlu6833y','2019-05-27 23:51:36.109591',1,'06'),(217,'2019TE','5ldo5yrq41fm21bwikv1h','2019-05-27 23:51:39.197050',1,'06'),(218,'2019TE','5at8gbvokxjp7eiddrco2f','2019-05-27 23:51:40.075158',1,'06'),(219,'2019TE','3j86pzq5j2cl93zvi1cdb','2019-05-27 23:52:15.549028',1,'06'),(220,'2019TE','xvimfdeudvq4sx5wyayd93','2019-05-27 23:52:52.868440',1,'06'),(221,'2019TE','6zy63vuejp5u7iqwrow53','2019-05-27 23:52:56.731091',1,'05'),(222,'2019TE','hva7rfg41h4xlq511vcqs9','2019-05-27 23:52:58.047791',1,'05'),(223,'2019TE','6y4s7e3l88vhb3gttlpinr','2019-05-27 23:53:05.496476',1,'05'),(224,'2019TE','j9xwdehoy7j3k6sg0llzs','2019-05-27 23:53:06.050330',1,'06'),(225,'2019TE','on09d5bnfjrvtwaz03tylm','2019-05-27 23:53:09.827843',1,'05'),(226,'2019TE','pgek4tgfoknn36rwdrgreo','2019-05-27 23:53:13.023042',1,'05'),(227,'2019TE','x93e3opogui3ydmm1ieup5','2019-05-27 23:53:14.146463',1,'05'),(228,'2019TE','6y4s7e3l88vhb3gttlpinr','2019-05-27 23:53:14.186693',1,'05'),(229,'2019TE','6y4s7e3l88vhb3gttlpinr','2019-05-27 23:53:14.190628',1,'05'),(230,'2019TE','ewvl3ipn6n9c31g1zdpxme','2019-05-27 23:53:15.910022',1,'05'),(231,'2019TE','zuentzjz6tgk7bjl3vgef','2019-05-27 23:53:19.459014',1,'05'),(232,'2019TE','j6uv2eygtnihy6msk5epp','2019-05-27 23:53:21.940302',1,'05'),(233,'2019TE','adfqrcdr4ce44o4mvtgek','2019-05-27 23:53:35.190078',1,'05'),(234,'2019TE','aqtiju54yswxd6sc8qb5r','2019-05-27 23:54:07.448685',1,'06'),(235,'2019te','9fv2t2014i94qd69vfjut6','2019-05-27 23:54:22.981498',1,'05'),(236,'2019te','9fv2t2014i94qd69vfjut6','2019-05-27 23:54:22.982652',1,'05'),(237,'2019te','9fv2t2014i94qd69vfjut6','2019-05-27 23:54:23.024315',1,'05'),(238,'2019TE','adfqrcdr4ce44o4mvtgek','2019-05-27 23:54:25.024156',1,'05'),(239,'2019TE','adfqrcdr4ce44o4mvtgek','2019-05-27 23:54:25.022758',1,'05'),(240,'2019TE','adfqrcdr4ce44o4mvtgek','2019-05-27 23:54:26.499827',1,'05'),(241,'2019TE','6p85pjf1xd9bddyyrcoqg7','2019-05-27 23:54:26.590295',1,'05'),(242,'2019TE','adfqrcdr4ce44o4mvtgek','2019-05-27 23:54:26.926074',1,'05'),(243,'2019TE','vmi74wlu73mr47ow0holmg','2019-05-27 23:54:27.246558',1,'05'),(244,'2019te','9fv2t2014i94qd69vfjut6','2019-05-27 23:54:27.355718',1,'05'),(245,'2019te','9fv2t2014i94qd69vfjut6','2019-05-27 23:54:27.458828',1,'05'),(246,'2019te','9fv2t2014i94qd69vfjut6','2019-05-27 23:54:27.550486',1,'05'),(247,'2019TE','6p85pjf1xd9bddyyrcoqg7','2019-05-27 23:54:27.816903',1,'05'),(248,'2019TE','6p85pjf1xd9bddyyrcoqg7','2019-05-27 23:54:27.949578',1,'05'),(249,'2019TE','6p85pjf1xd9bddyyrcoqg7','2019-05-27 23:54:28.099487',1,'05'),(250,'2019TE','6p85pjf1xd9bddyyrcoqg7','2019-05-27 23:54:28.229368',1,'05'),(251,'2019te','9fv2t2014i94qd69vfjut6','2019-05-27 23:54:28.304601',1,'05'),(252,'2019TE','6p85pjf1xd9bddyyrcoqg7','2019-05-27 23:54:28.443724',1,'05'),(253,'2019te','9fv2t2014i94qd69vfjut6','2019-05-27 23:54:28.691758',1,'05'),(254,'2019te','9fv2t2014i94qd69vfjut6','2019-05-27 23:54:28.776960',1,'05'),(255,'2019TE','6p85pjf1xd9bddyyrcoqg7','2019-05-27 23:54:28.862305',1,'05'),(256,'2019TE','6p85pjf1xd9bddyyrcoqg7','2019-05-27 23:54:28.949725',1,'05'),(257,'2019TE','adfqrcdr4ce44o4mvtgek','2019-05-27 23:54:29.041935',1,'05'),(258,'2019TE','adfqrcdr4ce44o4mvtgek','2019-05-27 23:54:29.141578',1,'05'),(259,'2019TE','adfqrcdr4ce44o4mvtgek','2019-05-27 23:54:29.283769',1,'05'),(260,'2019TE','adfqrcdr4ce44o4mvtgek','2019-05-27 23:54:29.384415',1,'05'),(261,'2019te','9fv2t2014i94qd69vfjut6','2019-05-27 23:54:29.496490',1,'05'),(262,'2019te','9fv2t2014i94qd69vfjut6','2019-05-27 23:54:29.644406',1,'05'),(263,'2019te','9fv2t2014i94qd69vfjut6','2019-05-27 23:54:29.732712',1,'05'),(264,'2019te','9fv2t2014i94qd69vfjut6','2019-05-27 23:54:30.600501',1,'05'),(265,'2019te','9fv2t2014i94qd69vfjut6','2019-05-27 23:54:30.650338',1,'05'),(266,'2019TE','9fv2t2014i94qd69vfjut6','2019-05-27 23:54:30.700045',1,'05'),(267,'2019TE','9fv2t2014i94qd69vfjut6','2019-05-27 23:54:31.484958',1,'05'),(268,'2019TE','9fv2t2014i94qd69vfjut6','2019-05-27 23:54:31.550380',1,'05'),(269,'2019TE','9fv2t2014i94qd69vfjut6','2019-05-27 23:54:31.592453',1,'05'),(270,'2019TE','9fv2t2014i94qd69vfjut6','2019-05-27 23:54:31.656934',1,'05'),(271,'2019TE','9fv2t2014i94qd69vfjut6','2019-05-27 23:54:31.682604',1,'05'),(272,'2019TE','9fv2t2014i94qd69vfjut6','2019-05-27 23:54:32.065815',1,'05'),(273,'2019TE','9fv2t2014i94qd69vfjut6','2019-05-27 23:54:32.067212',1,'05'),(274,'2019TE','9fv2t2014i94qd69vfjut6','2019-05-27 23:54:32.125231',1,'05'),(275,'2019TE','9fv2t2014i94qd69vfjut6','2019-05-27 23:54:33.955337',1,'05'),(276,'2019TE','9fv2t2014i94qd69vfjut6','2019-05-27 23:54:33.956470',1,'05'),(277,'2019TE','9fv2t2014i94qd69vfjut6','2019-05-27 23:54:34.374618',1,'05'),(278,'2019TE','9fv2t2014i94qd69vfjut6','2019-05-27 23:54:34.486827',1,'05'),(279,'2019TE','mghfdfcanw8ch3xd0ffep','2019-05-27 23:54:46.024098',1,'05'),(280,'2019TE','9fv2t2014i94qd69vfjut6','2019-05-27 23:54:49.010715',1,'05'),(281,'2019TE','9fv2t2014i94qd69vfjut6','2019-05-27 23:54:49.186727',1,'05'),(282,'2019TE','9fv2t2014i94qd69vfjut6','2019-05-27 23:54:49.371911',1,'05'),(283,'2019TE','mrj68rua4wnnl1avvwn6r','2019-05-27 23:54:51.436145',1,'06'),(284,'2019TE','mghfdfcanw8ch3xd0ffep','2019-05-27 23:54:52.025308',1,'05'),(285,'2018TE','aisc3s3wko6ccwoozbj3na','2019-05-27 23:54:55.248877',1,'06'),(286,'2019TE','xu09exju3sht3u97mh2aj','2019-05-27 23:55:10.712500',1,'06'),(287,'2019TE','mghfdfcanw8ch3xd0ffep','2019-05-27 23:55:16.539797',1,'05'),(288,'2019TE','adfqrcdr4ce44o4mvtgek','2019-05-27 23:55:17.206791',1,'05'),(289,'2019TE','adfqrcdr4ce44o4mvtgek','2019-05-27 23:55:17.208841',1,'05'),(290,'2019TE','adfqrcdr4ce44o4mvtgek','2019-05-27 23:55:17.389358',1,'05'),(291,'2019TE','adfqrcdr4ce44o4mvtgek','2019-05-27 23:55:17.431565',1,'05'),(292,'2019TE','adfqrcdr4ce44o4mvtgek','2019-05-27 23:55:17.892713',1,'05'),(293,'2019TE','adfqrcdr4ce44o4mvtgek','2019-05-27 23:55:17.895805',1,'05'),(294,'2019TE','adfqrcdr4ce44o4mvtgek','2019-05-27 23:55:17.937449',1,'05'),(295,'2019TE','adfqrcdr4ce44o4mvtgek','2019-05-27 23:55:17.972247',1,'05'),(296,'2019te','2epnpg82ylnaeheyt3z81','2019-05-27 23:55:18.038476',1,'05'),(297,'2019te','2epnpg82ylnaeheyt3z81','2019-05-27 23:55:18.096966',1,'05'),(298,'2019te','2epnpg82ylnaeheyt3z81','2019-05-27 23:55:18.163732',1,'05'),(299,'2019te','2epnpg82ylnaeheyt3z81','2019-05-27 23:55:18.197148',1,'05'),(300,'2019TE','adfqrcdr4ce44o4mvtgek','2019-05-27 23:55:18.230077',1,'05'),(301,'2019TE','adfqrcdr4ce44o4mvtgek','2019-05-27 23:55:18.270784',1,'05'),(302,'2019TE','adfqrcdr4ce44o4mvtgek','2019-05-27 23:55:18.639186',1,'05'),(303,'2019TE','adfqrcdr4ce44o4mvtgek','2019-05-27 23:55:18.805329',1,'05'),(304,'2019te','2epnpg82ylnaeheyt3z81','2019-05-27 23:55:18.947738',1,'05'),(305,'2019te','2epnpg82ylnaeheyt3z81','2019-05-27 23:55:19.258361',1,'05'),(306,'2019te','2epnpg82ylnaeheyt3z81','2019-05-27 23:55:19.351321',1,'05'),(307,'2019TE','adfqrcdr4ce44o4mvtgek','2019-05-27 23:55:19.444818',1,'05'),(308,'2019TE','adfqrcdr4ce44o4mvtgek','2019-05-27 23:55:19.513792',1,'05'),(309,'2019TE','adfqrcdr4ce44o4mvtgek','2019-05-27 23:55:19.546939',1,'05'),(310,'2019TE','adfqrcdr4ce44o4mvtgek','2019-05-27 23:55:19.580024',1,'05'),(311,'2019TE','adfqrcdr4ce44o4mvtgek','2019-05-27 23:55:19.725878',1,'05'),(312,'2019TE','adfqrcdr4ce44o4mvtgek','2019-05-27 23:55:19.727021',1,'05'),(313,'2019TE','adfqrcdr4ce44o4mvtgek','2019-05-27 23:55:19.829729',1,'05'),(314,'2019TE','adfqrcdr4ce44o4mvtgek','2019-05-27 23:55:19.980004',1,'05'),(315,'2019TE','adfqrcdr4ce44o4mvtgek','2019-05-27 23:55:20.173337',1,'05'),(316,'2019TE','adfqrcdr4ce44o4mvtgek','2019-05-27 23:55:20.264399',1,'05'),(317,'2019TE','adfqrcdr4ce44o4mvtgek','2019-05-27 23:55:20.588432',1,'05'),(318,'2019TE','adfqrcdr4ce44o4mvtgek','2019-05-27 23:55:20.696766',1,'05'),(319,'2019TE','adfqrcdr4ce44o4mvtgek','2019-05-27 23:55:20.762949',1,'05'),(320,'2019TE','adfqrcdr4ce44o4mvtgek','2019-05-27 23:55:21.037843',1,'05'),(321,'2019TE','adfqrcdr4ce44o4mvtgek','2019-05-27 23:55:21.039009',1,'05'),(322,'2019TE','adfqrcdr4ce44o4mvtgek','2019-05-27 23:55:21.246367',1,'05'),(323,'2019TE','adfqrcdr4ce44o4mvtgek','2019-05-27 23:55:21.442133',1,'05'),(324,'2019TE','adfqrcdr4ce44o4mvtgek','2019-05-27 23:55:22.274268',1,'05'),(325,'2019TE','adfqrcdr4ce44o4mvtgek','2019-05-27 23:55:24.305229',1,'05'),(326,'2019te','961un3fwi3qcshjeb84ngd','2019-05-27 23:55:40.222517',1,'05'),(327,'2019TE','vfsg4l2f4tlgetwxalnxq','2019-05-27 23:55:42.957843',1,'05'),(328,'2019TE','j7mdji9vb7j66ofl941p','2019-05-27 23:56:34.357346',1,'05'),(329,'2018TE','2dj5b4jwsnzglknmq51ksw','2019-05-27 23:56:39.517218',1,'05'),(330,'2018TE','2dj5b4jwsnzglknmq51ksw','2019-05-27 23:56:43.682997',1,'05'),(331,'2019TE','4eef38r7lb38imojudegem','2019-05-27 23:56:44.934431',1,'07'),(332,'2019TE','4eef38r7lb38imojudegem','2019-05-27 23:56:45.074291',1,'07'),(333,'2019TE','4eef38r7lb38imojudegem','2019-05-27 23:56:45.184318',1,'07'),(334,'2019TE','4eef38r7lb38imojudegem','2019-05-27 23:56:45.784574',1,'07'),(335,'2018TE','2dj5b4jwsnzglknmq51ksw','2019-05-27 23:56:45.791810',1,'05'),(336,'2019TE','4eef38r7lb38imojudegem','2019-05-27 23:56:46.101125',1,'07'),(337,'2019TE','4eef38r7lb38imojudegem','2019-05-27 23:56:46.104368',1,'07'),(338,'2019TE','4eef38r7lb38imojudegem','2019-05-27 23:56:46.279631',1,'07'),(339,'2019TE','ktnz2zs70niw951lutkznr','2019-05-27 23:56:52.380601',1,'05'),(340,'2019TE','78r9nvg4ghyavn9uvqfasq','2019-05-27 23:57:14.732152',1,'05'),(341,'2019TE','57kw0yab16bsden9xwmzud','2019-05-27 23:57:18.788098',1,'05'),(342,'2019TE','6y82jusmyuy5m56eaialry','2019-05-27 23:57:32.460753',1,'05'),(343,'2019TE','xgmd2a560qju174ssmf7ng','2019-05-27 23:57:41.253392',1,'05'),(344,'2019te','xr5u7px6zoj77ib6zywsa','2019-05-27 23:57:58.291565',1,'05'),(345,'2019TE','gfaj1noivna1upf7mslzo','2019-05-27 23:58:06.121226',1,'05'),(346,'2019TE','iv6hu3rzw9ioch2jmzy0pf','2019-05-27 23:58:11.378073',1,'05'),(347,'2019te','c5wetioeppfp5ptnur3ssq','2019-05-27 23:58:14.353014',1,'05'),(348,'2019TE','sy40geye89ng9p1n6k1gp','2019-05-27 23:58:33.958672',1,'06'),(349,'2019TE','zta1lflwczsaha0lytrpj','2019-05-27 23:58:41.822651',1,'07'),(350,'2019TE','7n69l33p24e6c0q1bucl89','2019-05-27 23:59:47.868525',1,'05'),(351,'2019TE','guqtx3fsep4g7fjy1us8os','2019-05-27 23:59:51.893222',1,'06'),(352,'2019TE','t0o2kvz9hubsdbu72wbl7','2019-05-28 00:00:19.358604',1,'05'),(353,'2019TE','k9qrt02ocbg2lh9p8tyy6x','2019-05-28 00:00:30.378547',1,'06'),(354,'2019TE','0x0inqmfkqdhtvxbfg7zsjq','2019-05-28 00:00:43.539082',1,'05'),(355,'2019TE','5177wvtk096nyhv5bad249','2019-05-28 00:00:44.654475',1,'06'),(356,'2019TE','5177wvtk096nyhv5bad249','2019-05-28 00:00:44.657730',1,'06'),(357,'2019TE','5177wvtk096nyhv5bad249','2019-05-28 00:00:44.709270',1,'06'),(358,'2019TE','5177wvtk096nyhv5bad249','2019-05-28 00:00:44.742765',1,'06'),(359,'2019TE','sfjhcx9wzw8gxgmgugjii','2019-05-28 00:00:56.493317',1,'05'),(360,'2019TE','b30so3an1k9g0aqdb3u6c','2019-05-28 00:01:15.353737',1,'05'),(361,'2019te','peoufo3bxrbtz5mm3w2kfc','2019-05-28 00:01:24.898119',1,'05'),(362,'2019TE','vpok17mo0raetbp8pbu4yu','2019-05-28 00:01:43.101594',1,'05'),(363,'2019TE','f4m9k6omwao4puxrv2t265','2019-05-28 00:01:52.052387',1,'06'),(364,'2019TE','bt7h0q6kohf5l01mdwybpi','2019-05-28 00:01:55.697911',1,'10'),(365,'2019te','0d0xqh9iblbba5xlihh14i9','2019-05-28 00:02:18.352751',1,'05'),(366,'2019TE','9tz2uah296p90ulnrp4l','2019-05-28 00:02:40.343409',1,'05'),(367,'2019TE','y9sxcu6d9v567npdfyatw','2019-05-28 00:02:40.547559',1,'05'),(368,'2019TE','c7ph2b6zl7s35bf7k49uuu','2019-05-28 00:04:28.924759',1,'06'),(369,'2019TE','7e5cxhqxj7uaftpl3d1spk','2019-05-28 00:04:35.445626',1,'06'),(370,'2019TE','8v8spmlc0ynp0ntqf4ylmg','2019-05-28 00:04:56.581783',1,'06'),(371,'2019TE','8v8spmlc0ynp0ntqf4ylmg','2019-05-28 00:04:56.716749',1,'06'),(372,'2019TE','s4ex41tldjebob5ocysx8v','2019-05-28 00:05:00.917298',1,'06'),(373,'2019TE','4gzqflaa4e4ml4qg73imm','2019-05-28 00:05:03.305118',1,'06'),(374,'2019te','xgs577lmqj239di71i6gl','2019-05-28 00:05:04.681766',1,'06'),(375,'2019TE','xirtrpv3g9o1l9rm0hgeld','2019-05-28 00:05:10.006791',1,'06'),(376,'2019TE','ntjytde876hnhsbji7x8u','2019-05-28 00:05:11.224729',1,'06'),(377,'2019TE','wc275abes9owvlrdt9u1c','2019-05-28 00:05:14.367558',1,'06'),(378,'2019TE','lghn0kwoz7si8ejekqc5fo','2019-05-28 00:05:20.018639',1,'06'),(379,'2019TE','30bsrodj4f5ewtxuizzwft','2019-05-28 00:05:20.144129',1,'06'),(380,'2019TE','co5xjyuiket4dut9lm9exv','2019-05-28 00:05:51.026311',1,'06'),(381,'2019TE','eu627mlvlqjki6wnkd49zm','2019-05-28 00:05:54.440389',1,'06'),(382,'2019TE','moke8agfmz3tjtwa02rjb','2019-05-28 00:05:57.978402',1,'06'),(383,'2019TE','vxshzlpr7e9kis6uhz2m8g','2019-05-28 00:05:58.737617',1,'06'),(384,'2019TE','tsv5fe7cbr8aysb7eyiyg9','2019-05-28 00:05:58.766396',1,'06'),(385,'2019TE','5cednfgy8ebyj6m3633w0o','2019-05-28 00:05:59.405496',1,'06'),(386,'2019TE','8dahcfgtkpuj7k8086omyf','2019-05-28 00:06:03.160483',1,'06'),(387,'2019TE','yvk82qs2uf8jtpqfspjy3','2019-05-28 00:06:28.456772',1,'06'),(388,'2019TE','e3swbjw3msex3b95id4var','2019-05-28 00:06:41.429389',1,'06'),(389,'2019TE','zikfvhizn5rdnlwatepx6d','2019-05-28 00:06:48.220484',1,'06'),(390,'2019TE','9md5voqmvivh3oo9aizml6','2019-05-28 00:07:58.794253',1,'07'),(391,'2019TE','ftqrsr7zhaltkxrb6qg298','2019-05-28 00:08:11.183575',1,'06'),(392,'2019TE','yt62bwu6xb9fltgp8poy8t','2019-05-28 00:09:36.853864',1,'06'),(393,'2019TE','oo465ubfu4gp2cu5bw2gta','2019-05-28 00:09:42.521256',1,'07'),(394,'2019TE','jmlr8vc6mlwdcvcqzhjfo','2019-05-28 00:11:09.140991',1,'06'),(395,'2019TE','r2zk58hka8afjwtc2qwb5w','2019-05-28 00:11:29.117236',1,'06'),(396,'2019TE','0kqwm0rzwuyagibrj5tjuu','2019-05-28 00:13:20.295160',1,'06'),(397,'2019','jcvrwxp20kkl1rdm4prkh','2019-05-28 00:13:22.593002',1,'06'),(398,'2019te','tntclchzandul3ln7rpwh','2019-05-28 00:13:37.321412',1,'06'),(399,'2019TE','6u1occ8iz92ro7h1e493','2019-05-28 00:14:54.766952',1,'06'),(400,'2019TE','2733o7s5hjvj03lraypd3t75','2019-05-28 00:15:49.948738',1,'06'),(401,'2019TE','s72mr3ttvfo2avegnp616','2019-05-28 00:17:59.682268',1,'07'),(402,'2019TE','bn54s3io6hpugqwgtcuinr','2019-05-28 00:22:24.748066',1,'07'),(403,'2019TE','3deknwdrf5hdvibmvb21r9','2019-05-28 00:24:15.740129',1,'04'),(404,'2019TE','a01ws20639y9g1u2gy1o','2019-05-28 00:28:47.085975',1,'04'),(405,'2019TE','dmj4z10ljkci1ch7iz39w','2019-05-28 00:30:24.490970',1,'04'),(406,'2019TE','iss5hezhaq9v5pzjwxe8u','2019-05-28 00:30:43.545501',1,'07'),(407,'2019','bf59g3velmt61jv9nl90li','2019-05-28 00:32:16.159159',1,'04'),(408,'2019TE','r4xetyzzjaj0yb8w19y1','2019-05-28 00:34:11.844247',1,'04'),(409,'2019TE','x7bk8zetrs9ccc6spmvf8n','2019-05-28 00:34:56.292625',1,'04'),(410,'2019','0sefpidn950gcdofu6vn4z','2019-05-28 00:35:31.915565',1,'04'),(411,'2019TE','mqw13onmwlefznfa35gmnf','2019-05-28 00:36:24.235299',1,'04'),(412,'2019TE','mqw13onmwlefznfa35gmnf','2019-05-28 00:36:43.767936',1,'04'),(413,'2019TE','mqw13onmwlefznfa35gmnf','2019-05-28 00:36:44.064926',1,'04'),(414,'2019TE','mqw13onmwlefznfa35gmnf','2019-05-28 00:36:44.066098',1,'04'),(415,'2019TE','mqw13onmwlefznfa35gmnf','2019-05-28 00:36:44.323860',1,'04'),(416,'2019TE','mqw13onmwlefznfa35gmnf','2019-05-28 00:36:44.626131',1,'04'),(417,'2019TE','clbg4b93yhxn3argkyej','2019-05-28 00:38:39.156772',1,'04'),(418,'2019TE','iwb1z15a9up1oztya5kwr','2019-05-28 00:39:29.337397',1,'04'),(419,'2019TE','tp6cl7pidt6tvx2xphoym','2019-05-28 00:41:10.029347',1,'04'),(420,'2019TE','6j5z24jeutdjpp54z3aoa','2019-05-28 00:43:15.401101',1,'04'),(421,'2019TE','f53xh7ru2hq4uh2qeyznc','2019-05-28 00:44:14.920580',1,'04'),(422,'2019','kjzm3msyddjinhf456by2j','2019-05-28 00:45:49.224663',1,'04'),(423,'2019TE','z262wahsstc3zsyeiwoxfw','2019-05-28 00:48:58.236782',1,'04'),(424,'2019TE','wl27edg12dtthd7ew0ain','2019-05-28 00:49:26.268330',1,'09'),(425,'2019TE','4janmd9wi5bo0elccoxgp','2019-05-28 00:49:42.983654',1,'04'),(426,'2019TE','1m2n1gr1ikthq8gcrghuoq','2019-05-28 00:51:52.842927',1,'01'),(427,'2019TE','e56k0ly8voja6xhb374xos','2019-05-28 00:52:08.795440',1,'04'),(428,'2019TE','8mlw2x1v5molbqw04yf08','2019-05-28 00:55:33.946625',1,'01'),(429,'2019TE','s3eq39f5ioe52vdssk1j13','2019-05-28 00:59:04.006752',1,'01'),(430,'2019TE','t01wdw4l1vm8ff79fdgovw','2019-05-28 00:59:05.644572',1,'04'),(431,'2019TE','lur0b53yuedbmeis05kskb','2019-05-28 01:01:24.053761',1,'01'),(432,'2019TE','ytvj2oq5anlw98r9t9f98q','2019-05-28 01:03:41.050083',1,'01'),(433,'2019TE','lewby9nlelb91o2abp0unq','2019-05-28 01:07:12.830948',1,'01'),(434,'2019TE','rl9iv8pnxuy5medd5yqwa','2019-05-28 01:25:53.168300',1,'07'),(435,'2019TE','r1vftx74r9des8s3729x5','2019-05-28 01:39:23.944807',1,'07'),(436,'2019TE','2w2r8nyk8btsfttuznhibm','2019-05-28 01:45:44.752662',1,'07'),(437,'2019TE','in1tb8ze9zyw2qnl20onj','2019-05-28 01:47:41.957874',1,'06'),(438,'2019TE','ne3clyjlo0qireaq3g8tzl','2019-05-28 02:10:03.017607',1,'01'),(439,'2019TE','p7tehta1trk6oqh1sq6hmw','2019-05-28 02:15:38.738882',1,'01'),(440,'2019TE','qm8bxl6kiprdhl7bmgh4vo','2019-05-28 02:17:57.165083',1,'01'),(441,'2019TE','n7fqvy507ren78k6zxex1g','2019-05-28 02:18:49.129374',1,'01'),(442,'2019TE','z05b6rn9mlg6gktge12lux','2019-05-28 02:22:48.084802',1,'01'),(443,'2019TE','zvv76g8ffylujk4oee5d','2019-05-28 02:24:43.200676',1,'01'),(444,'2019TE','u1wnyhdt5zn1kf9rsoh318','2019-05-28 02:26:32.106612',1,'01'),(445,'2019TE','m206oe2zit3p7o970rzjm','2019-05-28 02:27:02.662601',1,'01'),(446,'2019TE','265ee7fijer3ulyw4qsp5g','2019-05-28 02:28:21.530800',1,'01'),(447,'2019TE','pz1lxcy0ge8xicc2ys05','2019-05-28 02:30:45.728578',1,'01'),(448,'2019TE','cuic467zifqfytwr4e8ffl','2019-05-28 02:33:45.141779',1,'01'),(449,'2019TE','gp6ir1mhnkpdmfl37ycbk','2019-05-28 02:34:03.888376',1,'01'),(450,'2019TE','1xqzz6maelb2tumrtw6u1j','2019-05-28 02:37:52.830211',1,'01'),(451,'2019TE','0x00i5u1tas2257gw5qld8','2019-05-28 02:37:52.897816',1,'01'),(452,'2019TE','wapfcw0c72g6zvawy3udc9','2019-05-28 02:41:27.033016',1,'01'),(453,'2019TE','e3714i1t6rfh5t7cz3vl6i','2019-05-28 02:41:48.503117',1,'01'),(454,'2019TE','oi52lx37qv67f7t08pl0a','2019-05-28 02:42:08.806944',1,'01'),(455,'2019TE','l71lil97iced1a3ykn2i78','2019-05-28 02:43:49.569697',1,'01'),(456,'2019TE','ud54k31476frui5dt2xa8r','2019-05-28 02:45:19.049651',1,'03'),(457,'2019TE','294zpf6nsbfe8kzg2oh2r','2019-05-28 02:45:38.039127',1,'03'),(458,'2019TE','ecqq0anchda5bzbyygot','2019-05-28 02:45:38.973139',1,'03'),(459,'2019TE','g85e12yhr7c46gkl5cvyxo','2019-05-28 02:45:40.499862',1,'01'),(460,'2019TE','jdy8x2qr65cuxcvndwdng','2019-05-28 02:45:41.203503',1,'03'),(461,'2019te','lnxmk1y4htabf97vhvc3','2019-05-28 02:45:46.888647',1,'03'),(462,'2019te','gvhka404kcvsemwjgst2fi','2019-05-28 02:45:48.478506',1,'03'),(463,'2019te','x0hovzanz2nb5u1q5cg7kv','2019-05-28 02:45:48.497160',1,'03'),(464,'2019TE','pihh4a7mda9vhc2q1qnx9','2019-05-28 02:45:53.452241',1,'03'),(465,'2019TE','5zvir0ow4f6co1n2deeflk','2019-05-28 02:46:41.284636',1,'01'),(466,'2019TE','cwzjkspff7gnp1krtr9c1','2019-05-28 02:46:42.433679',1,'03'),(467,'2019TE','3e1erjrojyzey7fqbv51lw','2019-05-28 02:47:08.895714',1,'03'),(468,'20l9te','q0abt3ma4tc59rz1mfh2ku','2019-05-28 02:47:14.627470',1,'03'),(469,'2019TE','yvf96yreg6ltptdngn82','2019-05-28 02:47:14.964830',1,'01'),(470,'2019TE','xu31epp14eir95wh8s78le','2019-05-28 02:50:15.222610',1,'01'),(471,'2019TE','bja7mulsly9xetntjwv1ms','2019-05-28 02:51:19.650455',1,'01'),(472,'2019TE','j5kk8wju38nkns0gloxjzp','2019-05-28 02:53:37.985050',1,'08'),(473,'2019TE','137kfgx8h71o6d366tg98','2019-05-28 02:54:16.489916',1,'08'),(474,'2019TE','5e0rqjgfajv2kvizs9d99e','2019-05-28 02:56:28.449348',1,'08'),(475,'2019TE','w0qc1t8a3uhelm623lbze','2019-05-28 02:57:30.368227',1,'08'),(476,'2019TE','lw8bcffccphhmv32lhsyu','2019-05-28 03:01:34.993019',1,'10'),(477,'2019te','b5f2qzjzrsgfl5c8x3sq3j','2019-05-28 03:37:44.190611',1,'03'),(478,'2019TE','udzkeygpighzw0w7sgqu6','2019-05-28 03:38:34.142326',1,'03'),(479,'2019TE','lmvst6t8d7aypl30afomn','2019-05-28 03:38:36.460914',1,'03'),(480,'2019TE','bhlv9z3peogwsxked1z56s','2019-05-28 03:38:56.390444',1,'03'),(481,'2019te','gczw5w4nn9hfg0sx8vmbw','2019-05-28 03:39:04.804884',1,'03'),(482,'2019TE','6chodkby9bo4q0y9hweygd','2019-05-28 03:39:06.869488',1,'03'),(483,'2019te','qz2gw9juqlvn1cb7a1ufq','2019-05-28 03:39:13.864679',1,'03'),(484,'2019TE','oijjtnp4ib9qvn8zpjpro','2019-05-28 03:41:23.589625',1,'03'),(485,'2019TE','o9v46dugy12cqseopjl3v','2019-05-28 03:54:36.592732',1,'08'),(486,'2019TE','xxc6sf6y9gbzimtxoc6y7','2019-05-28 04:09:08.821055',1,'08'),(487,'2019TE','8rm1o5yp64xnhzf1uokau8','2019-05-28 04:54:39.159817',1,'09'),(488,'2019TE','5w3j1ej5wuz4zgmz93zmf','2019-05-28 21:44:45.888449',1,'08'),(489,'2019TE','c6nhj4z46qpclezcia5nim','2019-05-28 21:44:46.529716',1,'08'),(490,'2019TE','vedq8ygilubhed6i3g03d','2019-05-28 21:49:04.276742',1,'08'),(491,'2019TE','g1dmgxaibw8infncs7pt7m','2019-05-28 22:05:22.451691',1,'08'),(492,'2019TE','j8cmf50c10akc5qokv07c','2019-05-28 22:06:47.974775',1,'08'),(493,'2019TE','1otzx02giqjec12xt821gt','2019-05-28 22:11:23.072065',1,'08'),(494,'2019TE','bfttxcuzz7t7c9flpnbu27','2019-05-28 22:14:15.292485',1,'08'),(495,'2019TE','675fekpzhbkltrtey6tymn','2019-05-28 22:17:05.583705',1,'08'),(496,'2019TE','0w3uqa4ay9lh5xsd3rc6q','2019-05-28 22:18:08.758466',1,'08'),(497,'2019TR','it11xecc7vdt5x52jiufhr','2019-05-28 22:21:12.176332',1,'08'),(498,'2019TE','3sv2xy401zxh83pa8yxuf','2019-05-28 22:23:56.748367',1,'08'),(499,'2019TE','cy77497tznarnme8qctpy','2019-05-28 22:25:47.761311',1,'08'),(500,'2019TE','vg896c76cufu344y5y95q','2019-05-28 22:26:33.762557',1,'10'),(501,'2019TE','9jm7jocu0mtn4swsuzut3','2019-05-28 22:26:43.860112',1,'10'),(502,'2019TE','ilrdxod32ajujqb0zasnd','2019-05-28 23:03:50.428374',1,'08'),(503,'2019TE','f5cfolii73mcuaaekh0569','2019-05-28 23:11:49.117390',1,'08'),(504,'2019TE','olrlwhv2y6od4r2bjw7emb','2019-05-28 23:17:35.136213',1,'11'),(505,'2019TE','jhupvbkwwkkm4qz2949i6p','2019-05-28 23:18:12.672609',1,'08'),(506,'2019TE','5k3rjr8jeetf8npga0umgc','2019-05-28 23:18:50.212054',1,'08'),(507,'2019TE','xq4f3nkoeljjjre8ey6kh','2019-05-28 23:20:08.003264',1,'11'),(508,'2019TE','xq4f3nkoeljjjre8ey6kh','2019-05-28 23:20:11.157889',1,'11'),(509,'2019TE','xq4f3nkoeljjjre8ey6kh','2019-05-28 23:20:13.027106',1,'11'),(510,'2019TE','a54assja4u5ot21hr8gj2','2019-05-28 23:20:50.815699',1,'11'),(511,'2019TE','6gmhw6o6glrvb6wcxr0rzt','2019-05-28 23:23:05.332816',1,'11'),(512,'2019TE','mfnik2jc5is98nxveqxb','2019-05-28 23:25:03.769015',1,'08'),(513,'2019TE','xc97uucrwzag3faitud8','2019-05-28 23:26:55.583494',1,'08'),(514,'2019TE','rsn9cip9esa97ystw2apj','2019-05-28 23:27:57.886902',1,'08'),(515,'2019TE','kd6nmvj41clagc9ma4qsqb','2019-05-28 23:29:26.664398',1,'11'),(516,'2019TE','9azm4g8l60owttdyys3ekr','2019-05-28 23:30:13.987710',1,'11'),(517,'2019TE','z8ya4lbw3iaeif7bwtgwo','2019-05-28 23:34:14.809807',1,'11'),(518,'2019TE','c052mexm3hkckgv75ysrj','2019-05-28 23:41:12.856709',1,'08'),(519,'2019TE','kgz0vj5l0qi5j62jp6cr','2019-05-29 23:38:57.510963',1,'10'),(520,'2019TE','kgz0vj5l0qi5j62jp6cr','2019-05-29 23:38:57.664600',1,'10'),(521,'2019TE','kgz0vj5l0qi5j62jp6cr','2019-05-29 23:38:58.357046',1,'10'),(522,'2019TE','lyft8gbu2icfho5f0orht','2019-05-29 23:40:09.398861',1,'10'),(523,'2019TE','oqh4rjvdq88hh7lamxvj8j','2019-05-29 23:41:35.367854',1,'10');
/*!40000 ALTER TABLE `teacher_student` ENABLE KEYS */;
UNLOCK TABLES;

--
-- Table structure for table `teacher_survey`
--

DROP TABLE IF EXISTS `teacher_survey`;
/*!40101 SET @saved_cs_client     = @@character_set_client */;
/*!40101 SET character_set_client = utf8 */;
CREATE TABLE `teacher_survey` (
  `id` int(11) NOT NULL AUTO_INCREMENT,
  `name` varchar(256) NOT NULL,
  `requester` varchar(256) NOT NULL,
  `description` varchar(1024) NOT NULL,
  `subject` varchar(256) NOT NULL,
  `created` datetime(6) NOT NULL,
  `locked` tinyint(1) NOT NULL,
  `url` varchar(512) NOT NULL,
  PRIMARY KEY (`id`)
) ENGINE=InnoDB AUTO_INCREMENT=2 DEFAULT CHARSET=latin1;
/*!40101 SET character_set_client = @saved_cs_client */;

--
-- Dumping data for table `teacher_survey`
--

LOCK TABLES `teacher_survey` WRITE;
/*!40000 ALTER TABLE `teacher_survey` DISABLE KEYS */;
INSERT INTO `teacher_survey` VALUES (1,'Teacher Evaluation','Dr. G','Teacher Evaluation Survey','Evaluation','2019-05-21 07:10:58.510029',0,'');
/*!40000 ALTER TABLE `teacher_survey` ENABLE KEYS */;
UNLOCK TABLES;
/*!40103 SET TIME_ZONE=@OLD_TIME_ZONE */;

/*!40101 SET SQL_MODE=@OLD_SQL_MODE */;
/*!40014 SET FOREIGN_KEY_CHECKS=@OLD_FOREIGN_KEY_CHECKS */;
/*!40014 SET UNIQUE_CHECKS=@OLD_UNIQUE_CHECKS */;
/*!40101 SET CHARACTER_SET_CLIENT=@OLD_CHARACTER_SET_CLIENT */;
/*!40101 SET CHARACTER_SET_RESULTS=@OLD_CHARACTER_SET_RESULTS */;
/*!40101 SET COLLATION_CONNECTION=@OLD_COLLATION_CONNECTION */;
/*!40111 SET SQL_NOTES=@OLD_SQL_NOTES */;

-- Dump completed on 2021-01-09  7:57:22
